id,name,f101_str,f116_int,skills(id:lv)x9,raw_hex
1,黃權,35,109,11:3 10:1 12:1 6:1 3:3 4:1 9:4 2:1 17:2,0100000004b6c0c5760000000000001152010000000000000000000000000000000000000000000000000000000000000000000000000000000000000000008000d06b0b030a010c010601030304010904020111020000000000000000000000000000000023240015073e3c0d0802a00f0102016d00000000000000000000001100000000000000000000000000000000000000879b0500007800000000000000000000000000000000000000000000000000000000000000000000000000000000
2,張繡,61,45,4:3 16:1 15:3 1:1 17:1 2:2 10:3 11:3 3:2,0200000004b169c2b80000000000000fdb0200000000000000000000000000000000000000000000000000000000000000000000000000000000000000000080001c70040310010f030101110102020a030b030302000000000000000000000000000000003d25001322333f1012011d100403032d00000000000000000000000f00000000000000000000000000000000000000a1770b0000e501000000000000000000000000000000000000000000000000000000000000000000000000000000
3,張郃,88,37,7:1 14:1 16:3 13:2 11:3 1:2 6:1 8:2 3:3,0300000004b169ada80000000000000952664e00000000000000000000000000000000000000000000000000000000000000000000000000000000000000008000b47807010e0110030d020b03010206010802030300000000000000000000000000000000582700351235411f140217110b02022500000000000000000000000f00000000000000000000000000000000000000bccb200000a001000000000000000000000000000000000000000000000000000000000000000000000000000000
4,董承,55,37,14:1 3:1 11:3 5:3 4:1 8:1 12:2 1:4 7:1,0400000004b8b3a9d30000000000000b52040000000000000000000000000000000000000000000000000000000000000000000000000000000000000000008000b4780e0103010b030503040108010c020104070100000000000000000000000000000000372700141c2f4110120217110201012500000000000000000000000e000000000000000000000000000000000000009bd80900007c01000000000000000000000000000000000000000000000000000000000000000000000000000000
5,孔融,37,101,6:1 7:2 8:3 1:1 9:1 12:3 2:2 13:1 18:3,0500000004a4d5bfc400000000000012520500000000000000000000000000000000000000000000000000000000000000000000000000000000000000000080008467060107020803010109010c0302020d011203000000000000000000000000000000002523000c15533b0a0b01230f04030165000000000000000000000013000000000000000000000000000000000000008974040000e200000000000000000000000000000000000000000000000000000000000000000000000000000000
6,劉岱,46,37,3:2 13:1 7:3 18:2 9:1 16:4 5:1 12:2 11:2,0600000004bc42a9a700000000000004db060000000000000000000000000000000000000000000000000000000000000000000000000000000000000000008000941103020d01070312020901100405010c020b02000000000000000000000000000000002e09001117070f0d0f02d0070201012500000000000000000000000d00000000000000000000000000000000000000921c0700001c01000000000000000000000000000000000000000000000000000000000000000000000000000000
7,魏續,53,37,9:1 10:2 17:1 15:1 16:1 18:1 11:4 5:2 13:4,0700000004c351c4f20000000000000952070000000000000000000000000000000000000000000000000000000000000000000000000000000000000000008000bc1b09010a0211010f01100112010b0405020d0400000000000000000000000000000000350d00131b22170f1102d007020105250000000000000000000000090000000000000000000000000000000000000099380900006401000000000000000000000000000000000000000000000000000000000000000000000000000000
8,陳琳,22,237,3:4 9:1 7:1 14:1 12:1 4:4 11:2 17:1 13:2,0800000004b3afb559000000000000195208000000000000000000000000000000000000000000000000000000000000000000000000000000000000000000800074400304090107010e010c0104040b0211010d02000000000000000000000000000000001619000907442b060d01410a030403ed000000000000000000000013000000000000000000000000000000000000007a1c0200007d00000000000000000000000000000000000000000000000000000000000000000000000000000000
9,許攸,36,37,9:1 17:2 12:2 13:1 16:2 6:1 15:4 1:1 11:3,0900000004b35ca7f100000000000018520900000000000000000000000000000000000000000000000000000000000000000000000000000000000000000080003421090111020c020d01100206010f0401010b0300000000000000000000000000000000240f000c144a1a0a0b01d0070403042500000000000000000000000e000000000000000000000000000000000000008838040000da00000000000000000000000000000000000000000000000000000000000000000000000000000000
10,臧霸,67,40,10:1 4:2 18:1 15:1 16:3 17:2 13:2 14:4 9:3,0a00000004bb4ec551000000000000fada0a0000000000000000000000000000000000000000000000000000000000000000000000000000000000000000008000d06b0a01040212010f01100311020d020e04090300000000000000000000000000000000432400280e173c180f02a00f0102022800000000000000000000000800000000000000000000000000000000000000a7461400001a01000000000000000000000000000000000000000000000000000000000000000000000000000000
11,張勳,50,37,2:2 12:1 6:1 1:3 8:1 16:2 18:1 7:3 9:1,0b00000004b169beb1000000000000ceda0b0000000000000000000000000000000000000000000000000000000000000000000000000000000000000000008000004b02020c01060101030801100212010703090100000000000000000000000000000000321c001e0a212f120b02b80b0102052500000000000000000000000d0000000000000000000000000000000000000096900b0000be00000000000000000000000000000000000000000000000000000000000000000000000000000000
12,高覽,61,37,5:1 13:2 4:2 3:2 6:1 1:4 16:2 7:1 8:1,0c00000004b0aac4fd00000000000013520c0000000000000000000000000000000000000000000000000000000000000000000000000000000000000000008000085205010d020402030206010104100207010801000000000000000000000000000000003d1e00250d1b32160e02b20c0102012500000000000000000000000c00000000000000000000000000000000000000a112110000f600000000000000000000000000000000000000000000000000000000000000000000000000000000
13,呂翔,57,4,2:3 10:1 7:1 6:1 8:2 15:2 14:1 1:4 3:3,0d00000004a766b5be0000000000000a520d0000000000000000000000000000000000000000000000000000000000000000000000000000000000000000008000941102030a010701060108020f020e010104030300000000000000000000000000000000390900151d1010101202d00702010504000000000000000000000004000000000000000000000000000000000000009d8c0a00009401000000000000000000000000000000000000000000000000000000000000000000000000000000
14,呂曠,56,4,11:4 9:1 10:1 13:1 8:3 5:1 14:2 6:1 15:2,0e00000004a766c36d000000000000ecda0e000000000000000000000000000000000000000000000000000000000000000000000000000000000000000000800088130b0409010a010d01080305010e0206010f0200000000000000000000000000000000380a00141c1312101202d00702010504000000000000000000000004000000000000000000000000000000000000009c320a00008801000000000000000000000000000000000000000000000000000000000000000000000000000000
15,朱靈,47,33,5:2 18:1 9:3 2:3 13:1 6:1 15:1 3:1 11:2,0f00000004a6b6c64600000000000009db0f0000000000000000000000000000000000000000000000000000000000000000000000000000000000000000008000881305021201090302030d0106010f0103010b02000000000000000000000000000000002f0a001c0a1611110b02d007010205210000000000000000000000070000000000000000000000000000000000000093280a0000af00000000000000000000000000000000000000000000000000000000000000000000000000000000
16,辛毗,17,109,8:3 2:3 9:1 13:1 5:1 16:2 10:1 15:4 14:1,1000000004a8afac7300000000000011db10000000000000000000000000000000000000000000000000000000000000000000000000000000000000000000800064960803020309010d01050110020a010f040e0100000000000000000000000000000000112d000609514c0605017c150403046d0000000000000000000000120000000000000000000000000000000000000075270100005400000000000000000000000000000000000000000000000000000000000000000000000000000000
17,龐德,88,44,7:2 1:1 4:2 16:1 5:1 14:1 18:1 2:3 13:1,1100000004c365bc7700000000000009525b4e000000000000000000000000000000000000000000000000000000000000000000000000000000000000000080003863070201010402100105010e01120102030d010000000000000000000000000000000058220035122e3a1f1402a60e0b02022c00000000000000000000000e00000000000000000000000000000000000000bccb200000a001000000000000000000000000000000000000000000000000000000000000000000000000000000
18,韓遂,65,109,11:1 12:1 15:1 1:4 8:1 5:1 7:3 10:1 13:1,1200000004c1fab9450000000000001652120000000000000000000000000000000000000000000000000000000000000000000000000000000000000000008000b4780b010c010f0101040801050107030a010d0100000000000000000000000000000000412700270d3342170f0217110102016d00000000000000000000001100000000000000000000000000000000000000a52e1300000e01000000000000000000000000000000000000000000000000000000000000000000000000000000
19,楊秋,56,4,7:1 11:1 18:2 1:4 12:1 5:3 13:1 16:1 15:2,1300000004b7a8acee0000000000000d52130000000000000000000000000000000000000000000000000000000000000000000000000000000000000000008000b80b07010b01120201040c0105030d0110010f0200000000000000000000000000000000380600141c0c0b101202d00702010504000000000000000000000002000000000000000000000000000000000000009c320a00008801000000000000000000000000000000000000000000000000000000000000000000000000000000
20,文聘,66,3,11:3 17:2 3:2 1:4 9:4 4:2 7:3 8:2 13:2,1400000004a4e5b875000000000000c4da140000000000000000000000000000000000000000000000000000000000000000000000000000000000000000008000a05a0b0311020302010409040402070308020d0200000000000000000000000000000000422000280e3b36180f02ac0d0102020300000000000000000000000800000000000000000000000000000000000000a6ba1300001401000000000000000000000000000000000000000000000000000000000000000000000000000000
21,張允,48,38,12:1 17:1 15:1 18:1 2:3 6:1 11:1 10:1 9:4,1500000004b169a4b90000000000001752150000000000000000000000000000000000000000000000000000000000000000000000000000000000000000008000e8350c0111010f011201020306010b010a010904000000000000000000000000000000003016001d0a3525120b02ca080102052600000000000000000000000d0000000000000000000000000000000000000094a00a0000b400000000000000000000000000000000000000000000000000000000000000000000000000000000
22,王粲,17,103,14:1 8:1 4:4 10:1 17:1 11:3 15:1 18:2 1:1,1600000004a4fddf540000000000001952160000000000000000000000000000000000000000000000000000000000000000000000000000000000000000008000ec5e0e01080104040a0111010b030f01120201010000000000000000000000000000000011210007064e37060601290e010604670000000000000000000000120000000000000000000000000000000000000075720100004300000000000000000000000000000000000000000000000000000000000000000000000000000000
23,傅巽,32,37,17:2 11:1 7:1 18:3 5:1 13:1 8:2 2:3 1:1,1700000004b3c5b453000000000000dcda170000000000000000000000000000000000000000000000000000000000000000000000000000000000000000008000004b11020b010701120305010d0108020203010100000000000000000000000000000000201c000b12422f090901b80b0403042500000000000000000000000f000000000000000000000000000000000000008457030000ba00000000000000000000000000000000000000000000000000000000000000000000000000000000
24,張燕,55,33,4:2 16:3 13:2 17:2 12:1 6:1 8:2 10:1 5:2,1800000004b169bf500000000000001452180000000000000000000000000000000000000000000000000000000000000000000000000000000000000000008000d06b040210030d0211020c01060108020a01050200000000000000000000000000000000372400210b1f3d140d02a00f01020121000000000000000000000009000000000000000000000000000000000000009b010e0000d700000000000000000000000000000000000000000000000000000000000000000000000000000000
25,卞喜,54,4,17:1 3:3 4:1 1:3 9:1 8:1 18:2 16:1 12:1,1900000004a4cbb3df000000000000c5da190000000000000000000000000000000000000000000000000000000000000000000000000000000000000000008000a00f110103030401010309010801120210010c0100000000000000000000000000000000360800141b1b0e0f1102d00702010504000000000000000000000004000000000000000000000000000000000000009a880900007001000000000000000000000000000000000000000000000000000000000000000000000000000000
26,曹操,78,255,1:2 4:3 10:3 6:3 17:4 0:1 13:1 3:3 9:2,1a00000004b1e4bede0000000000001d52214e00000000000000000000000000000000000000000000000000000000000000000000000000000000000000008000ccd8010204030a030603110400010d0103030902000000000000000000000000000000004e39002a1261601f1002581b0b0501ff00000000000000000000001800000000000000000000000000000000000000b27e1d00002201000000000000000000000000000000000000000000000000000000000000000000000000000000
27,司馬懿,64,255,12:4 7:1 2:1 4:1 9:2 10:2 3:1 11:3 16:2,1b00000006a571b0a8c574000000001952304e0000000000000000000000000000000000000000000000000000000000000000000000000000000000000000800064960c0407010201040109020a0203010b03100200000000000000000000000000000000402d001e16564b1316017c150b0603ff00000000000000000000001900000000000000000000000000000000000000a40e1000007601000000000000000000000000000000000000000000000000000000000000000000000000000000
29,張遼,87,229,3:2 7:2 4:1 17:1 16:3 12:1 6:1 13:1 5:1,1d00000004b169bff10000000000003a52684e000000000000000000000000000000000000000000000000000000000000000000000000000000000000000080005091030207020401110110030c0106010d01050100000000000000000000000000000000572c003412444a1f1402b4140b0202e500000000000000000000001400000000000000000000000000000000000000bb212000009901000000000000000000000000000000000000000000000000000000000000000000000000000000
31,夏侯惇,89,45,1:3 18:1 14:4 17:2 8:2 15:1 11:1 7:3 3:2,1f00000006ae4cab4ab1ac000000001f52264e000000000000000000000000000000000000000000000000000000000000000000000000000000000000000080002887010312010e04110208020f010b010703030200000000000000000000000000000000592a00351248461f140224130b02022d00000000000000000000000f00000000000000000000000000000000000000bd75210000a701000000000000000000000000000000000000000000000000000000000000000000000000000000
36,于禁,68,101,10:1 16:1 11:1 7:2 6:1 15:1 8:2 17:2 3:1,2400000004a45fb85400000000000009522b4e00000000000000000000000000000000000000000000000000000000000000000000000000000000000000008000007d0a0110010b01070206010f0108021102030100000000000000000000000000000000442800290e2244180f0294110b02026500000000000000000000001100000000000000000000000000000000000000a8d21400002001000000000000000000000000000000000000000000000000000000000000000000000000000000
37,李典,67,237,15:4 2:4 5:1 10:3 16:1 8:2 18:2 11:3 3:2,2500000004a7f5a8e500000000000019522f4e0000000000000000000000000000000000000000000000000000000000000000000000000000000000000000800054560f04020405010a031001080212020b03030200000000000000000000000000000000431f00152531351113012f0d0e0303ed00000000000000000000001500000000000000000000000000000000000000a79d0d00003f02000000000000000000000000000000000000000000000000000000000000000000000000000000
38,曹真,56,45,13:2 1:1 5:2 2:1 7:1 11:4 12:1 4:1 16:3,2600000004b1e4af75000000000000fbda2600000000000000000000000000000000000000000000000000000000000000000000000000000000000000000080001c700d0201010502020107010b040c010401100300000000000000000000000000000000382500220c2c3f140d021d100102012d00000000000000000000000e000000000000000000000000000000000000009c830e0000dc00000000000000000000000000000000000000000000000000000000000000000000000000000000
39,荀攸,39,231,13:1 1:2 17:1 5:2 18:4 3:1 15:1 11:3 8:1,2700000004affba7f10000000000000e52270000000000000000000000000000000000000000000000000000000000000000000000000000000000000000008000789b0d01010211010502120403010f010b03080100000000000000000000000000000000272e00120d564d0c0d014416010604e7000000000000000000000016000000000000000000000000000000000000008b59060000b400000000000000000000000000000000000000000000000000000000000000000000000000000000
40,陳宮,45,237,9:3 10:2 4:2 1:2 14:1 16:2 5:1 18:1 15:1,2800000004b3afae63000000000000e3da280000000000000000000000000000000000000000000000000000000000000000000000000000000000000000008000386309030a02040201020e011002050112010f01000000000000000000000000000000002d2200150f433a0e0f01a60e0b0603ed00000000000000000000001600000000000000000000000000000000000000914d080000da00000000000000000000000000000000000000000000000000000000000000000000000000000000
43,程昱,28,237,8:1 2:2 5:1 12:4 14:1 3:1 15:1 6:2 11:2,2b00000004b57bac520000000000001952344e00000000000000000000000000000000000000000000000000000000000000000000000000000000000000008000d06b0801020205010c040e0103010f0106020b02000000000000000000000000000000001c24000d0a4e3d090a01a00f0b0603ed00000000000000000000001600000000000000000000000000000000000000807a0300007800000000000000000000000000000000000000000000000000000000000000000000000000000000
44,夏侯淵,87,45,8:2 16:3 9:3 15:1 5:2 7:2 4:1 11:4 17:2,2c00000006ae4cab4ab257000000002252294e0000000000000000000000000000000000000000000000000000000000000000000000000000000000000000800028870802100309030f010502070204010b04110200000000000000000000000000000000572a0034122c461f140224130b02022d00000000000000000000000f00000000000000000000000000000000000000bb212000009901000000000000000000000000000000000000000000000000000000000000000000000000000000
45,徐晃,86,45,9:4 8:2 15:1 2:3 12:1 10:1 11:2 13:2 14:4,2d00000004ae7daecc0000000000002152284e00000000000000000000000000000000000000000000000000000000000000000000000000000000000000008000ec5e090408020f0102030c010a010b020d020e040000000000000000000000000000000056210034122f371e1302290e0b02022d00000000000000000000000f00000000000000000000000000000000000000ba771f00009201000000000000000000000000000000000000000000000000000000000000000000000000000000
46,滿寵,29,101,1:2 17:1 16:2 13:3 6:2 5:3 15:1 9:2 3:1,2e00000004baa1c3640000000000000fdb2e000000000000000000000000000000000000000000000000000000000000000000000000000000000000000000800050910102110110020d03060205030f0109020301000000000000000000000000000000001d2c000c09434a081101b4140304046500000000000000000000001100000000000000000000000000000000000000817f030000b200000000000000000000000000000000000000000000000000000000000000000000000000000000
47,賈詡,29,255,14:1 18:2 6:4 1:3 2:1 3:1 10:2 9:3 8:1,2f00000004b8ebe048000000000000324e324e0000000000000000000000000000000000000000000000000000000000000000000000000000000000000000800068740e01120206040103020103010a0209030801000000000000000000000000000000001d26000d0a57400a0a019a100e0603ff0000000000000000000000180000000000000000000000000000000000000081b10300007d00000000000000000000000000000000000000000000000000000000000000000000000000000000
56,曹休,68,37,18:1 13:2 12:1 8:2 6:1 16:1 3:2 11:4 15:1,3800000004b1e4a5f000000000000004db380000000000000000000000000000000000000000000000000000000000000000000000000000000000000000008000d06b12010d020c0108020601100103020b040f0100000000000000000000000000000000442400290e313c180f02a00f0102012500000000000000000000000f00000000000000000000000000000000000000a8d21400002001000000000000000000000000000000000000000000000000000000000000000000000000000000
57,曹仁,73,37,17:1 2:1 10:1 18:1 13:2 14:3 8:1 9:3 16:2,3900000004b1e4a4af0000000000000c522c4e000000000000000000000000000000000000000000000000000000000000000000000000000000000000000080001c70110102010a0112010d020e03080109031002000000000000000000000000000000004925002c0f303f1a11021d100b02022500000000000000000000000e00000000000000000000000000000000000000ad9d1700003e01000000000000000000000000000000000000000000000000000000000000000000000000000000
59,樂進,66,37,6:1 12:1 4:2 2:3 1:1 18:1 17:1 13:2 7:3,3b00000004bcd6b6690000000000000d522e4e00000000000000000000000000000000000000000000000000000000000000000000000000000000000000008000007d06010c01040202030101120111010d02070300000000000000000000000000000000422800280e2e44180f0294110b02022500000000000000000000000e00000000000000000000000000000000000000a6ba1300001401000000000000000000000000000000000000000000000000000000000000000000000000000000
61,曹洪,58,36,14:3 3:3 10:1 4:2 9:4 16:3 5:1 2:1 6:1,3d00000004b1e4ac780000000000000d522a4e00000000000000000000000000000000000000000000000000000000000000000000000000000000000000008000d06b0e0303030a01040209041003050102010601000000000000000000000000000000003a2400230c343c150d02a00f0b020124000000000000000000000009000000000000000000000000000000000000009e870f0000e600000000000000000000000000000000000000000000000000000000000000000000000000000000
64,典韋,93,36,1:2 16:2 9:4 3:3 15:1 14:1 7:2 2:2 12:1,4000000004a8e5adb30000000000002052274e00000000000000000000000000000000000000000000000000000000000000000000000000000000000000008000004b01021002090403030f010e01070202020c01000000000000000000000000000000005d1c0038131030211502b80b0b02022400000000000000000000000800000000000000000000000000000000000000c13b240000c301000000000000000000000000000000000000000000000000000000000000000000000000000000
67,夏侯尚,61,101,13:1 17:1 7:1 16:2 5:1 18:1 15:1 2:1 1:1,4300000006ae4cab4aa97c00000000f4da430000000000000000000000000000000000000000000000000000000000000000000000000000000000000000008000004b0d01110107011002050112010f0102010101000000000000000000000000000000003d1c00250d2130160e02b80b0102026500000000000000000000000f00000000000000000000000000000000000000a112110000f600000000000000000000000000000000000000000000000000000000000000000000000000000000
68,夏侯德,63,33,13:2 14:3 9:1 16:3 12:1 5:2 10:1 8:2 7:3,4400000006ae4cab4abc770000000006db4400000000000000000000000000000000000000000000000000000000000000000000000000000000000000000080007c470d020e03090110030c0105020a0108020703000000000000000000000000000000003f1b00260d262d170e023b0b0102022100000000000000000000000700000000000000000000000000000000000000a3201200000201000000000000000000000000000000000000000000000000000000000000000000000000000000
70,曹純,46,101,15:1 13:1 3:2 9:3 11:2 14:3 6:1 18:1 16:2,4600000004b1e4afc2000000000000115246000000000000000000000000000000000000000000000000000000000000000000000000000000000000000000800084670f010d01030209030b020e03060112011002000000000000000000000000000000002e23001c0a3c3b110b02230f010203650000000000000000000000100000000000000000000000000000000000000092b0090000aa00000000000000000000000000000000000000000000000000000000000000000000000000000000
72,孫禮,61,108,7:3 15:1 3:3 17:1 10:1 9:3 14:2 4:1 2:2,4800000004ae5dc2a7000000000000e4da4800000000000000000000000000000000000000000000000000000000000000000000000000000000000000000080001c7007030f01030311010a0109030e0204010202000000000000000000000000000000003d2500250d403e160e021d100102036c00000000000000000000001100000000000000000000000000000000000000a112110000f600000000000000000000000000000000000000000000000000000000000000000000000000000000
74,牛金,66,5,8:2 7:3 1:2 12:1 16:1 6:1 15:1 5:2 14:2,4a00000004a4fbaaf7000000000000e5da4a0000000000000000000000000000000000000000000000000000000000000000000000000000000000000000008000e02e0802070301020c01100106010f0105020e0200000000000000000000000000000000421400280e1522180f02d0070102020500000000000000000000000700000000000000000000000000000000000000a6ba1300001401000000000000000000000000000000000000000000000000000000000000000000000000000000
75,荀彧,27,255,5:2 8:1 12:1 11:2 3:1 2:2 17:3 13:1 4:4,4b00000004affbd17b0000000000001952334e000000000000000000000000000000000000000000000000000000000000000000000000000000000000000080005cc1050208010c010b020301020211030d010404000000000000000000000000000000001b35000c095a59090901581b0b0601ff000000000000000000000018000000000000000000000000000000000000007f430300007300000000000000000000000000000000000000000000000000000000000000000000000000000000
76,州泰,49,37,13:1 4:1 10:1 3:2 17:1 16:2 7:1 8:1 2:3,4c00000004a67baef5000000000000c1da4c0000000000000000000000000000000000000000000000000000000000000000000000000000000000000000008000a05a0d0104010a01030211011002070108010203000000000000000000000000000000003120001d0a3236120b02ac0d0102052500000000000000000000000e0000000000000000000000000000000000000095180b0000b900000000000000000000000000000000000000000000000000000000000000000000000000000000
79,陳群,27,229,5:1 4:4 7:1 12:3 1:2 17:1 11:2 6:3 10:1,4f00000004b3afb8730000000000000f524f0000000000000000000000000000000000000000000000000000000000000000000000000000000000000000008000b4780501040407010c03010211010b0206030a01000000000000000000000000000000001b27000c095c420909011711010604e5000000000000000000000013000000000000000000000000000000000000007f430300007300000000000000000000000000000000000000000000000000000000000000000000000000000000
80,韓浩,62,12,16:4 14:1 15:1 7:3 10:1 9:2 6:1 18:1 12:2,5000000004c1faaf450000000000000fdb500000000000000000000000000000000000000000000000000000000000000000000000000000000000000000008000ec5e10040e010f0107030a010902060112010c02000000000000000000000000000000003e2100191244380f2501290e0304040c00000000000000000000000900000000000000000000000000000000000000a2560e00001902000000000000000000000000000000000000000000000000000000000000000000000000000000
85,許褚,93,4,14:3 3:3 15:1 2:2 1:4 7:2 8:2 16:1 6:1,5500000004b35cbb750000000000001e52254e00000000000000000000000000000000000000000000000000000000000000000000000000000000000000008000d06b0e0303030f01020201040702080210010601000000000000000000000000000000005d240038130e3c211502a00f0b02020400000000000000000000000600000000000000000000000000000000000000c13b240000c301000000000000000000000000000000000000000000000000000000000000000000000000000000
86,車胄,55,40,17:1 11:4 8:2 2:2 12:1 3:3 1:3 5:3 4:1,5600000004a8aead480000000000000bdb560000000000000000000000000000000000000000000000000000000000000000000000000000000000000000008000744011010b04080202020c01030301030503040100000000000000000000000000000000371900141c392a101202410a0201042800000000000000000000000d000000000000000000000000000000000000009bd80900007c01000000000000000000000000000000000000000000000000000000000000000000000000000000
91,司馬孚,20,109,11:2 6:1 9:2 14:1 18:1 7:4 13:1 1:2 16:1,5b00000006a571b0a8a7b700000000efda5b0000000000000000000000000000000000000000000000000000000000000000000000000000000000000000008000b4780b02060109020e01120107040d01010210010000000000000000000000000000000014270008064642060c0117110304046d0000000000000000000000100000000000000000000000000000000000000078c20100006e00000000000000000000000000000000000000000000000000000000000000000000000000000000
92,郭嘉,20,255,11:2 16:1 12:3 3:1 17:3 10:2 5:2 15:1 8:1,5c00000004b3a2b9c50000000000001952314e0000000000000000000000000000000000000000000000000000000000000000000000000000000000000000800064960b0210010c03030111030a0205020f01080100000000000000000000000000000000142d000907544c0707017c150b0603ff0000000000000000000000180000000000000000000000000000000000000078db0100005000000000000000000000000000000000000000000000000000000000000000000000000000000000
93,賈逵,44,237,7:4 12:3 15:1 16:3 18:2 2:1 8:1 5:2 9:1,5d00000004b8ebb666000000000000f0da5d0000000000000000000000000000000000000000000000000000000000000000000000000000000000000000008000ec5e07040c030f01100312020201080105020901000000000000000000000000000000002c2100120d4c370b1a01290e030404ed0000000000000000000000130000000000000000000000000000000000000090800700003b01000000000000000000000000000000000000000000000000000000000000000000000000000000
94,王朗,18,44,13:1 11:2 9:3 3:1 16:1 7:1 1:3 12:4 18:3,5e00000004a4fdaed400000000000010db5e000000000000000000000000000000000000000000000000000000000000000000000000000000000000000000800054560d010b02090303011001070101030c04120300000000000000000000000000000000121f0008063d350706012f0d0106012c00000000000000000000000a0000000000000000000000000000000000000076950100004700000000000000000000000000000000000000000000000000000000000000000000000000000000
95,夏侯恩,50,36,9:1 15:1 14:1 12:1 8:3 10:1 3:3 16:1 18:2,5f00000006ae4cab4aaea600000000e4da5f0000000000000000000000000000000000000000000000000000000000000000000000000000000000000000008000242c09010f010e010c0108030a010303100112020000000000000000000000000000000032130012192d210e1002d007020105240000000000000000000000070000000000000000000000000000000000000096480800004001000000000000000000000000000000000000000000000000000000000000000000000000000000
97,毛玠,45,37,16:4 15:1 8:1 6:2 9:2 11:1 5:3 17:1 18:2,6100000004a4f2cd6b00000000000011db610000000000000000000000000000000000000000000000000000000000000000000000000000000000000000008000545610040f010801060209020b01050311011202000000000000000000000000000000002d1f00120d4f350b1b012f0d0304042500000000000000000000000e0000000000000000000000000000000000000091d00700004501000000000000000000000000000000000000000000000000000000000000000000000000000000
98,董昭,35,45,10:1 14:1 6:1 16:2 4:4 17:3 15:1 13:1 1:3,6200000004b8b3ac4c000000000000f1da6200000000000000000000000000000000000000000000000000000000000000000000000000000000000000000080007c470a010e0106011002040411030f010d01010300000000000000000000000000000000231b00100c422e0b0c013b0b0106042d00000000000000000000000d00000000000000000000000000000000000000872d0500009e00000000000000000000000000000000000000000000000000000000000000000000000000000000
101,曹昂,59,37,16:1 6:1 10:1 8:3 2:2 17:1 7:1 5:3 11:2,6500000004b1e4a9f9000000000000e7da650000000000000000000000000000000000000000000000000000000000000000000000000000000000000000008000789b100106010a01080302021101070105030b02000000000000000000000000000000003b2e00161e264d11130244160201012500000000000000000000000e000000000000000000000000000000000000009f400b0000ac01000000000000000000000000000000000000000000000000000000000000000000000000000000
102,呂虔,57,32,15:1 7:4 13:2 3:3 12:3 8:1 2:1 11:2 9:2,6600000004a766b04000000000000053cb660000000000000000000000000000000000000000000000000000000000000000000000000000000000000000008000f03c0f0107040d0203030c03080102010b02090200000000000000000000000000000000391800171134290e2201c40903040520000000000000000000000005000000000000000000000000000000000000009d3f0c0000d201000000000000000000000000000000000000000000000000000000000000000000000000000000
103,吳質,26,45,2:1 16:2 12:2 3:4 17:1 18:2 10:1 7:1 8:1,6700000004a764bde80000000000001852670000000000000000000000000000000000000000000000000000000000000000000000000000000000000000008000ec5e020110020c020304110112020a0107010801000000000000000000000000000000001a21000b084838071001290e0304042d00000000000000000000000f000000000000000000000000000000000000007eda0200009b00000000000000000000000000000000000000000000000000000000000000000000000000000000
105,劉曄,18,237,9:1 8:4 18:3 4:1 2:3 7:2 13:1 14:1 6:2,6900000004bc42bee70000000000001952354e0000000000000000000000000000000000000000000000000000000000000000000000000000000000000000800064960901080412030401020307020d010e01060200000000000000000000000000000000122d00060a4a4b0605017c150e0304ed0000000000000000000000140000000000000000000000000000000000000076400100005900000000000000000000000000000000000000000000000000000000000000000000000000000000
108,胡車兒,75,37,13:2 2:1 9:4 1:1 7:2 10:1 5:2 15:1 11:4,6c00000006ad4aa8aea8e000000000f8da6c000000000000000000000000000000000000000000000000000000000000000000000000000000000000000000800068290d0202010904010107020a0105020f010b04000000000000000000000000000000004b12002d0f091f1b1102d0070102022500000000000000000000000d00000000000000000000000000000000000000afbf1800004a01000000000000000000000000000000000000000000000000000000000000000000000000000000
109,王修,23,37,6:1 3:1 10:1 13:3 16:1 4:4 9:2 18:2 2:1,6d00000004a4fdadd7000000000000dfda6d0000000000000000000000000000000000000000000000000000000000000000000000000000000000000000008000ec5e060103010a010d0310010404090212020201000000000000000000000000000000001721000a074037070e01290e0304042500000000000000000000000e000000000000000000000000000000000000007b490200008500000000000000000000000000000000000000000000000000000000000000000000000000000000
110,閻圃,24,109,4:4 3:1 18:3 8:1 14:1 12:1 11:2 1:1 9:1,6e00000004c046ae45000000000000f2da6e0000000000000000000000000000000000000000000000000000000000000000000000000000000000000000008000d06b04040301120308010e010c010b0201010901000000000000000000000000000000001824000a084c3c080801a00f0106016d000000000000000000000011000000000000000000000000000000000000007ca30200006400000000000000000000000000000000000000000000000000000000000000000000000000000000
115,耿紀,25,101,14:1 18:1 5:1 16:4 7:2 1:2 8:1 11:1 4:4,7300000004afd5acf60000000000000cdb73000000000000000000000000000000000000000000000000000000000000000000000000000000000000000000800038630e011201050110040702010208010b010404000000000000000000000000000000001922000a083c39070f01a60e03040365000000000000000000000010000000000000000000000000000000000000007da30200009400000000000000000000000000000000000000000000000000000000000000000000000000000000
117,司馬朗,21,44,2:1 6:2 7:3 1:2 10:1 3:4 12:3 15:1 18:2,7500000006a571b0a8aed40000000053cb750000000000000000000000000000000000000000000000000000000000000000000000000000000000000000008000007d02010602070301020a0103040c030f0112020000000000000000000000000000000015280009064e43060d0194110304042c00000000000000000000000d0000000000000000000000000000000000000079ef0100007600000000000000000000000000000000000000000000000000000000000000000000000000000000
118,陳矯,19,101,6:2 12:1 15:1 7:4 4:2 5:3 10:1 14:1 17:1,7600000004b3afc142000000000000eeda7600000000000000000000000000000000000000000000000000000000000000000000000000000000000000000080001c7006020c010f010704040205030a010e011101000000000000000000000000000000001325000806493e060b011d100304016500000000000000000000001000000000000000000000000000000000000000779f0100006800000000000000000000000000000000000000000000000000000000000000000000000000000000
119,蔣幹,9,46,17:1 18:3 15:2 6:1 11:2 8:4 12:1 3:1 1:1,7700000004bdb1b74600000000000053cb7700000000000000000000000000000000000000000000000000000000000000000000000000000000000000000080006829110112030f0206010b0208040c0103010101000000000000000000000000000000000912000305071e040301d0070203032e00000000000000000000000f000000000000000000000000000000000000006d820000002900000000000000000000000000000000000000000000000000000000000000000000000000000000
120,楊修,20,255,17:2 14:1 10:3 3:2 5:1 1:1 12:4 7:2 18:2,7800000004b7a8add7000000000000ddda7800000000000000000000000000000000000000000000000000000000000000000000000000000000000000000080007c4711020e010a030302050101010c040702120200000000000000000000000000000000141b00070b502d0606013b0b040303ff0000000000000000000000170000000000000000000000000000000000000078720100006400000000000000000000000000000000000000000000000000000000000000000000000000000000
121,鍾繇,9,109,11:3 14:1 17:2 13:1 2:2 12:4 9:1 16:1 10:1,7900000004c1e9edd9000000000000deda790000000000000000000000000000000000000000000000000000000000000000000000000000000000000000008000004b0b030e0111020d0102020c04090110010a0100000000000000000000000000000000091c000403582f040301b80b0106046d000000000000000000000011000000000000000000000000000000000000006d9b0000002000000000000000000000000000000000000000000000000000000000000000000000000000000000
123,潘璋,63,34,8:1 3:2 4:2 9:4 7:1 2:2 6:1 10:1 12:1,7b00000004bcefbcfd000000000000c8da7b0000000000000000000000000000000000000000000000000000000000000000000000000000000000000000008000ac2608010302040209040701020206010a010c01000000000000000000000000000000003f1100260d151d170e02d0070102022200000000000000000000000600000000000000000000000000000000000000a3201200000201000000000000000000000000000000000000000000000000000000000000000000000000000000
124,傅士仁,48,36,14:1 10:2 7:2 17:1 6:1 15:1 8:3 12:1 5:4,7c00000006b3c5a468a4af00000000e9da7c0000000000000000000000000000000000000000000000000000000000000000000000000000000000000000008000f4010e010a020702110106010f0108030c01050400000000000000000000000000000000300100121825020e0f02d0070201052400000000000000000000000a0000000000000000000000000000000000000094b20700002e01000000000000000000000000000000000000000000000000000000000000000000000000000000
125,法正,48,255,11:3 9:1 17:1 10:1 7:1 4:4 14:1 12:1 1:2,7d00000004aa6ba5bf00000000000012db7d00000000000000000000000000000000000000000000000000000000000000000000000000000000000000000080001c700b03090111010a01070104040e010c010102000000000000000000000000000000003025001610513e0f10011d10010603ff00000000000000000000001700000000000000000000000000000000000000946a090000ed00000000000000000000000000000000000000000000000000000000000000000000000000000000
126,嚴顏,81,109,8:1 15:1 11:2 3:1 14:3 4:1 2:3 10:1 18:1,7e00000004c459c34300000000000017527e00000000000000000000000000000000000000000000000000000000000000000000000000000000000000000080003c8c08010f010b0203010e03040102030a01120100000000000000000000000000000000512b0031113c491d1202ec130102026d00000000000000000000001000000000000000000000000000000000000000b54d1c00006f01000000000000000000000000000000000000000000000000000000000000000000000000000000
127,吳懿,66,109,5:2 1:3 9:4 11:4 15:1 12:1 13:1 4:2 18:1,7f00000004a764c57400000000000005db7f0000000000000000000000000000000000000000000000000000000000000000000000000000000000000000008000b4780502010309040b040f010c010d010402120100000000000000000000000000000000422700280e4342180f0217110102036d00000000000000000000001100000000000000000000000000000000000000a6ba1300001401000000000000000000000000000000000000000000000000000000000000000000000000000000
128,吳班,55,36,6:1 5:2 14:3 3:2 17:2 7:3 12:1 16:2 8:1,8000000004a764af5a0000000000000952800000000000000000000000000000000000000000000000000000000000000000000000000000000000000000008000a05a060105020e030302110207030c011002080100000000000000000000000000000000372000210b2e36140d02ac0d01020524000000000000000000000009000000000000000000000000000000000000009b010e0000d700000000000000000000000000000000000000000000000000000000000000000000000000000000
129,雷銅,66,33,2:2 18:1 15:1 5:1 3:2 9:4 6:1 10:1 16:3,8100000004b970bbc9000000000000eada810000000000000000000000000000000000000000000000000000000000000000000000000000000000000000008000e835020212010f0105010302090406010a01100300000000000000000000000000000000421600280e1926180f02ca080102022100000000000000000000000900000000000000000000000000000000000000a6ba1300001401000000000000000000000000000000000000000000000000000000000000000000000000000000
130,孟達,55,109,18:1 2:3 10:2 11:3 4:1 17:1 1:1 15:1 16:1,8200000004a973b946000000000000deda820000000000000000000000000000000000000000000000000000000000000000000000000000000000000000008000e803120102030a020b030401110101010f01100100000000000000000000000000000000370200141c2e04101202d0070201016d000000000000000000000010000000000000000000000000000000000000009bd80900007c01000000000000000000000000000000000000000000000000000000000000000000000000000000
131,吳蘭,69,5,14:4 7:3 11:3 18:1 3:1 1:1 17:1 9:1 12:1,8300000004a764c4f5000000000000f5da83000000000000000000000000000000000000000000000000000000000000000000000000000000000000000000800064320e0407030b03120103010101110109010c0100000000000000000000000000000000451500290e28241910024d080102020500000000000000000000000800000000000000000000000000000000000000a95e1500002601000000000000000000000000000000000000000000000000000000000000000000000000000000
132,劉循,50,37,13:1 15:2 2:4 9:1 10:3 1:1 3:2 14:1 17:1,8400000004bc42b46000000000000008db8400000000000000000000000000000000000000000000000000000000000000000000000000000000000000000080001c700d010f02020409010a03010103020e01110100000000000000000000000000000000322500101c203f0d0f011d100403032500000000000000000000000b0000000000000000000000000000000000000096e40700005e01000000000000000000000000000000000000000000000000000000000000000000000000000000
133,李恢,39,109,13:1 8:4 10:1 16:2 2:3 1:1 14:1 12:4 6:2,8500000004a7f5abec000000000000c3da8500000000000000000000000000000000000000000000000000000000000000000000000000000000000000000080001c700d0108040a011002020301010e010c040602000000000000000000000000000000002725000d16433e0a0b011d100403036d000000000000000000000011000000000000000000000000000000000000008bec040000f200000000000000000000000000000000000000000000000000000000000000000000000000000000
134,呂義,61,37,14:1 8:2 5:1 18:1 16:3 4:2 6:1 2:1 3:2,8600000004a766b871000000000000d5da86000000000000000000000000000000000000000000000000000000000000000000000000000000000000000000800064320e0108020501120110030402060102010302000000000000000000000000000000003d1500250d2924160e024d080102012500000000000000000000000e00000000000000000000000000000000000000a112110000f600000000000000000000000000000000000000000000000000000000000000000000000000000000
135,董和,53,41,10:1 2:1 7:3 4:3 8:1 14:2 3:4 6:1 9:2,8700000004b8b3a94d000000000000125287000000000000000000000000000000000000000000000000000000000000000000000000000000000000000000800068290a0102010703040308010e020304060109020000000000000000000000000000000035120016103e1f0d2001d0070304042900000000000000000000000b0000000000000000000000000000000000000099af0a00009e01000000000000000000000000000000000000000000000000000000000000000000000000000000
136,王甫,23,108,18:2 16:1 1:3 2:1 4:4 10:1 8:1 7:4 6:1,8800000004a4fda86a00000000000012db8800000000000000000000000000000000000000000000000000000000000000000000000000000000000000000080001c70120210010103020104040a01080107040601000000000000000000000000000000001725000a073d3e070e011d100304026c000000000000000000000010000000000000000000000000000000000000007b490200008500000000000000000000000000000000000000000000000000000000000000000000000000000000
137,費詩,25,109,9:1 2:1 13:3 11:2 6:2 10:1 18:1 14:2 5:3,8900000004b64fb8d600000000000013db8900000000000000000000000000000000000000000000000000000000000000000000000000000000000000000080003863090102010d030b0206020a0112010e020503000000000000000000000000000000001922000a084a39070f01a60e0304046d000000000000000000000011000000000000000000000000000000000000007da30200009400000000000000000000000000000000000000000000000000000000000000000000000000000000
138,許靖,18,109,16:3 2:1 9:2 17:1 11:2 8:1 7:3 6:2 13:2,8a00000004b35cb97400000000000011db8a0000000000000000000000000000000000000000000000000000000000000000000000000000000000000000008000545610030201090211010b020801070306020d0200000000000000000000000000000000121f0008064834060b012f0d0304046d00000000000000000000001000000000000000000000000000000000000000767c0100006200000000000000000000000000000000000000000000000000000000000000000000000000000000
139,陳震,32,37,3:4 12:3 14:2 5:3 15:1 1:1 2:1 7:2 17:1,8b00000004b3afbe5f000000000000ddda8b0000000000000000000000000000000000000000000000000000000000000000000000000000000000000000008000342103040c030e0205030f01010102010702110100000000000000000000000000000000200f000d0a4319091301d0070304042500000000000000000000000f00000000000000000000000000000000000000842e040000cb00000000000000000000000000000000000000000000000000000000000000000000000000000000
140,周倉,73,36,11:4 13:1 17:1 9:2 7:3 5:2 4:2 12:1 3:3,8c00000004a950addc0000000000003452524e00000000000000000000000000000000000000000000000000000000000000000000000000000000000000008000004b0b040d01110109020703050204020c01030300000000000000000000000000000000491c002c0f172f1a1102b80b0b02022400000000000000000000000600000000000000000000000000000000000000ad9d1700003e01000000000000000000000000000000000000000000000000000000000000000000000000000000
141,馬超,93,33,18:1 8:2 1:1 14:3 15:1 2:3 4:1 7:2 5:1,8d00000004b0a8b65700000000000036525a4e00000000000000000000000000000000000000000000000000000000000000000000000000000000000000008000789b1201080201010e030f010203040107020501000000000000000000000000000000005d2e0038131d4e21150244160b02012100000000000000000000000900000000000000000000000000000000000000c13b240000c301000000000000000000000000000000000000000000000000000000000000000000000000000000
143,黃忠,89,101,3:3 12:1 1:4 9:1 11:3 15:1 18:1 10:1 2:2,8f00000004b6c0a9be00000000000011524c4e000000000000000000000000000000000000000000000000000000000000000000000000000000000000000080003c8c03030c01010409010b030f0112010a01020200000000000000000000000000000000592b00351242491f1402ec130d02026500000000000000000000001000000000000000000000000000000000000000bd75210000a701000000000000000000000000000000000000000000000000000000000000000000000000000000
144,李嚴,80,111,16:1 7:2 5:2 8:1 9:2 6:1 1:2 13:2 14:4,9000000004a7f5c459000000000000d6da9000000000000000000000000000000000000000000000000000000000000000000000000000000000000000000080003c8c10010702050208010902060101020d020e0400000000000000000000000000000000502b0030102b491c1202ec130102026f00000000000000000000001400000000000000000000000000000000000000b4ad1b00006801000000000000000000000000000000000000000000000000000000000000000000000000000000
145,魏延,88,37,3:1 2:2 10:1 4:1 5:2 16:2 18:1 7:2 1:4,9100000004c351a9b50000000000000d524b4e000000000000000000000000000000000000000000000000000000000000000000000000000000000000000080000852030102020a0104010502100212010702010400000000000000000000000000000000581e0035121f321f1402b20c0b02022500000000000000000000000e00000000000000000000000000000000000000bccb200000a001000000000000000000000000000000000000000000000000000000000000000000000000000000
146,霍峻,58,108,18:1 4:3 8:3 9:1 7:2 13:1 16:2 2:4 11:1,9200000004c04eae6d000000000000c9da920000000000000000000000000000000000000000000000000000000000000000000000000000000000000000008000ec5e120104030803090107020d01100202040b01000000000000000000000000000000003a210012202d380f1101290e0403036c000000000000000000000010000000000000000000000000000000000000009e730a0000be01000000000000000000000000000000000000000000000000000000000000000000000000000000
147,趙範,29,37,5:2 2:2 3:1 9:1 6:1 11:3 8:1 17:1 16:1,9300000004bbafbd64000000000000dada9300000000000000000000000000000000000000000000000000000000000000000000000000000000000000000080006c39050202020301090106010b03080111011001000000000000000000000000000000001d17000b0f31270909022e090201012500000000000000000000000d00000000000000000000000000000000000000816b0300009000000000000000000000000000000000000000000000000000000000000000000000000000000000
148,鞏志,43,44,13:2 14:3 15:1 4:1 10:2 1:4 7:2 11:2 3:2,9400000004be64a7d3000000000000dfda940000000000000000000000000000000000000000000000000000000000000000000000000000000000000000008000ac260d020e030f0104010a02010407020b020302000000000000000000000000000000002b11001016321d0d0e02d0070201052c00000000000000000000000e000000000000000000000000000000000000008f590600000101000000000000000000000000000000000000000000000000000000000000000000000000000000
149,劉琦,8,110,1:1 3:2 18:2 2:4 8:4 16:2 4:3 13:1 10:2,9500000004bc42b561000000000000deda9500000000000000000000000000000000000000000000000000000000000000000000000000000000000000000080003c8c01010302120202040804100204030d010a0200000000000000000000000000000000082b0003043f49040301ec130403036e000000000000000000000011000000000000000000000000000000000000006c730000002400000000000000000000000000000000000000000000000000000000000000000000000000000000
150,伊籍,16,111,14:2 16:4 1:2 15:1 17:1 9:2 10:1 6:2 12:3,9600000004a5ecc479000000000000efda960000000000000000000000000000000000000000000000000000000000000000000000000000000000000000008000b4780e02100401020f01110109020a0106020c030000000000000000000000000000000010270007055541050a0117110304046f0000000000000000000000140000000000000000000000000000000000000074360100005600000000000000000000000000000000000000000000000000000000000000000000000000000000
151,劉度,22,44,9:2 1:2 18:2 17:1 10:1 13:3 14:1 11:2 7:3,9700000004bc42abd70000000000001952970000000000000000000000000000000000000000000000000000000000000000000000000000000000000000008000846709020102120211010a010d030e010b0207030000000000000000000000000000000016230009073a3b060d01230f0304012c00000000000000000000000f000000000000000000000000000000000000007a1c0200007d00000000000000000000000000000000000000000000000000000000000000000000000000000000
153,孟獲,81,44,9:1 2:3 17:2 14:3 13:2 16:1 11:1 6:1 7:2,9900000004a973c0f2000000000000f9da99000000000000000000000000000000000000000000000000000000000000000000000000000000000000000000800014820901020311020e030d0210010b010601070200000000000000000000000000000000512900311109451d12025c120102012c00000000000000000000000a00000000000000000000000000000000000000b54d1c00006f01000000000000000000000000000000000000000000000000000000000000000000000000000000
156,廖化,52,37,9:4 2:3 13:1 4:1 3:3 1:2 18:1 12:1 7:3,9c00000004b9f9a4c60000000000001a52534e00000000000000000000000000000000000000000000000000000000000000000000000000000000000000008000ec5e090402030d0104010303010212010c010703000000000000000000000000000000003421001f0b2837130c02290e0b02012500000000000000000000000e00000000000000000000000000000000000000988a0c0000c800000000000000000000000000000000000000000000000000000000000000000000000000000000
157,諸葛亮,52,255,11:3 2:2 8:1 7:1 3:1 16:1 18:4 1:3 12:3,9d00000006bdd1b8afab47000000003552544e00000000000000000000000000000000000000000000000000000000000000000000000000000000000000008000f0d20b0302020801070103011001120401030c03000000000000000000000000000000003438001812615e101201581b0b0603ff0000000000000000000000190000000000000000000000000000000000000098f00a00000a01000000000000000000000000000000000000000000000000000000000000000000000000000000
158,關羽,96,231,9:4 6:1 13:2 16:3 10:1 8:2 15:1 14:3 7:1,9e00000004c3f6a6d00000000000003052484e0000000000000000000000000000000000000000000000000000000000000000000000000000000000000000800014cd090406010d0210030a0108020f010e030701000000000000000000000000000000006037003a14445c221602581b0b0202e700000000000000000000001400000000000000000000000000000000000000c461260000d801000000000000000000000000000000000000000000000000000000000000000000000000000000
159,趙雲,95,239,3:1 9:4 4:1 5:1 13:2 16:1 15:1 17:2 18:1,9f00000004bbafb6b300000000000032524a4e0000000000000000000000000000000000000000000000000000000000000000000000000000000000000000800080bb03010904040105010d0210010f0111021201000000000000000000000000000000005f340039134858211502581b0b0202ef00000000000000000000001600000000000000000000000000000000000000c3a3250000d101000000000000000000000000000000000000000000000000000000000000000000000000000000
161,徐庶,59,255,17:2 10:1 8:1 2:1 6:1 11:3 4:3 18:4 14:1,a100000004ae7db1660000000000001952564e00000000000000000000000000000000000000000000000000000000000000000000000000000000000000008000a0a511020a010801020106010b03040312040e01000000000000000000000000000000003b30001b144e50121401d417010603ff000000000000000000000018000000000000000000000000000000000000009fd40d00004201000000000000000000000000000000000000000000000000000000000000000000000000000000
162,龐統,60,255,15:2 17:1 10:2 9:2 5:2 12:4 16:1 11:1 18:3,a200000004c365b2ce0000000000001952554e00000000000000000000000000000000000000000000000000000000000000000000000000000000000000008000a0a50f0211010a02090205020c0410010b011203000000000000000000000000000000003c30001c145550121401d417010603ff00000000000000000000001900000000000000000000000000000000000000a0420e00004a01000000000000000000000000000000000000000000000000000000000000000000000000000000
163,劉備,74,109,11:2 10:1 15:1 5:3 6:1 3:4 12:2 16:4 7:4,a300000004bc42b3c60000000000002e52464e0000000000000000000000000000000000000000000000000000000000000000000000000000000000000000800060ea0b020a010f010503060103040c0210040704000000000000000000000000000000004a3c001e164c64122c01581b0c04016d00000000000000000000001200000000000000000000000000000000000000aeec130000f102000000000000000000000000000000000000000000000000000000000000000000000000000000
165,張飛,97,164,9:3 1:4 11:3 17:2 6:1 18:1 16:1 12:1 2:2,a500000004b169adb80000000000003152494e000000000000000000000000000000000000000000000000000000000000000000000000000000000000000080006c39090301040b0311020601120110010c010202000000000000000000000000000000006117003a1414272216022e090b0202a400000000000000000000000c00000000000000000000000000000000000000c51f270000df01000000000000000000000000000000000000000000000000000000000000000000000000000000
170,鄧芝,40,109,5:1 12:1 7:4 17:1 9:1 1:3 3:3 16:4 14:1,aa00000004be48aadb0000000000000e52aa0000000000000000000000000000000000000000000000000000000000000000000000000000000000000000008000649605010c010704110109010103030310040e0100000000000000000000000000000000282d00100c464b0a18017c150304046d000000000000000000000012000000000000000000000000000000000000008c400600001301000000000000000000000000000000000000000000000000000000000000000000000000000000
184,陳登,51,37,17:3 2:1 16:2 11:2 7:1 10:1 12:3 14:1 15:2,b800000004b3afb56e000000000000e0dab800000000000000000000000000000000000000000000000000000000000000000000000000000000000000000080001c701103020110020b0207010a010c030e010f02000000000000000000000000000000003325001711403f1011011d100106042500000000000000000000000f00000000000000000000000000000000000000978c0a00000201000000000000000000000000000000000000000000000000000000000000000000000000000000
187,胡班,47,37,18:1 2:3 12:1 17:1 13:2 11:2 5:1 3:2 10:2,bb00000004ad4aaf5a000000000000c2dabb00000000000000000000000000000000000000000000000000000000000000000000000000000000000000000080007440120102030c0111010d020b02050103020a02000000000000000000000000000000002f19001118272a0e0f02410a020105250000000000000000000000090000000000000000000000000000000000000093670700002501000000000000000000000000000000000000000000000000000000000000000000000000000000
188,沙摩柯,74,4,7:3 2:1 4:1 12:1 6:1 1:3 13:2 17:2 11:1,bc00000006a846bcafac5f0000000017dbbc0000000000000000000000000000000000000000000000000000000000000000000000000000000000000000008000f0230703020104010c01060101030d0211020b01000000000000000000000000000000004a10002c0f061c1a1102d0070102020400000000000000000000000200000000000000000000000000000000000000ae2e1800004401000000000000000000000000000000000000000000000000000000000000000000000000000000
194,糜芳,54,36,3:1 2:3 17:1 11:4 15:2 12:2 5:1 4:1 8:1,c200000004c153aada000000000000cddac20000000000000000000000000000000000000000000000000000000000000000000000000000000000000000008000d0070301020311010b040f020c0205010401080100000000000000000000000000000000360400141b06070f1102d00702010524000000000000000000000007000000000000000000000000000000000000009a880900007001000000000000000000000000000000000000000000000000000000000000000000000000000000
195,傅彤,58,37,6:1 3:2 14:2 18:1 13:4 11:1 10:2 15:1 7:1,c300000004b3c5a7cd00000000000002dbc30000000000000000000000000000000000000000000000000000000000000000000000000000000000000000008000ec5e060103020e0212010d040b010a020f010701000000000000000000000000000000003a2100151d3338101302290e0201032500000000000000000000000f000000000000000000000000000000000000009ee60a0000a001000000000000000000000000000000000000000000000000000000000000000000000000000000
200,趙累,26,37,12:3 11:1 18:2 16:4 10:1 17:1 4:4 15:1 9:2,c800000004bbafb2d6000000000000e0dac80000000000000000000000000000000000000000000000000000000000000000000000000000000000000000008000ec5e0c030b01120210040a01110104040f010902000000000000000000000000000000001a21000b083838071001290e0304042500000000000000000000000d000000000000000000000000000000000000007eda0200009b00000000000000000000000000000000000000000000000000000000000000000000000000000000
203,孫乾,22,109,1:2 6:1 8:1 11:1 14:2 2:1 3:4 4:1 17:1,cb00000004ae5db0ae0000000000000ddbcb0000000000000000000000000000000000000000000000000000000000000000000000000000000000000000008000b4aa0102060108010b010e0202010304040111010000000000000000000000000000000016310009074953060d019c180304046d000000000000000000000012000000000000000000000000000000000000007a1c0200007d00000000000000000000000000000000000000000000000000000000000000000000000000000000
208,馮習,53,33,15:2 13:2 11:2 16:1 2:1 18:2 10:2 9:1 12:1,d000000004b6beb2df00000000000007dbd00000000000000000000000000000000000000000000000000000000000000000000000000000000000000000008000f03c0f020d020b021001020112020a0209010c0100000000000000000000000000000000351800131b16290f1102c409020105210000000000000000000000090000000000000000000000000000000000000099380900006401000000000000000000000000000000000000000000000000000000000000000000000000000000
209,曹豹,59,1,1:1 6:1 7:2 17:1 14:2 11:1 10:2 9:1 5:4,d100000004b1e4b05c00000000000002dbd10000000000000000000000000000000000000000000000000000000000000000000000000000000000000000008000e80301010601070211010e020b010a0209010504000000000000000000000000000000003b0200161e0204111302d00702010501000000000000000000000002000000000000000000000000000000000000009f400b0000ac01000000000000000000000000000000000000000000000000000000000000000000000000000000
210,簡雍,34,237,9:2 5:1 16:3 3:2 7:2 12:1 17:1 15:1 6:1,d200000004c2b2b96c0000000000000e52d20000000000000000000000000000000000000000000000000000000000000000000000000000000000000000008000ec5e090205011003030207020c0111010f010601000000000000000000000000000000002221000e0a4e37091401290e030404ed0000000000000000000000120000000000000000000000000000000000000086a6040000dd00000000000000000000000000000000000000000000000000000000000000000000000000000000
211,糜竺,19,109,4:3 8:1 13:1 10:1 9:2 18:2 3:3 15:1 12:2,d300000004c153aac70000000000000cdbd30000000000000000000000000000000000000000000000000000000000000000000000000000000000000000008000a0a5040308010d010a010902120203030f010c020000000000000000000000000000000013300008064f51060b01d4170304046d00000000000000000000001200000000000000000000000000000000000000779f0100006800000000000000000000000000000000000000000000000000000000000000000000000000000000
214,陳珪,8,37,1:2 12:3 8:1 6:1 18:2 17:1 5:3 11:2 10:1,d600000004b3afaf5e00000000000053cbd60000000000000000000000000000000000000000000000000000000000000000000000000000000000000000008000b47801020c03080106011202110105030b020a01000000000000000000000000000000000827000403444203050117110304042500000000000000000000000f000000000000000000000000000000000000006c780000002800000000000000000000000000000000000000000000000000000000000000000000000000000000
216,尹默,17,109,13:2 15:1 12:2 7:4 8:1 14:1 18:2 5:2 6:2,d800000004a4a8c0710000000000000f52d8000000000000000000000000000000000000000000000000000000000000000000000000000000000000000000800034210d020f010c02070408010e0112020502060200000000000000000000000000000000110f000705501a050a01d0070304046d0000000000000000000000100000000000000000000000000000000000000075590100005c00000000000000000000000000000000000000000000000000000000000000000000000000000000
217,孫堅,87,110,5:1 11:4 13:1 8:2 14:4 7:3 2:1 4:2 10:1,d900000004ae5db0ed0000000000002552364e00000000000000000000000000000000000000000000000000000000000000000000000000000000000000008000a4b505010b040d0108020e040703020104020a0100000000000000000000000000000000573300341232561f1402581b0b02016e00000000000000000000001100000000000000000000000000000000000000bb212000009901000000000000000000000000000000000000000000000000000000000000000000000000000000
218,程普,58,110,5:1 9:2 12:3 10:4 15:1 1:2 11:1 13:2 3:2,da00000004b57bb4b60000000000000c523d4e000000000000000000000000000000000000000000000000000000000000000000000000000000000000000080006496050109020c030a040f0101020b010d020302000000000000000000000000000000003a2d001f0d454c170c027c150105036e000000000000000000000012000000000000000000000000000000000000009ee0100000c000000000000000000000000000000000000000000000000000000000000000000000000000000000
219,孫靜,45,37,12:2 1:3 7:1 13:2 2:3 16:1 14:2 15:2 18:1,db00000004ae5dc0520000000000000952db000000000000000000000000000000000000000000000000000000000000000000000000000000000000000000800008520c02010307010d02020310010e020f021201000000000000000000000000000000002d1e00101732320d0f02b20c0201052500000000000000000000000d0000000000000000000000000000000000000091d10600001301000000000000000000000000000000000000000000000000000000000000000000000000000000
221,甘寧,91,102,18:1 11:3 15:1 16:2 8:1 3:1 12:1 6:1 4:1,dd00000004a5ccb9e7000000000000394e394e00000000000000000000000000000000000000000000000000000000000000000000000000000000000000008000d06b12010b030f011002080103010c0106010401000000000000000000000000000000005b240037131b3d201502a00f0102026600000000000000000000001100000000000000000000000000000000000000bfd3220000b501000000000000000000000000000000000000000000000000000000000000000000000000000000
222,蘇飛,52,36,10:1 18:1 17:2 14:2 1:2 16:3 15:1 6:1 5:2,de00000004c4acadb8000000000000d3dade000000000000000000000000000000000000000000000000000000000000000000000000000000000000000000800084670a01120111020e02010210030f0106010502000000000000000000000000000000003423001f0b123b130c02230f0302012400000000000000000000000a00000000000000000000000000000000000000988a0c0000c800000000000000000000000000000000000000000000000000000000000000000000000000000000
223,周瑜,73,255,15:3 2:4 18:1 10:1 3:4 17:4 6:1 12:3 9:2,df00000004a950b7ec0000000000002d52444e00000000000000000000000000000000000000000000000000000000000000000000000000000000000000008000a8de0f03020412010a010304110406010c03090200000000000000000000000000000000493a00271155611d0f02581b0d0503ff00000000000000000000001900000000000000000000000000000000000000ad0e1a00000901000000000000000000000000000000000000000000000000000000000000000000000000000000
224,陸遜,67,255,8:4 15:3 16:1 1:1 18:2 13:1 4:1 5:1 2:4,e000000004b3b0bbb90000000000001952434e0000000000000000000000000000000000000000000000000000000000000000000000000000000000000000800080bb08040f031001010112020d010401050102040000000000000000000000000000000043340015255b58111301581b020303ff00000000000000000000001800000000000000000000000000000000000000a79d0d00003f02000000000000000000000000000000000000000000000000000000000000000000000000000000
225,呂蒙,76,255,2:2 18:1 10:4 8:2 12:3 16:1 3:2 7:1 6:1,e100000004a766bb5800000000000013523f4e000000000000000000000000000000000000000000000000000000000000000000000000000000000000000080008ca0020212010a0408020c031001030207010601000000000000000000000000000000004c2f0029114e4f1e10020c17010503ff00000000000000000000001700000000000000000000000000000000000000b0161c00001801000000000000000000000000000000000000000000000000000000000000000000000000000000
226,孫策,88,111,2:3 4:2 7:1 3:1 1:4 11:3 13:2 10:1 15:1,e200000004ae5db5a60000000000002652374e00000000000000000000000000000000000000000000000000000000000000000000000000000000000000008000f0d2020304020701030101040b030d020a010f010000000000000000000000000000000058380035123e5e1f1402581b0b02016f00000000000000000000001200000000000000000000000000000000000000bccb200000a001000000000000000000000000000000000000000000000000000000000000000000000000000000
227,孫權,71,239,2:3 17:4 8:2 4:1 7:1 1:2 3:4 15:2 5:1,e300000004ae5dc5760000000000002752384e0000000000000000000000000000000000000000000000000000000000000000000000000000000000000000800014cd02031104080204010701010203040f0205010000000000000000000000000000000047370026104e5d1c0f02581b0b0501ef00000000000000000000001500000000000000000000000000000000000000abba180000ff00000000000000000000000000000000000000000000000000000000000000000000000000000000
228,魯肅,36,255,14:1 10:3 15:1 16:1 8:4 1:1 3:2 5:1 12:2,e400000004be7cb5c20000000000001952424e00000000000000000000000000000000000000000000000000000000000000000000000000000000000000008000a4b50e010a030f01100108040101030205010c02000000000000000000000000000000002433000c1455550a0b01581b040303ff000000000000000000000017000000000000000000000000000000000000008838040000da00000000000000000000000000000000000000000000000000000000000000000000000000000000
229,朱桓,75,103,8:2 12:1 16:2 2:1 4:2 9:1 7:2 17:2 15:1,e500000004a6b6aed90000000000000a52e50000000000000000000000000000000000000000000000000000000000000000000000000000000000000000008000b47808020c011002020104020901070211020f01000000000000000000000000000000004b27002d0f3c411b110217110102016700000000000000000000001000000000000000000000000000000000000000afbf1800004a01000000000000000000000000000000000000000000000000000000000000000000000000000000
230,黃蓋,79,103,8:2 11:4 5:2 12:1 15:1 13:2 14:4 2:2 6:1,e600000004b6c0bb5c0000000000002a523e4e000000000000000000000000000000000000000000000000000000000000000000000000000000000000000080003c8c08020b0405020c010f010d020e0402020601000000000000000000000000000000004f2b002f1049481c1202ec130b02026700000000000000000000001000000000000000000000000000000000000000b3171b00006201000000000000000000000000000000000000000000000000000000000000000000000000000000
231,徐盛,70,111,7:2 8:3 4:3 11:3 13:1 6:2 9:1 14:1 2:1,e700000004ae7db2b1000000000000ecdae7000000000000000000000000000000000000000000000000000000000000000000000000000000000000000000800014820702080304030b030d01060209010e010201000000000000000000000000000000004629002a0e42451910025c120402036f00000000000000000000001400000000000000000000000000000000000000aaea1500002c01000000000000000000000000000000000000000000000000000000000000000000000000000000
233,全琮,66,102,14:4 9:2 4:2 11:4 15:1 7:3 5:1 17:1 13:2,e900000004a5feda7a000000000000d4dae900000000000000000000000000000000000000000000000000000000000000000000000000000000000000000080001c700e04090204020b040f010703050111010d0200000000000000000000000000000000422500280e353f180f021d100102036600000000000000000000001000000000000000000000000000000000000000a6ba1300001401000000000000000000000000000000000000000000000000000000000000000000000000000000
234,孫瑜,49,46,10:1 8:1 4:1 3:3 18:1 2:1 14:3 6:1 17:1,ea00000004ae5db7ec00000000000011523c4e00000000000000000000000000000000000000000000000000000000000000000000000000000000000000008000007d0a01080104010303120102010e0306011101000000000000000000000000000000003128001d0a2e43120b0294110b02012e00000000000000000000000e0000000000000000000000000000000000000095180b0000b900000000000000000000000000000000000000000000000000000000000000000000000000000000
235,闞澤,48,239,12:4 7:1 4:2 3:1 11:3 6:2 10:2 8:1 1:2,eb00000004f545bf4100000000000018525d9c0000000000000000000000000000000000000000000000000000000000000000000000000000000000000000800064960c040701040203010b0306020a020801010200000000000000000000000000000000302d001610544b0f10017c15010604ef00000000000000000000001500000000000000000000000000000000000000946a090000ed00000000000000000000000000000000000000000000000000000000000000000000000000000000
237,太史慈,92,102,11:4 2:2 9:3 6:1 1:2 18:1 7:3 5:2 17:2,ed00000006a4d3a576b74f0000000028523a4e000000000000000000000000000000000000000000000000000000000000000000000000000000000000000080001c700b0402020903060101021201070305021102000000000000000000000000000000005c25003713333f2015021d100b02026600000000000000000000000f00000000000000000000000000000000000000c087230000bc01000000000000000000000000000000000000000000000000000000000000000000000000000000
240,朱然,61,38,6:1 1:3 12:1 7:2 10:1 13:1 9:4 4:2 16:3,f000000004a6b6b54d000000000000f9daf000000000000000000000000000000000000000000000000000000000000000000000000000000000000000000080000852060101030c0107020a010d01090404021003000000000000000000000000000000003d1e00250d0e32160e02b20c0102012600000000000000000000000a00000000000000000000000000000000000000a112110000f600000000000000000000000000000000000000000000000000000000000000000000000000000000
242,祖茂,67,38,3:2 18:1 6:1 13:2 16:2 11:4 1:2 12:1 8:2,f200000004afaaad5a0000000000000b52f2000000000000000000000000000000000000000000000000000000000000000000000000000000000000000000800068740302120106010d0210020b0401020c01080200000000000000000000000000000000432600280e2a40180f029a100102022600000000000000000000000f00000000000000000000000000000000000000a7461400001a01000000000000000000000000000000000000000000000000000000000000000000000000000000
244,諸葛瑾,40,231,16:2 12:4 2:1 9:3 11:1 6:1 4:4 14:1 7:1,f400000006bdd1b8afbd40000000001952454e00000000000000000000000000000000000000000000000000000000000000000000000000000000000000008000c8af10020c04020109030b01060104040e01070100000000000000000000000000000000283200120e5b540d0e0164190b0604e7000000000000000000000016000000000000000000000000000000000000008ca4060000b900000000000000000000000000000000000000000000000000000000000000000000000000000000
245,韓當,56,37,9:4 7:3 3:2 17:2 14:1 18:1 10:1 4:1 12:1,f500000004c1fab7ed000000000000d8da4a9c00000000000000000000000000000000000000000000000000000000000000000000000000000000000000008000ec5e09040703030211020e0112010a0104010c0100000000000000000000000000000000382100220c2637140d02290e0102052500000000000000000000000e000000000000000000000000000000000000009c830e0000dc00000000000000000000000000000000000000000000000000000000000000000000000000000000
246,凌操,69,34,5:1 10:1 13:2 15:1 12:1 16:3 2:2 14:4 8:1,f600000004ade2bede000000000000cfdaf60000000000000000000000000000000000000000000000000000000000000000000000000000000000000000008000f03c05010a010d020f010c01100302020e04080100000000000000000000000000000000451800290e2528191002c4090102022200000000000000000000000900000000000000000000000000000000000000a95e1500002601000000000000000000000000000000000000000000000000000000000000000000000000000000
247,謝旌,60,32,14:1 4:1 9:1 15:1 3:2 6:1 8:3 15:1 7:2,f700000004c1c2b1dc000000000000cbdaf70000000000000000000000000000000000000000000000000000000000000000000000000000000000000000008000b80b0e01040109010f010302060108030f010702000000000000000000000000000000003c0600161e160b111302d0070201052000000000000000000000000300000000000000000000000000000000000000a09a0b0000b801000000000000000000000000000000000000000000000000000000000000000000000000000000
249,孫翊,72,37,3:3 11:4 9:4 18:1 5:1 17:1 4:1 15:1 14:4,f900000004ae5dd6f60000000000000c524c9c00000000000000000000000000000000000000000000000000000000000000000000000000000000000000008000846703030b04090412010501110104010f010e04000000000000000000000000000000004823002b0f173b1a1002230f0102022500000000000000000000000e00000000000000000000000000000000000000ac0c1700003801000000000000000000000000000000000000000000000000000000000000000000000000000000
251,蔣欽,55,38,10:3 6:2 9:2 8:1 1:1 17:2 15:3 16:1 18:1,fb00000004bdb1b4dc000000000000edda529c0000000000000000000000000000000000000000000000000000000000000000000000000000000000000000800008520a03060209020801010111020f031001120100000000000000000000000000000000371e001d0d2933160b02b20c0105032600000000000000000000000e000000000000000000000000000000000000009b2d0f0000b400000000000000000000000000000000000000000000000000000000000000000000000000000000
254,陳武,63,46,7:3 12:1 4:1 1:2 9:3 8:2 1:1 3:2 17:2,fe00000004b3afaa5a000000000000c6dafe0000000000000000000000000000000000000000000000000000000000000000000000000000000000000000008000ec5e07030c010401010209030802010103021102000000000000000000000000000000003f2100260d2d38170e02290e0102022e00000000000000000000000c00000000000000000000000000000000000000a3201200000201000000000000000000000000000000000000000000000000000000000000000000000000000000
255,傅嬰,49,37,14:2 5:1 17:1 18:1 2:2 15:2 3:1 1:1 7:2,ff00000004b3c5c0a60000000000001152ff0000000000000000000000000000000000000000000000000000000000000000000000000000000000000000008000f03c0e0205011101120102020f0203010101070200000000000000000000000000000000311800121929280e1002c4090201052500000000000000000000000c0000000000000000000000000000000000000095fd0700003701000000000000000000000000000000000000000000000000000000000000000000000000000000
260,朱治,49,39,7:1 10:2 16:2 12:4 15:3 1:1 18:3 4:2 6:1,0401000004a6b6aa760000000000000adb439c00000000000000000000000000000000000000000000000000000000000000000000000000000000000000008000386307010a0210020c040f030101120304020601000000000000000000000000000000003122001a0b283a140a02a60e0405012700000000000000000000000d00000000000000000000000000000000000000950d0c00009c00000000000000000000000000000000000000000000000000000000000000000000000000000000
261,董襲,58,34,11:1 18:1 17:2 10:1 9:2 3:3 13:2 8:2 14:4,0501000004b8b3c5a7000000000000c1da05010000000000000000000000000000000000000000000000000000000000000000000000000000000000000000800064320b01120111020a01090203030d0208020e04000000000000000000000000000000003a1500230c2124150d024d0801020522000000000000000000000007000000000000000000000000000000000000009e870f0000e600000000000000000000000000000000000000000000000000000000000000000000000000000000
262,步騭,17,103,11:3 18:4 17:2 2:1 3:1 12:3 14:1 16:1 13:1,0601000004a842f563000000000000e1da06010000000000000000000000000000000000000000000000000000000000000000000000000000000000000000800038630b0312041102020103010c030e0110010d010000000000000000000000000000000011220007064239060601a60e010603670000000000000000000000110000000000000000000000000000000000000075720100004300000000000000000000000000000000000000000000000000000000000000000000000000000000
264,顧雍,10,231,9:3 1:2 15:2 8:1 6:2 5:1 18:4 14:1 3:1,0801000004c555b96c0000000000000edb0801000000000000000000000000000000000000000000000000000000000000000000000000000000000000000080003c8c090301020f0208010602050112040e010301000000000000000000000000000000000a2b0004044c48050401ec13010604e7000000000000000000000013000000000000000000000000000000000000006eaf0000002300000000000000000000000000000000000000000000000000000000000000000000000000000000
269,張昭,18,239,18:2 7:1 10:2 8:1 17:2 4:3 12:4 3:1 11:2,0d01000004b169ac4c0000000000001952404e000000000000000000000000000000000000000000000000000000000000000000000000000000000000000080003c8c120207010a020801110204030c0403010b0200000000000000000000000000000000122b0008065e49070601ec130b0604ef0000000000000000000000160000000000000000000000000000000000000076950100004700000000000000000000000000000000000000000000000000000000000000000000000000000000
270,嚴畯,13,39,12:4 7:1 18:2 3:1 1:2 15:1 13:1 6:2 16:1,0e01000004c459daad000000000000e2da609c0000000000000000000000000000000000000000000000000000000000000000000000000000000000000000800038630c0407011202030101020f010d0106021001000000000000000000000000000000000d220006053d39050501a60e0106042700000000000000000000000f0000000000000000000000000000000000000071fa0000003100000000000000000000000000000000000000000000000000000000000000000000000000000000
272,呂範,23,103,1:2 8:1 13:3 5:3 17:1 12:3 14:2 4:1 10:1,1001000004a766bd64000000000000f1da619c00000000000000000000000000000000000000000000000000000000000000000000000000000000000000008000007d010208010d03050311010c030e0204010a01000000000000000000000000000000001728000a074743070e01941103040467000000000000000000000011000000000000000000000000000000000000007b490200008500000000000000000000000000000000000000000000000000000000000000000000000000000000
279,張紘,10,207,13:1 6:3 18:4 14:1 12:2 5:1 8:1 16:2 1:2,1701000004b169d3540000000000001952414e0000000000000000000000000000000000000000000000000000000000000000000000000000000000000000800028870d01060312040e010c020501080110020102000000000000000000000000000000000a2a000404594605040124130b0604cf000000000000000000000013000000000000000000000000000000000000006eaf0000002300000000000000000000000000000000000000000000000000000000000000000000000000000000
280,虞翻,31,231,12:4 5:2 7:1 17:1 18:3 8:1 2:1 1:3 4:3,1801000004b8b7c2bd0000000000000fdb629c000000000000000000000000000000000000000000000000000000000000000000000000000000000000000080003c8c0c0405020701110112030801020101030403000000000000000000000000000000001f2b000e0b4f480a0b01ec13010604e70000000000000000000000120000000000000000000000000000000000000083290400008800000000000000000000000000000000000000000000000000000000000000000000000000000000
281,程秉,14,37,10:1 13:3 12:3 11:1 4:4 14:1 17:1 8:2 9:1,1901000004b57baac3000000000000eeda669c0000000000000000000000000000000000000000000000000000000000000000000000000000000000000000800038630a010d030c030b0104040e01110108020901000000000000000000000000000000000e220006043739050801a60e0304012500000000000000000000000e0000000000000000000000000000000000000072fa0000004a00000000000000000000000000000000000000000000000000000000000000000000000000000000
282,華歆,32,111,11:1 10:2 7:1 9:3 15:1 3:1 5:1 17:2 6:3,1a01000004b5d8ddf500000000000053cb6b9c00000000000000000000000000000000000000000000000000000000000000000000000000000000000000008000b80b0b010a02070109030f010301050111020603000000000000000000000000000000002006000e0b4f0b0b0b01d0070106046f00000000000000000000001200000000000000000000000000000000000000846a0400008d00000000000000000000000000000000000000000000000000000000000000000000000000000000
283,張任,71,47,11:2 9:4 5:2 4:1 10:1 13:2 7:1 17:1 3:1,1b01000004b169a5f400000000000004db4d9c0000000000000000000000000000000000000000000000000000000000000000000000000000000000000000800068740b020904050204010a010d02070111010301000000000000000000000000000000004726002b0f30401910029a100102012f00000000000000000000001000000000000000000000000000000000000000ab7b1600003201000000000000000000000000000000000000000000000000000000000000000000000000000000
286,楊懷,56,12,1:4 2:3 8:3 13:4 10:2 6:1 4:1 9:1 14:2,1e01000004b7a8c3680000000000000bdb439c00000000000000000000000000000000000000000000000000000000000000000000000000000000000000008000e02e0104020308030d040a020601040109010e0200000000000000000000000000000000381400141c1922101202d0070201050c000000000000000000000008000000000000000000000000000000000000009c320a00008801000000000000000000000000000000000000000000000000000000000000000000000000000000
287,高沛,45,12,15:1 12:1 11:2 13:2 18:1 7:1 2:3 6:1 10:1,1f01000004b0aaa84b000000000000f3da509c0000000000000000000000000000000000000000000000000000000000000000000000000000000000000000800068290f010c010b020d0212010701020306010a01000000000000000000000000000000002d12001017211e0d0f02d0070201050c0000000000000000000000050000000000000000000000000000000000000091d10600001301000000000000000000000000000000000000000000000000000000000000000000000000000000
288,張松,17,255,4:4 13:1 10:2 16:2 9:3 3:1 7:1 12:2 5:2,2001000004b169aa51000000000000dfda5b9c00000000000000000000000000000000000000000000000000000000000000000000000000000000000000008000f03c04040d010a0210020903030107010c0205020000000000000000000000000000000011180007065428060601c409010603ff0000000000000000000000170000000000000000000000000000000000000075720100004300000000000000000000000000000000000000000000000000000000000000000000000000000000
289,王累,17,79,10:1 2:1 13:2 8:1 12:3 3:4 14:2 6:1 17:1,2101000004a4fdb2d60000000000000ddb5d9c0000000000000000000000000000000000000000000000000000000000000000000000000000000000000000800038630a0102010d0208010c0303040e02060111010000000000000000000000000000000011220007054d39050a01a60e0304044f0000000000000000000000110000000000000000000000000000000000000075590100005c00000000000000000000000000000000000000000000000000000000000000000000000000000000
290,劉璋,20,37,11:1 1:2 2:1 7:4 18:2 9:1 5:2 15:1 8:1,2201000004bc42bcfd0000000000000fdb589c0000000000000000000000000000000000000000000000000000000000000000000000000000000000000000800064960b010102020107041202090105020f01080100000000000000000000000000000000142d000806354b060c017c150204012500000000000000000000000d0000000000000000000000000000000000000078c20100006e00000000000000000000000000000000000000000000000000000000000000000000000000000000
291,秦宓,16,109,6:2 2:4 17:2 8:3 1:1 18:2 3:2 13:1 4:3,2301000004afb3cc5700000000000053cb6c9c00000000000000000000000000000000000000000000000000000000000000000000000000000000000000008000d06b06020204110208030101120203020d010403000000000000000000000000000000001024000609403d050501a00f0403036d00000000000000000000001300000000000000000000000000000000000000740e0100004e00000000000000000000000000000000000000000000000000000000000000000000000000000000
293,高順,71,44,16:2 9:2 2:3 14:1 1:3 6:1 8:2 4:2 13:2,2501000004b0aab6b6000000000000fada4e9c0000000000000000000000000000000000000000000000000000000000000000000000000000000000000000800084671002090202030e0101030601080204020d02000000000000000000000000000000004723002b0f213b191002230f0102022c00000000000000000000000e00000000000000000000000000000000000000ab7b1600003201000000000000000000000000000000000000000000000000000000000000000000000000000000
294,華雄,82,4,7:2 13:1 12:1 4:2 18:1 3:1 5:2 11:3 1:4,2601000004b5d8b6af0000000000003c526a4e00000000000000000000000000000000000000000000000000000000000000000000000000000000000000008000342107020d010c0104021201030105020b03010400000000000000000000000000000000520f0031110e191d1302d0070b02020400000000000000000000000500000000000000000000000000000000000000b6ed1c00007601000000000000000000000000000000000000000000000000000000000000000000000000000000
295,張濟,54,37,1:3 17:1 5:4 5:1 14:3 9:1 3:1 2:2 13:3,2701000004b169c0d9000000000000e7da419c00000000000000000000000000000000000000000000000000000000000000000000000000000000000000008000846701031101050405010e030901030102020d0300000000000000000000000000000000362300141b3a3b0f1102230f0201012500000000000000000000000c000000000000000000000000000000000000009a880900007001000000000000000000000000000000000000000000000000000000000000000000000000000000
296,樊稠,66,32,17:1 10:1 2:3 16:2 14:1 11:2 5:1 7:3 8:2,2801000004bcd4b859000000000000c4da519c00000000000000000000000000000000000000000000000000000000000000000000000000000000000000008000ac0d11010a01020310020e010b0205010703080200000000000000000000000000000000420700280e070d180f02d0070102022000000000000000000000000300000000000000000000000000000000000000a6ba1300001401000000000000000000000000000000000000000000000000000000000000000000000000000000
297,徐榮,52,4,7:2 8:2 1:4 15:2 17:1 14:2 5:2 4:1 13:3,2901000004ae7dba61000000000000e9da459c00000000000000000000000000000000000000000000000000000000000000000000000000000000000000008000f0230702080201040f0211010e02050204010d0300000000000000000000000000000000341000131a271c0f1102d007020105040000000000000000000000060000000000000000000000000000000000000098e80800005801000000000000000000000000000000000000000000000000000000000000000000000000000000
298,曹性,58,36,9:1 2:3 6:1 8:1 1:4 14:4 13:1 4:1 5:1,2a01000004b1e4a9ca00000000000009db549c000000000000000000000000000000000000000000000000000000000000000000000000000000000000000080003421090102030601080101040e040d0104010501000000000000000000000000000000003a0f00230c3619150d02d0070102052400000000000000000000000a000000000000000000000000000000000000009e870f0000e600000000000000000000000000000000000000000000000000000000000000000000000000000000
299,李肅,34,111,12:1 1:2 9:1 7:4 13:2 17:1 4:1 6:2 15:1,2b01000004a7f5b5c200000000000010db629c00000000000000000000000000000000000000000000000000000000000000000000000000000000000000008000844e0c010102090107040d021101040106020f0100000000000000000000000000000000221d000e0a4831091401350c0304046f0000000000000000000000120000000000000000000000000000000000000086a6040000dd00000000000000000000000000000000000000000000000000000000000000000000000000000000
300,何進,78,37,8:2 14:1 9:1 15:1 11:3 2:2 1:3 7:1 13:2,2c01000004a6f3b669000000000000fada539c0000000000000000000000000000000000000000000000000000000000000000000000000000000000000000800038c708020e0109010f010b030202010307010d02000000000000000000000000000000004e36002f10435b1c1202581b0102012500000000000000000000000b00000000000000000000000000000000000000b2811a00005c01000000000000000000000000000000000000000000000000000000000000000000000000000000
301,丁原,80,39,2:3 3:1 14:4 15:1 16:3 5:1 8:1 17:1 7:2,2d01000004a442adec000000000000fbda4e9c000000000000000000000000000000000000000000000000000000000000000000000000000000000000000080001482020303010e040f011003050108011101070200000000000000000000000000000000502900301030451c12025c120102012700000000000000000000000e00000000000000000000000000000000000000b4ad1b00006801000000000000000000000000000000000000000000000000000000000000000000000000000000
302,鄒靖,68,101,16:2 7:2 15:4 8:4 12:2 3:1 10:3 11:3 9:1,2e01000004b951b974000000000000ccda469c00000000000000000000000000000000000000000000000000000000000000000000000000000000000000008000007d100207020f0408040c0203010a030b0309010000000000000000000000000000000044280019222f4413160294110401036500000000000000000000001100000000000000000000000000000000000000a8b00e00003002000000000000000000000000000000000000000000000000000000000000000000000000000000
303,盧植,43,229,12:4 11:3 17:3 9:2 16:1 13:1 4:4 10:2 15:1,2f01000004bf63b4d3000000000000e0da5b9c00000000000000000000000000000000000000000000000000000000000000000000000000000000000000008000a0a50c040b031103090210010d0104040a020f01000000000000000000000000000000002b3000140f45500e0f01d417010601e5000000000000000000000013000000000000000000000000000000000000008fa3070000cd00000000000000000000000000000000000000000000000000000000000000000000000000000000
304,董卓,85,37,18:1 3:2 12:1 6:1 4:1 2:3 13:2 16:3 1:2,3001000004b8b3a8f40000000000003f520e4f000000000000000000000000000000000000000000000000000000000000000000000000000000000000000080003863120103020c010601040102030d02100301020000000000000000000000000000000055220033110b391e1302a60e0102012500000000000000000000000c00000000000000000000000000000000000000b9cd1e00008b01000000000000000000000000000000000000000000000000000000000000000000000000000000
305,袁紹,56,101,9:1 11:3 3:2 10:1 14:1 15:1 12:4 6:2 5:1,3101000004b04bb2d00000000000003852634e0000000000000000000000000000000000000000000000000000000000000000000000000000000000000000800038c709010b0303020a010e010f010c040602050100000000000000000000000000000000383600121f2f5a0f1001581b0e030165000000000000000000000011000000000000000000000000000000000000009cc9090000a601000000000000000000000000000000000000000000000000000000000000000000000000000000
306,皇甫嵩,52,101,8:1 9:3 18:1 3:2 17:1 12:1 10:1 16:2 13:2,3201000006acd3a86ab743000000001752439c000000000000000000000000000000000000000000000000000000000000000000000000000000000000000080003c8c080109031201030211010c010a0110020d0200000000000000000000000000000000342b001f0b4248130c02ec130102046500000000000000000000001000000000000000000000000000000000000000988a0c0000c800000000000000000000000000000000000000000000000000000000000000000000000000000000
307,朱雋,64,37,2:1 1:3 16:4 14:2 3:3 13:3 7:2 10:1 18:2,3301000004a6b6b96d000000000000e1da5b9c0000000000000000000000000000000000000000000000000000000000000000000000000000000000000000800028870201010310040e0203030d0307020a01120200000000000000000000000000000000402a001a1341470f260124130304042500000000000000000000000e00000000000000000000000000000000000000a4320f00003902000000000000000000000000000000000000000000000000000000000000000000000000000000
308,張邈,40,37,12:2 11:3 2:2 16:1 17:1 18:2 5:1 10:1 8:2,3401000004b169c2e40000000000001552709c00000000000000000000000000000000000000000000000000000000000000000000000000000000000000008000ec5e0c020b03020210011101120205010a010802000000000000000000000000000000002821000f1422380c0d02290e0201012500000000000000000000000a000000000000000000000000000000000000008ca5050000e600000000000000000000000000000000000000000000000000000000000000000000000000000000
309,袁術,48,37,15:2 6:1 7:1 9:1 12:2 13:4 14:2 3:3 4:1,3501000004b04bb34e00000000000037525e4e00000000000000000000000000000000000000000000000000000000000000000000000000000000000000008000a0a50f020601070109010c020d040e020303040100000000000000000000000000000000303000121801510e0f02d4170c01012500000000000000000000000f0000000000000000000000000000000000000094b20700002e01000000000000000000000000000000000000000000000000000000000000000000000000000000
310,呂布,100,64,5:2 14:2 8:1 7:1 9:3 2:3 12:1 15:1 11:1,3601000004a766a5ac0000000000003952674e00000000000000000000000000000000000000000000000000000000000000000000000000000000000000008000148205020e0208010701090302030c010f010b01000000000000000000000000000000006429003c1405452317025c120b02024000000000000000000000000500000000000000000000000000000000000000c859290000f401000000000000000000000000000000000000000000000000000000000000000000000000000000
311,李儒,21,238,13:1 9:1 4:3 8:2 7:2 15:4 17:1 18:1 12:2,3701000004a7f5bea700000000000015db689c00000000000000000000000000000000000000000000000000000000000000000000000000000000000000008000242c0d0109010403080207020f04110112010c0200000000000000000000000000000000151300070c4f21060601d007040303ee0000000000000000000000170000000000000000000000000000000000000079900100006b00000000000000000000000000000000000000000000000000000000000000000000000000000000
312,淳于瓊,56,38,6:1 16:3 14:3 10:1 5:2 18:1 2:1 7:2 17:1,3801000006b245a45fc3a30000000003db489c00000000000000000000000000000000000000000000000000000000000000000000000000000000000000008000a05a060110030e030a010502120102010702110100000000000000000000000000000000382000220c3236140d02ac0d0102012600000000000000000000000d000000000000000000000000000000000000009c830e0000dc00000000000000000000000000000000000000000000000000000000000000000000000000000000
313,韓馥,48,36,17:1 2:1 16:1 5:1 10:1 11:4 7:1 18:2 3:2,3901000004c1fac34c00000000000015db639c00000000000000000000000000000000000000000000000000000000000000000000000000000000000000008000545611010201100105010a010b0407011202030200000000000000000000000000000000301f00140e33350c1d012f0d020401240000000000000000000000080000000000000000000000000000000000000094de0800006301000000000000000000000000000000000000000000000000000000000000000000000000000000
314,陶謙,31,37,18:2 1:1 13:1 11:1 8:1 3:3 10:1 16:4 4:2,3a01000004b3b3c1be00000000000053cb699c000000000000000000000000000000000000000000000000000000000000000000000000000000000000000080003c8c120201010d010b01080103030a0110040402000000000000000000000000000000001f2b000d094149081301ec130304012500000000000000000000000f0000000000000000000000000000000000000083f2030000c200000000000000000000000000000000000000000000000000000000000000000000000000000000
315,劉焉,29,109,14:2 12:2 18:2 2:1 11:1 6:2 3:4 15:1 13:1,3b01000004bc42b26a00000000000053cb6a9c00000000000000000000000000000000000000000000000000000000000000000000000000000000000000008000b4aa0e020c02120202010b01060203040f010d01000000000000000000000000000000001d31000c094a520811019c180304016d00000000000000000000001100000000000000000000000000000000000000817f030000b200000000000000000000000000000000000000000000000000000000000000000000000000000000
317,郭氾,56,1,9:1 2:3 1:4 11:3 14:1 8:3 12:2 5:3 7:2,3d01000004b3a2a5c60000000000000d524a9c0000000000000000000000000000000000000000000000000000000000000000000000000000000000000000800034210901020301040b030e0108030c020503070200000000000000000000000000000000380f00141c0219101202d00702010501000000000000000000000005000000000000000000000000000000000000009c320a00008801000000000000000000000000000000000000000000000000000000000000000000000000000000
318,侯成,51,1,17:1 13:4 18:2 10:1 12:2 11:2 9:1 2:2 6:1,3e01000004ab4aa6a80000000000000b52449c00000000000000000000000000000000000000000000000000000000000000000000000000000000000000008000441611010d0412020a010c020b0209010202060100000000000000000000000000000000330b00131a21130f1002d007020105010000000000000000000000060000000000000000000000000000000000000097980800004c01000000000000000000000000000000000000000000000000000000000000000000000000000000
319,李傕,66,36,17:1 9:2 8:1 13:2 14:3 18:1 6:1 3:3 10:1,3f01000004a7f5d8520000000000001bdb729c00000000000000000000000000000000000000000000000000000000000000000000000000000000000000008000f4011101090208010d020e031201060103030a0100000000000000000000000000000000420100280e0302180f02d0070102012400000000000000000000000800000000000000000000000000000000000000a6ba1300001401000000000000000000000000000000000000000000000000000000000000000000000000000000
320,金旋,38,36,5:3 15:2 7:1 16:1 3:3 4:1 12:1 10:2 6:1,4001000004aaf7b1db000000000000f1da5c9c00000000000000000000000000000000000000000000000000000000000000000000000000000000000000008000242c05030f0207011001030304010c010a02060100000000000000000000000000000000261300100b1e210a1701d00702040124000000000000000000000007000000000000000000000000000000000000008ab40500000101000000000000000000000000000000000000000000000000000000000000000000000000000000
321,董旻,54,36,1:2 5:2 13:1 8:1 14:2 16:1 2:3 3:2 17:1,4101000004b8b3ccc900000000000004db489c000000000000000000000000000000000000000000000000000000000000000000000000000000000000000080004416010205020d0108010e02100102030302110100000000000000000000000000000000360b00141b0a130f1102d0070201052400000000000000000000000a000000000000000000000000000000000000009a880900007001000000000000000000000000000000000000000000000000000000000000000000000000000000
322,楊彪,20,101,17:1 16:3 12:1 4:4 1:1 11:2 5:2 8:1 6:2,4201000004b7a8b343000000000000ddda559c00000000000000000000000000000000000000000000000000000000000000000000000000000000000000008000b478110110030c01040401010b020502080106020000000000000000000000000000000014270008064541060c011711030404650000000000000000000000110000000000000000000000000000000000000078c20100006e00000000000000000000000000000000000000000000000000000000000000000000000000000000
323,王允,7,109,2:2 11:1 8:1 6:4 12:1 17:3 3:1 14:1 16:2,4301000004a4fda4b900000000000053cb699c000000000000000000000000000000000000000000000000000000000000000000000000000000000000000080003c8c02020b01080106040c01110303010e01100200000000000000000000000000000000072b0003035849040301ec130106046d000000000000000000000011000000000000000000000000000000000000006b730000001900000000000000000000000000000000000000000000000000000000000000000000000000000000
324,紀靈,82,33,16:2 9:4 2:2 17:2 4:2 8:2 18:1 5:1 6:1,4401000004acf6c6460000000000000d525f4e00000000000000000000000000000000000000000000000000000000000000000000000000000000000000008000f023100209040202110204020802120105010601000000000000000000000000000000005210003111221c1d1302d0070b02022100000000000000000000000700000000000000000000000000000000000000b6ed1c00007601000000000000000000000000000000000000000000000000000000000000000000000000000000
325,袁譚,48,44,15:2 12:1 1:1 7:1 18:2 10:1 8:1 13:4 3:1,4501000004b04bc3d3000000000000e5da429c00000000000000000000000000000000000000000000000000000000000000000000000000000000000000008000b4780f020c010101070112020a0108010d0403010000000000000000000000000000000030270012181a420e0f0217110201012c00000000000000000000000b0000000000000000000000000000000000000094b20700002e01000000000000000000000000000000000000000000000000000000000000000000000000000000
326,雷薄,43,1,12:1 11:2 1:2 17:1 16:3 3:2 10:1 5:1 4:2,4601000004b970c1a10000000000001152604e00000000000000000000000000000000000000000000000000000000000000000000000000000000000000008000f4010c010b0201021101100303020a0105010402000000000000000000000000000000002b01001a091503100a02d0070b020501000000000000000000000006000000000000000000000000000000000000008f700800009b00000000000000000000000000000000000000000000000000000000000000000000000000000000
327,袁胤,23,45,9:1 14:3 15:1 12:1 5:1 2:3 16:1 6:1 1:1,4701000004b04bad4e000000000000e1da569c00000000000000000000000000000000000000000000000000000000000000000000000000000000000000008000545609010e030f010c010501020310010601010100000000000000000000000000000000171f000a073535070e012f0d0204052d00000000000000000000000d000000000000000000000000000000000000007b490200008500000000000000000000000000000000000000000000000000000000000000000000000000000000
328,田豐,35,255,12:4 9:1 2:1 4:2 5:2 1:1 17:2 10:1 13:1,4801000004a5d0c2d7000000000000dcda5a9c00000000000000000000000000000000000000000000000000000000000000000000000000000000000000008000007d0c040901020104020502010111020a010d0100000000000000000000000000000000232800100c4c430b0c019411010603ff00000000000000000000001700000000000000000000000000000000000000872d0500009e00000000000000000000000000000000000000000000000000000000000000000000000000000000
329,沮授,43,239,11:2 12:4 15:1 7:1 6:3 9:1 8:1 2:2 16:1,4901000004aa71b1c2000000000000dada5f9c000000000000000000000000000000000000000000000000000000000000000000000000000000000000000080003c8c0b020c040f01070106030901080102021001000000000000000000000000000000002b2b00140f4e480e0f01ec13010603ef000000000000000000000015000000000000000000000000000000000000008fa3070000cd00000000000000000000000000000000000000000000000000000000000000000000000000000000
330,審配,55,109,3:3 11:2 2:1 16:4 15:1 18:2 9:1 6:2 14:1,4a01000004bc66b074000000000000ceda469c00000000000000000000000000000000000000000000000000000000000000000000000000000000000000008000288703030b02020110040f011202090106020e0100000000000000000000000000000000372a00141c514610120224130301046d000000000000000000000011000000000000000000000000000000000000009bd80900007c01000000000000000000000000000000000000000000000000000000000000000000000000000000
331,顏良,87,36,2:1 12:1 13:1 11:3 6:1 1:3 9:3 18:1 14:4,4b01000004c343a87d0000000000001352644e00000000000000000000000000000000000000000000000000000000000000000000000000000000000000008000844e02010c010d010b0306010103090312010e0400000000000000000000000000000000571d00341210311f1402350c0b02022400000000000000000000000800000000000000000000000000000000000000bb212000009901000000000000000000000000000000000000000000000000000000000000000000000000000000
332,文醜,88,4,5:2 9:1 3:2 12:1 13:1 11:3 8:1 14:3 17:2,4c01000004a4e5c1e00000000000001a52654e0000000000000000000000000000000000000000000000000000000000000000000000000000000000000000800054560502090103020c010d010b0308010e03110200000000000000000000000000000000581f00351208351f14022f0d0b02020400000000000000000000000400000000000000000000000000000000000000bccb200000a001000000000000000000000000000000000000000000000000000000000000000000000000000000
333,辛評,40,37,1:1 17:2 16:2 15:4 18:3 3:1 6:1 4:1 7:2,4d01000004a8afb5fb000000000000eada459c00000000000000000000000000000000000000000000000000000000000000000000000000000000000000008000b4780101110210020f0412030301060104010702000000000000000000000000000000002827000f1439420c0d02171104010325000000000000000000000010000000000000000000000000000000000000008ca5050000e600000000000000000000000000000000000000000000000000000000000000000000000000000000
334,蔣義渠,48,4,11:4 8:2 4:1 9:1 3:1 14:1 10:2 13:4 16:1,4e01000006bdb1b871b4eb00000000cbda449c0000000000000000000000000000000000000000000000000000000000000000000000000000000000000000800008520b0408020401090103010e010a020d04100100000000000000000000000000000000301e00121823320e0f02b20c020105040000000000000000000000060000000000000000000000000000000000000094b20700002e01000000000000000000000000000000000000000000000000000000000000000000000000000000
335,逢紀,41,101,14:1 13:1 11:3 16:2 5:1 10:2 15:4 9:1 4:3,4f01000004b37bacf600000000000010db589c000000000000000000000000000000000000000000000000000000000000000000000000000000000000000080007c470e010d010b03100205010a020f040901040300000000000000000000000000000000291b000d17392e0b0c013b0b04030365000000000000000000000012000000000000000000000000000000000000008d690500000401000000000000000000000000000000000000000000000000000000000000000000000000000000
336,郭圖,56,109,11:2 17:3 5:1 15:1 7:1 13:1 12:4 8:1 3:1,5001000004b3a2b9cf0000000000000fdb679c00000000000000000000000000000000000000000000000000000000000000000000000000000000000000008000f0230b02110305010f0107010d010c0408010301000000000000000000000000000000003810001a13211b111301d0070106036d000000000000000000000012000000000000000000000000000000000000009c8a0c00002a01000000000000000000000000000000000000000000000000000000000000000000000000000000
337,高幹,46,41,18:1 8:3 5:4 17:1 1:4 12:2 7:1 11:3 10:2,5101000004b0aab746000000000000d0da4c9c000000000000000000000000000000000000000000000000000000000000000000000000000000000000000080005456120108030504110101040c0207010b030a02000000000000000000000000000000002e1f00111714350d0f022f0d0201052900000000000000000000000a00000000000000000000000000000000000000921c0700001c01000000000000000000000000000000000000000000000000000000000000000000000000000000
338,呂威璜,51,5,13:2 3:3 6:1 16:1 14:1 17:1 8:1 18:2 2:2,5201000006a766abc2bf5800000000c7da499c0000000000000000000000000000000000000000000000000000000000000000000000000000000000000000800088130d020303060110010e01110108011202020200000000000000000000000000000000330a00131a12110f1002d007020105050000000000000000000000070000000000000000000000000000000000000097980800004c01000000000000000000000000000000000000000000000000000000000000000000000000000000
339,張魯,33,108,12:4 18:1 13:1 3:2 6:2 2:4 17:2 7:1 9:1,5301000004b169be7c000000000000dbda5f9c00000000000000000000000000000000000000000000000000000000000000000000000000000000000000008000b4aa0c0412010d01030206020204110207010901000000000000000000000000000000002131000b123e53090a019c180403016c00000000000000000000001200000000000000000000000000000000000000858e030000c200000000000000000000000000000000000000000000000000000000000000000000000000000000
340,張衛,59,8,7:1 4:1 9:4 18:1 6:1 10:1 1:3 16:3 11:4,5401000004b169bdc30000000000000adb549c000000000000000000000000000000000000000000000000000000000000000000000000000000000000000080005456070104010904120106010a01010310030b04000000000000000000000000000000003b1f00230c1934150d022f0d01020508000000000000000000000005000000000000000000000000000000000000009f09100000eb00000000000000000000000000000000000000000000000000000000000000000000000000000000
341,楊松,24,32,9:1 15:1 6:1 4:1 3:1 10:2 14:3 12:1 18:2,5501000004b7a8aa510000000000001852589c00000000000000000000000000000000000000000000000000000000000000000000000000000000000000008000dc0509010f010601040103010a020e030c011202000000000000000000000000000000001803000a073506070e01d00702040520000000000000000000000006000000000000000000000000000000000000007c760200008c00000000000000000000000000000000000000000000000000000000000000000000000000000000
343,馬岱,78,37,14:3 13:2 5:1 15:1 8:2 6:1 9:1 18:1 4:2,5701000004b0a8a9a70000000000000c525c4e0000000000000000000000000000000000000000000000000000000000000000000000000000000000000000800014820e030d0205010f0108020601090112010402000000000000000000000000000000004e29002f102b451c12025c120b02022500000000000000000000000c00000000000000000000000000000000000000b2811a00005c01000000000000000000000000000000000000000000000000000000000000000000000000000000
344,馬騰,76,44,10:1 14:3 1:4 13:2 5:1 11:3 12:1 2:3 17:1,5801000004b0a8c4cb0000000000001152584e000000000000000000000000000000000000000000000000000000000000000000000000000000000000000080003c8c0a010e0301040d0205010b030c0102031101000000000000000000000000000000004c2b002e102b481b1102ec130b02012c00000000000000000000000c00000000000000000000000000000000000000b0551900005001000000000000000000000000000000000000000000000000000000000000000000000000000000
345,馬休,49,32,3:3 5:1 6:1 10:1 13:2 8:2 15:1 2:2 16:1,5901000004b0a8a5f00000000000001352594e00000000000000000000000000000000000000000000000000000000000000000000000000000000000000008000004b0303050106010a010d0208020f010202100100000000000000000000000000000000311c001d0a0f2f120b02b80b0b0205200000000000000000000000060000000000000000000000000000000000000095180b0000b900000000000000000000000000000000000000000000000000000000000000000000000000000000
346,馬鐵,49,1,1:3 3:1 12:1 14:2 10:1 13:2 17:1 18:1 5:2,5a01000004b0a8c54b000000000000e8da419c000000000000000000000000000000000000000000000000000000000000000000000000000000000000000080007440010303010c010e020a010d02110112010502000000000000000000000000000000003119001d0a162b120b02410a010205010000000000000000000000050000000000000000000000000000000000000095180b0000b900000000000000000000000000000000000000000000000000000000000000000000000000000000
347,程銀,56,1,17:1 15:2 1:1 13:1 18:2 3:3 14:1 7:2 16:1,5b01000004b57bbbc8000000000000d5da4a9c00000000000000000000000000000000000000000000000000000000000000000000000000000000000000008000342111010f0201010d01120203030e010702100100000000000000000000000000000000380f00141c1e1a101202d00702010501000000000000000000000005000000000000000000000000000000000000009c320a00008801000000000000000000000000000000000000000000000000000000000000000000000000000000
348,張橫,56,4,12:1 17:1 10:2 7:2 1:4 11:3 15:2 16:1 14:2,5c01000004b169beee000000000000e6da429c00000000000000000000000000000000000000000000000000000000000000000000000000000000000000008000b80b0c0111010a02070201040b030f0210010e0200000000000000000000000000000000380600141c170a101202d00702010504000000000000000000000004000000000000000000000000000000000000009c320a00008801000000000000000000000000000000000000000000000000000000000000000000000000000000
349,梁興,57,1,13:3 9:1 17:1 10:1 18:1 4:1 7:1 5:3 2:1,5d01000004b1e7bfb3000000000000d2da4f9c000000000000000000000000000000000000000000000000000000000000000000000000000000000000000080007c470d03090111010a011201040107010503020100000000000000000000000000000000391b00151d0d2e1012023b0b02010501000000000000000000000002000000000000000000000000000000000000009d8c0a00009401000000000000000000000000000000000000000000000000000000000000000000000000000000
350,馬玩,53,4,8:1 1:1 11:1 14:3 18:2 3:1 13:1 10:2 9:1,5e01000004b0a8aab10000000000001a525d4e00000000000000000000000000000000000000000000000000000000000000000000000000000000000000008000dc05080101010b010e03120203010d010a02090100000000000000000000000000000000350300131b09060f1102d0070c0105040000000000000000000000040000000000000000000000000000000000000099380900006401000000000000000000000000000000000000000000000000000000000000000000000000000000
351,成宜,53,1,7:2 6:1 16:1 17:1 15:1 1:2 5:3 11:4 4:1,5f01000004a6a8a979000000000000f4da509c00000000000000000000000000000000000000000000000000000000000000000000000000000000000000008000342107020601100111010f01010205030b04040100000000000000000000000000000000350f00131b161a0f1102d007020105010000000000000000000000030000000000000000000000000000000000000099380900006401000000000000000000000000000000000000000000000000000000000000000000000000000000
352,袁熙,46,109,7:1 18:3 11:1 8:4 13:1 12:4 3:1 2:4 14:1,6001000004b04bbab3000000000000d1da4c9c000000000000000000000000000000000000000000000000000000000000000000000000000000000000000080001c70070112030b0108040d010c04030102040e01000000000000000000000000000000002e2500190b373f130a021d100405036d0000000000000000000000100000000000000000000000000000000000000092960a00009000000000000000000000000000000000000000000000000000000000000000000000000000000000
353,田疇,56,44,13:2 2:3 10:1 9:1 3:3 16:1 1:4 8:2 11:4,6101000004a5d0c3a50000000000000edb5d9c0000000000000000000000000000000000000000000000000000000000000000000000000000000000000000800084670d0202030a01090103031001010408020b04000000000000000000000000000000003823001710323b0e2201230f0204012c00000000000000000000000a000000000000000000000000000000000000009cd60b0000c501000000000000000000000000000000000000000000000000000000000000000000000000000000
354,蹋頓,60,4,16:2 11:2 6:1 14:1 2:3 3:2 13:2 1:1 5:2,6201000004c1cfb97900000000000019db719c00000000000000000000000000000000000000000000000000000000000000000000000000000000000000008000bc1b10020b0206010e01020303020d0201010502000000000000000000000000000000003c0d00240c0c17160e02d0070102050400000000000000000000000500000000000000000000000000000000000000a08b100000f000000000000000000000000000000000000000000000000000000000000000000000000000000000
355,袁尚,61,37,9:2 7:3 18:1 10:1 16:2 17:1 12:1 2:1 14:4,6301000004b04ba97c00000000000005db4d9c0000000000000000000000000000000000000000000000000000000000000000000000000000000000000000800014820902070312010a01100211010c0102010e04000000000000000000000000000000003d2900250d1845160e025c120102012500000000000000000000000f00000000000000000000000000000000000000a112110000f600000000000000000000000000000000000000000000000000000000000000000000000000000000
356,蔡瑁,58,46,4:3 18:3 17:2 9:1 7:1 16:1 12:4 15:3 14:1,6401000004bdb2b7e8000000000000c5da519c00000000000000000000000000000000000000000000000000000000000000000000000000000000000000008000004b0403120311020901070110010c040f030e01000000000000000000000000000000003a1c001f0d422f170c02b80b0405042e00000000000000000000000f000000000000000000000000000000000000009ee0100000c000000000000000000000000000000000000000000000000000000000000000000000000000000000
357,劉表,46,38,3:4 10:1 11:2 13:1 1:2 16:2 8:1 2:1 5:3,6501000004bc42aaed0000000000003b52694e00000000000000000000000000000000000000000000000000000000000000000000000000000000000000008000649603040a010b020d0101021002080102010503000000000000000000000000000000002e2d00130e434b0c1c017c150d04012600000000000000000000000f00000000000000000000000000000000000000922a0800004f01000000000000000000000000000000000000000000000000000000000000000000000000000000
358,蔡中,32,38,7:1 14:2 10:1 13:3 4:1 3:3 18:1 15:1 9:1,6601000004bdb2a4a4000000000000d3da4f9c00000000000000000000000000000000000000000000000000000000000000000000000000000000000000008000a00f07010e020a010d030401030312010f010901000000000000000000000000000000002008000c101c0e0a0a02d0070201052600000000000000000000000b0000000000000000000000000000000000000084fc030000a600000000000000000000000000000000000000000000000000000000000000000000000000000000
359,黃祖,54,2,11:4 7:1 14:1 16:1 6:1 8:3 10:2 4:1 13:3,6701000004b6c0afaa000000000000e9da529c00000000000000000000000000000000000000000000000000000000000000000000000000000000000000008000f03c0b0407010e011001060108030a0204010d0300000000000000000000000000000000361800141b21280f1102c40902010502000000000000000000000004000000000000000000000000000000000000009a880900007001000000000000000000000000000000000000000000000000000000000000000000000000000000
360,蔡和,36,38,5:3 7:2 18:2 11:1 3:1 16:1 17:1 8:1 2:1,6801000004bdb2a94d000000000000e7da429c00000000000000000000000000000000000000000000000000000000000000000000000000000000000000008000ac0d0503070212020b0103011001110108010201000000000000000000000000000000002407000d121f0c0b0c02d0070201052600000000000000000000000a0000000000000000000000000000000000000088c9040000c600000000000000000000000000000000000000000000000000000000000000000000000000000000
361,鮑隆,63,1,9:3 5:1 1:4 11:1 7:3 16:2 15:1 18:1 3:1,6901000004c06ab6a9000000000000fbda539c0000000000000000000000000000000000000000000000000000000000000000000000000000000000000000800094110903050101040b01070310020f0112010301000000000000000000000000000000003f0900260d1310170e02d0070102020100000000000000000000000300000000000000000000000000000000000000a3201200000201000000000000000000000000000000000000000000000000000000000000000000000000000000
362,向朗,16,79,6:2 10:1 14:1 13:3 17:1 2:1 8:1 7:4 1:3,6a01000004a656aed4000000000000dada649c00000000000000000000000000000000000000000000000000000000000000000000000000000000000000008000085206020a010e010d031101020108010704010300000000000000000000000000000000101e0007053733050a01b20c0304034f0000000000000000000000110000000000000000000000000000000000000074360100005600000000000000000000000000000000000000000000000000000000000000000000000000000000
363,邢道榮,67,32,6:1 10:1 8:1 13:2 1:4 14:1 9:4 16:1 2:3,6b01000006a8b7b944ba6100000000fdda709c00000000000000000000000000000000000000000000000000000000000000000000000000000000000000008000bc1b06010a0108010d0201040e0109041001020300000000000000000000000000000000430d00280e1217180f02d0070102022000000000000000000000000300000000000000000000000000000000000000a7461400001a01000000000000000000000000000000000000000000000000000000000000000000000000000000
364,韓玄,50,8,15:1 4:1 7:1 1:1 12:1 11:2 18:2 14:1 5:2,6c01000004c1faa5c80000000000001952689c00000000000000000000000000000000000000000000000000000000000000000000000000000000000000008000ac0d0f010401070101010c010b0212020e01050200000000000000000000000000000000320700140f090c0c1e01d007020401080000000000000000000000030000000000000000000000000000000000000096920900007701000000000000000000000000000000000000000000000000000000000000000000000000000000
365,蒯良,17,237,16:1 1:3 2:1 5:2 18:4 8:1 13:1 15:1 17:2,6d01000004e3c7a87d0000000000001952639c0000000000000000000000000000000000000000000000000000000000000000000000000000000000000000800084671001010302010502120408010d010f011102000000000000000000000000000000001123000706503b060601230f010604ed0000000000000000000000140000000000000000000000000000000000000075720100004300000000000000000000000000000000000000000000000000000000000000000000000000000000
366,潘濬,11,15,11:1 13:2 8:1 7:2 4:4 1:2 17:1 5:3 6:2,6e01000004bcefc0e0000000000000e2da569c00000000000000000000000000000000000000000000000000000000000000000000000000000000000000008000d0070b010d020801070204040102110105030602000000000000000000000000000000000b040005044307040701d0070304040f00000000000000000000000e000000000000000000000000000000000000006faf0000003800000000000000000000000000000000000000000000000000000000000000000000000000000000
367,蒯越,19,231,16:2 9:2 1:1 11:2 12:4 3:1 7:1 6:4 15:2,6f01000004e3c7b656000000000000f2da5c9c0000000000000000000000000000000000000000000000000000000000000000000000000000000000000000800038631002090201010b020c040301070106040f020000000000000000000000000000000013220008074c39070701a60e010603e70000000000000000000000150000000000000000000000000000000000000077b80100004c00000000000000000000000000000000000000000000000000000000000000000000000000000000
368,劉繇,11,37,12:3 18:1 14:2 13:2 7:3 9:2 4:2 11:1 5:3,7001000004bc42edd9000000000000ddda5a9c00000000000000000000000000000000000000000000000000000000000000000000000000000000000000008000ec5e0c0312010e020d020703090204020b010503000000000000000000000000000000000b210005043738040701290e0204012500000000000000000000000a000000000000000000000000000000000000006faf0000003800000000000000000000000000000000000000000000000000000000000000000000000000000000
369,劉琮,15,38,8:1 16:1 5:3 13:3 7:2 3:4 4:3 18:1 17:1,7101000004bc42da7a000000000000e2da659c0000000000000000000000000000000000000000000000000000000000000000000000000000000000000000800068740801100105030d0307020304040312011101000000000000000000000000000000000f260006053f400509019a100304042600000000000000000000000d0000000000000000000000000000000000000073130100005000000000000000000000000000000000000000000000000000000000000000000000000000000000
370,韓嵩,14,39,17:1 5:3 3:4 18:2 13:3 1:1 7:1 12:1 9:2,7201000004c1fab7430000000000000fdb5d9c00000000000000000000000000000000000000000000000000000000000000000000000000000000000000008000001911010503030412020d03010107010c010902000000000000000000000000000000000e0c0006044615050801d0070304042700000000000000000000000f0000000000000000000000000000000000000072fa0000004a00000000000000000000000000000000000000000000000000000000000000000000000000000000
372,朵思大王,61,45,12:3 2:2 15:1 8:4 10:2 17:2 11:3 16:1 9:1,7401000008a6b7abe4a46aa4fd0000c2da479c00000000000000000000000000000000000000000000000000000000000000000000000000000000000000008000f0230c0302020f0108040a0211020b0310010901000000000000000000000000000000003d1000210e2e1c190d02d0070405022d00000000000000000000000e00000000000000000000000000000000000000a198120000cd00000000000000000000000000000000000000000000000000000000000000000000000000000000
373,木鹿大王,60,52,11:3 13:2 16:3 6:1 10:1 3:2 15:1 9:3 1:1,7501000008a4ecb3c0a46aa4fd00001cdb729c0000000000000000000000000000000000000000000000000000000000000000000000000000000000000000800034210b030d02100306010a0103020f0109030101000000000000000000000000000000003c0f00240c1319160e02d0070102013400000000000000000000000e00000000000000000000000000000000000000a08b100000f000000000000000000000000000000000000000000000000000000000000000000000000000000000
378,張寶,83,245,11:3 3:3 15:1 2:1 4:1 7:2 8:1 14:1 17:2,7a01000004b169c45f0000000000001a52719c0000000000000000000000000000000000000000000000000000000000000000000000000000000000000000800038c70b0303030f0102010401070208010e0111020000000000000000000000000000000053360032112a5b1d1302581b010201f500000000000000000000001300000000000000000000000000000000000000b78d1d00007d01000000000000000000000000000000000000000000000000000000000000000000000000000000
379,張梁,85,117,11:2 6:1 10:1 12:1 9:3 4:2 8:1 18:1 2:3,7b01000004b169b1e70000000000001fdb729c000000000000000000000000000000000000000000000000000000000000000000000000000000000000000080005cc10b0206010a010c01090304020801120102030000000000000000000000000000000055350033112e591e1302581b0102017500000000000000000000001000000000000000000000000000000000000000b9cd1e00008b01000000000000000000000000000000000000000000000000000000000000000000000000000000
380,程遠志,79,37,11:4 8:2 14:3 15:1 13:2 2:1 3:3 9:2 18:1,7c01000006b57bbbb7a7d3000000001052419c0000000000000000000000000000000000000000000000000000000000000000000000000000000000000000800074400b0408020e030f010d020201030309021201000000000000000000000000000000004f19002f10102b1c1202410a0102022500000000000000000000000b00000000000000000000000000000000000000b3171b00006201000000000000000000000000000000000000000000000000000000000000000000000000000000
381,鄧茂,77,1,4:1 11:3 10:1 14:4 16:2 7:2 1:3 12:1 3:3,7d01000004be48ad5a00000000000014524e9c00000000000000000000000000000000000000000000000000000000000000000000000000000000000000008000744004010b030a010e041002070201030c010303000000000000000000000000000000004d19002e10132a1b1102410a0102020100000000000000000000000600000000000000000000000000000000000000b1eb1900005601000000000000000000000000000000000000000000000000000000000000000000000000000000
382,孫仲,63,5,17:2 2:2 11:2 18:1 8:2 15:1 5:1 7:3 10:1,7e01000004ae5da5f2000000000000c8da499c000000000000000000000000000000000000000000000000000000000000000000000000000000000000000080006432110202020b02120108020f01050107030a01000000000000000000000000000000003f1500260d1524170e024d080102020500000000000000000000000800000000000000000000000000000000000000a3201200000201000000000000000000000000000000000000000000000000000000000000000000000000000000
383,高昇,75,5,4:1 17:1 6:1 14:3 2:3 18:1 11:4 5:2 3:3,7f01000004b0aaaa400000000000001452539c00000000000000000000000000000000000000000000000000000000000000000000000000000000000000008000242c0401110106010e03020312010b0405020303000000000000000000000000000000004b13002d0f0c211b1102d0070102010500000000000000000000000800000000000000000000000000000000000000afbf1800004a01000000000000000000000000000000000000000000000000000000000000000000000000000000
384,韓忠,70,37,10:1 4:2 16:3 8:2 1:4 12:1 7:2 9:1 6:1,8001000004c1faa9be000000000000d2da4c9c0000000000000000000000000000000000000000000000000000000000000000000000000000000000000000800068290a0104021003080201040c01070209010601000000000000000000000000000000004612002a0e0e1f191002d0070102052500000000000000000000000b00000000000000000000000000000000000000aaea1500002c01000000000000000000000000000000000000000000000000000000000000000000000000000000
385,趙弘,72,37,10:1 4:2 2:3 16:3 15:1 12:1 11:3 8:1 5:1,8101000004bbafa5b0000000000000e4da419c00000000000000000000000000000000000000000000000000000000000000000000000000000000000000008000ac260a010402020310030f010c010b0308010501000000000000000000000000000000004811002b0f101d1a1002d0070102022500000000000000000000000b00000000000000000000000000000000000000ac0c1700003801000000000000000000000000000000000000000000000000000000000000000000000000000000
386,嚴政,74,45,6:1 1:3 4:2 14:3 17:2 12:1 9:4 15:1 13:2,8201000004c459ac46000000000000e8da429c0000000000000000000000000000000000000000000000000000000000000000000000000000000000000000800094110601010304020e0311020c0109040f010d02000000000000000000000000000000004a09002c0f0b101a1102d0070102022d00000000000000000000000d00000000000000000000000000000000000000ae2e1800004401000000000000000000000000000000000000000000000000000000000000000000000000000000
387,張角,51,255,3:2 11:3 12:4 10:3 8:2 2:3 6:2 9:1 16:2,8301000004b169a8a40000000000003d52729c0000000000000000000000000000000000000000000000000000000000000000000000000000000000000000800084e403020b030c040a030802020306020901100200000000000000000000000000000000333b00101c58630d0f01581b0e0301ff0000000000000000000000180000000000000000000000000000000000000097340800006a01000000000000000000000000000000000000000000000000000000000000000000000000000000
388,劉辟,70,32,3:3 11:1 5:2 6:1 1:4 8:2 4:1 15:1 14:4,8401000004bc42b940000000000000feda709c00000000000000000000000000000000000000000000000000000000000000000000000000000000000000008000342103030b01050206010104080204010f010e0400000000000000000000000000000000460f002a0e1519191002d0070102022000000000000000000000000300000000000000000000000000000000000000aaea1500002c01000000000000000000000000000000000000000000000000000000000000000000000000000000
389,管亥,83,36,13:1 5:2 16:3 2:3 7:2 10:1 15:1 8:2 1:3,8501000004badea5e800000000000011db6e9c00000000000000000000000000000000000000000000000000000000000000000000000000000000000000008000f0230d0105021003020307020a010f01080201030000000000000000000000000000000053100032110b1b1d1302d0070102022400000000000000000000000600000000000000000000000000000000000000b78d1d00007d01000000000000000000000000000000000000000000000000000000000000000000000000000000
390,何儀,57,1,16:1 12:2 10:2 15:1 2:1 4:1 9:1 11:1 14:1,8601000004a6f3bbf6000000000000e5da419c00000000000000000000000000000000000000000000000000000000000000000000000000000000000000008000d00710010c020a020f010201040109010b010e0100000000000000000000000000000000390400151d0508101202d00702010501000000000000000000000004000000000000000000000000000000000000009d8c0a00009401000000000000000000000000000000000000000000000000000000000000000000000000000000
391,張闓,58,1,8:3 18:2 7:2 13:2 5:4 12:2 16:1 9:1 4:1,8701000004b169f16d00000000000007db439c00000000000000000000000000000000000000000000000000000000000000000000000000000000000000008000d0070803120207020d0205040c02100109010401000000000000000000000000000000003a0400151d1507101302d00702010501000000000000000000000002000000000000000000000000000000000000009ee60a0000a001000000000000000000000000000000000000000000000000000000000000000000000000000000
392,裴元紹,58,1,14:2 2:2 1:1 17:1 8:2 5:1 13:3 11:4 10:2,8801000006bb70a4b8b2d00000000019526e9c00000000000000000000000000000000000000000000000000000000000000000000000000000000000000008000ac0d0e02020201011101080205010d030b040a02000000000000000000000000000000003a0700151d190d101302d00702010501000000000000000000000006000000000000000000000000000000000000009ee60a0000a001000000000000000000000000000000000000000000000000000000000000000000000000000000
393,韓暹,51,36,9:1 18:2 7:1 3:2 15:1 5:2 6:1 11:1 10:2,8901000004c1fabee6000000000000eada529c00000000000000000000000000000000000000000000000000000000000000000000000000000000000000008000941109011202070103020f01050206010b010a0200000000000000000000000000000000330900131a09100f1002d007020105240000000000000000000000060000000000000000000000000000000000000097980800004c01000000000000000000000000000000000000000000000000000000000000000000000000000000
394,龔都,62,1,18:1 17:2 4:1 10:1 2:2 6:1 14:4 9:1 13:2,8a01000004c5c7b3a300000000000006db4d9c00000000000000000000000000000000000000000000000000000000000000000000000000000000000000008000781e1201110204010a01020206010e0409010d02000000000000000000000000000000003e0e00250d1c18160e02d0070102020100000000000000000000000200000000000000000000000000000000000000a299110000fc00000000000000000000000000000000000000000000000000000000000000000000000000000000
405,嚴白虎,79,37,8:2 13:1 16:1 3:1 4:2 9:2 18:1 17:2 1:2,9501000006c459a5d5aaea00000000c3da479c00000000000000000000000000000000000000000000000000000000000000000000000000000000000000008000844e08020d011001030104020902120111020102000000000000000000000000000000004f1d002f102c311c1202350c0102012500000000000000000000000c00000000000000000000000000000000000000b3171b00006201000000000000000000000000000000000000000000000000000000000000000000000000000000
407,嚴輿,77,37,13:2 11:1 7:1 6:1 1:4 8:2 17:2 4:2 18:1,9701000004c459c1d6000000000000f5da509c000000000000000000000000000000000000000000000000000000000000000000000000000000000000000080006c390d020b010701060101040802110204021201000000000000000000000000000000004d17002e1017271b11022e090102022500000000000000000000000a00000000000000000000000000000000000000b1eb1900005601000000000000000000000000000000000000000000000000000000000000000000000000000000
415,于吉,10,255,1:1 2:4 17:1 7:2 18:1 16:2 10:3 8:4 11:3,9f01000004a45fa64e00000000000053cb6b9c00000000000000000000000000000000000000000000000000000000000000000000000000000000000000008000ccd80101020411010702120110020a0308040b03000000000000000000000000000000000a39000406175f040301581b040303ff000000000000000000000019000000000000000000000000000000000000006e910000002d00000000000000000000000000000000000000000000000000000000000000000000000000000000
418,左慈,11,255,15:4 14:1 3:2 17:2 1:1 12:3 4:2 10:1 9:1,a201000004a5aab74f00000000000053cb6c9c0000000000000000000000000000000000000000000000000000000000000000000000000000000000000000800038c70f040e010302110201010c0304020a010901000000000000000000000000000000000b36000406155b040301581b040303ff000000000000000000000019000000000000000000000000000000000000006fa50000003300000000000000000000000000000000000000000000000000000000000000000000000000000000
421,華佗,18,255,16:2 11:3 6:1 15:1 10:3 12:4 14:1 5:1 1:1,a501000004b5d8a6ef00000000000053cb6d9c000000000000000000000000000000000000000000000000000000000000000000000000000000000000000080008ca010020b0306010f010a030c040e010501010100000000000000000000000000000000122f00060a494f0605010c17040303ff0000000000000000000000190000000000000000000000000000000000000076400100005900000000000000000000000000000000000000000000000000000000000000000000000000000000
422,司馬徽,19,255,8:1 10:2 18:1 14:1 12:4 2:1 3:1 17:3 7:1,a601000006a571b0a8c0b2000000001252579c00000000000000000000000000000000000000000000000000000000000000000000000000000000000000008000789b08010a0212010e010c04020103011103070100000000000000000000000000000000132e0008074a4e0707014416010603ff0000000000000000000000190000000000000000000000000000000000000077b80100004c00000000000000000000000000000000000000000000000000000000000000000000000000000000
432,徹里吉,63,4,11:2 7:3 13:1 5:1 1:3 4:1 10:1 8:2 6:1,b001000006b9fda8bda64e00000000c4da479c00000000000000000000000000000000000000000000000000000000000000000000000000000000000000008000f03c0b0207030d010501010304010a0108020601000000000000000000000000000000003f1800260d0929170e02c4090102010400000000000000000000000500000000000000000000000000000000000000a3201200000201000000000000000000000000000000000000000000000000000000000000000000000000000000
433,禰衡,20,255,15:2 7:1 11:3 9:1 5:1 2:4 6:2 18:3 14:1,b101000004f2a5bfc500000000000014db599c00000000000000000000000000000000000000000000000000000000000000000000000000000000000000008000d0070f0207010b03090105010204060212030e0100000000000000000000000000000000140400070b4b08060601d007040303ff0000000000000000000000170000000000000000000000000000000000000078720100006400000000000000000000000000000000000000000000000000000000000000000000000000000000
444,公孫恭,30,101,11:2 2:4 3:1 12:2 18:3 5:1 10:2 13:1 4:1,bc01000006a4bdae5daea500000000efda669c0000000000000000000000000000000000000000000000000000000000000000000000000000000000000000800084670b02020403010c02120305010a020d010401000000000000000000000000000000001e23000a111f3b080901230f040301650000000000000000000000100000000000000000000000000000000000000082e9020000aa00000000000000000000000000000000000000000000000000000000000000000000000000000000
453,公孫康,61,36,8:2 6:1 9:4 17:1 1:1 14:1 16:3 13:2 3:1,c501000006a4bdae5db16400000000c1da519c000000000000000000000000000000000000000000000000000000000000000000000000000000000000000080008467080206010904110101010e0110030d020301000000000000000000000000000000003d2300250d2b3b160e02230f0102012400000000000000000000000d00000000000000000000000000000000000000a112110000f600000000000000000000000000000000000000000000000000000000000000000000000000000000
454,孔岫,24,101,2:2 15:1 3:1 14:1 5:2 18:4 7:1 4:3 1:3,c601000004a4d5a9a600000000000015db599c00000000000000000000000000000000000000000000000000000000000000000000000000000000000000008000ac2602020f0103010e0105021204070104030103000000000000000000000000000000001811000a08321d080801d00701060165000000000000000000000011000000000000000000000000000000000000007ca30200006400000000000000000000000000000000000000000000000000000000000000000000000000000000
457,笮融,48,1,12:2 10:2 16:1 17:1 18:2 4:1 2:1 5:2 6:1,c901000004b2c8bfc4000000000000fbda4e9c00000000000000000000000000000000000000000000000000000000000000000000000000000000000000008000f0230c020a0210011101120204010201050206010000000000000000000000000000000030100012183b1b0e0f02d007020104010000000000000000000000030000000000000000000000000000000000000094b20700002e01000000000000000000000000000000000000000000000000000000000000000000000000000000
459,公孫度,61,12,15:1 2:3 9:4 18:1 4:2 11:4 12:1 13:2 17:1,cb01000006a4bdae5dabd7000000000b52469c0000000000000000000000000000000000000000000000000000000000000000000000000000000000000000800038630f0102030904120104020b040c010d021101000000000000000000000000000000003d2200250d1d39160e02a60e0102010c00000000000000000000000800000000000000000000000000000000000000a112110000f600000000000000000000000000000000000000000000000000000000000000000000000000000000
461,公孫瓚,76,37,8:1 14:4 16:1 1:3 5:1 3:3 11:4 18:1 10:1,cd01000006a4bdae5dc5d00000000008db549c00000000000000000000000000000000000000000000000000000000000000000000000000000000000000008000b47808010e0410010103050103030b0412010a01000000000000000000000000000000004c27002e102a411b110217110102012500000000000000000000000e00000000000000000000000000000000000000b0551900005001000000000000000000000000000000000000000000000000000000000000000000000000000000
463,潘鳳,64,32,6:1 13:1 16:2 1:4 10:1 12:1 11:3 9:4 3:2,cf01000004bcefbbf1000000000000d4da4f9c00000000000000000000000000000000000000000000000000000000000000000000000000000000000000008000d00706010d01100201040a010c010b030904030200000000000000000000000000000000400400260d1808170f02d0070102022000000000000000000000000200000000000000000000000000000000000000a4a71200000801000000000000000000000000000000000000000000000000000000000000000000000000000000
466,軻比能,77,1,13:1 5:2 12:4 1:3 7:1 18:3 10:1 14:1 3:1,d201000006b661a4f1afe00000000017db719c00000000000000000000000000000000000000000000000000000000000000000000000000000000000000008000bc1b0d0105020c040103070112030a010e010301000000000000000000000000000000004d0d00241a0d17171a01d0070106020100000000000000000000000600000000000000000000000000000000000000b1941600001a02000000000000000000000000000000000000000000000000000000000000000000000000000000
470,嚴綱,54,36,5:1 8:1 1:1 11:2 9:4 10:1 13:2 16:2 17:1,d601000004c459baf50000000000000c524f9c0000000000000000000000000000000000000000000000000000000000000000000000000000000000000000800000190501080101010b0209040a010d021002110100000000000000000000000000000000360c00200b1d15140c02d00701020524000000000000000000000009000000000000000000000000000000000000009a840d0000d200000000000000000000000000000000000000000000000000000000000000000000000000000000
474,張英,54,36,1:1 17:2 14:2 7:1 11:3 4:1 12:1 15:1 8:2,da01000004b169ad5e00000000000002db4d9c000000000000000000000000000000000000000000000000000000000000000000000000000000000000000080006432010111020e0207010b0304010c010f01080200000000000000000000000000000000361500200b2324140c024d0801020524000000000000000000000008000000000000000000000000000000000000009a840d0000d200000000000000000000000000000000000000000000000000000000000000000000000000000000
480,武安國,62,1,8:1 1:4 6:1 9:1 3:3 11:1 18:1 7:3 2:1,e001000006aa5aa677b0ea00000000f7da509c00000000000000000000000000000000000000000000000000000000000000000000000000000000000000008000d007080101040601090103030b01120107030201000000000000000000000000000000003e0400250d0907160e02d0070102020100000000000000000000000200000000000000000000000000000000000000a299110000fc00000000000000000000000000000000000000000000000000000000000000000000000000000000
484,周昕,55,4,5:1 2:3 6:1 16:3 1:2 13:2 15:1 9:2 12:1,e401000004a950a9fd000000000000cfda449c00000000000000000000000000000000000000000000000000000000000000000000000000000000000000008000b80b050102030601100301020d020f0109020c0100000000000000000000000000000000370600210b1f0a140d02d00701020504000000000000000000000005000000000000000000000000000000000000009b010e0000d700000000000000000000000000000000000000000000000000000000000000000000000000000000
485,公孫越,52,36,5:3 14:2 4:1 7:1 6:1 16:1 9:1 17:1 13:2,e501000006a4bdae5db65600000000ecda529c000000000000000000000000000000000000000000000000000000000000000000000000000000000000000080007c4705030e020401070106011001090111010d0200000000000000000000000000000000341b00131a252e0f11023b0b020105240000000000000000000000090000000000000000000000000000000000000098e80800005801000000000000000000000000000000000000000000000000000000000000000000000000000000
490,宋憲,52,5,16:1 13:1 2:3 6:1 9:1 10:1 7:2 18:1 8:2,ea01000004a7babecb000000000000edda459c00000000000000000000000000000000000000000000000000000000000000000000000000000000000000008000941110010d010203060109010a0107021201080200000000000000000000000000000000340900131a270f0f1102d007020105050000000000000000000000080000000000000000000000000000000000000098e80800005801000000000000000000000000000000000000000000000000000000000000000000000000000000
491,陳橫,47,36,5:3 11:1 14:3 4:1 2:1 13:3 3:2 15:2 1:2,eb01000004b3afbeee0000000000000adb439c00000000000000000000000000000000000000000000000000000000000000000000000000000000000000008000e83505030b010e03040102010d0303020f020102000000000000000000000000000000002f160011181c250e0f02ca08020105240000000000000000000000090000000000000000000000000000000000000093670700002501000000000000000000000000000000000000000000000000000000000000000000000000000000
494,樊建,20,45,3:3 11:2 6:2 12:2 1:3 16:4 18:2 8:1 4:4,ee01000004bcd4abd8000000000000eeda579c00000000000000000000000000000000000000000000000000000000000000000000000000000000000000008000085203030b0206020c020103100412020801040400000000000000000000000000000000141e0008063733060c01b20c0304032d00000000000000000000000f0000000000000000000000000000000000000078c20100006e00000000000000000000000000000000000000000000000000000000000000000000000000000000
497,蔡邕,6,207,4:4 17:1 14:2 7:1 16:3 13:2 18:2 1:3 6:2,f101000004bdb2b06f00000000000053cb6d9c000000000000000000000000000000000000000000000000000000000000000000000000000000000000000080003863040411010e02070110030d02120201030602000000000000000000000000000000000622000302483a030401a60e030403cf000000000000000000000014000000000000000000000000000000000000006a5a0000001e00000000000000000000000000000000000000000000000000000000000000000000000000000000
501,淑菁1,100,255,3:4 4:4 11:4 13:4 14:4 15:4 16:4 17:4 18:4,f501000005b251b5d73100000000003052484e0000000000000000000000000000000000000000000000000000000000000000000000000000000000000000800060ea030404040b040d040e040f0410041104120400000000000000000000000000000000643c00281d6464173c02581b0b0404ff00000000000000000000001900000000000000000000000000000000000000c8f6220000cd05000000000000000000000000000000000000000000000000000000000000000000000000000000
502,淑菁2,100,255,5:4 6:4 7:4 8:4 9:4 10:4 0:0 0:0 0:0,f601000005b251b5d73200000000003052484e0000000000000000000000000000000000000000000000000000000000000000000000000000000000000000800060ea050406040704080409040a0400000000000000000000000000000000000000000000643c00281d6464173c02581b0b0404ff00000000000000000000001900000000000000000000000000000000000000c8f6220000cd05000000000000000000000000000000000000000000000000000000000000000000000000000000
503,淑菁3,100,255,0:0 0:0 0:0 0:0 0:0 0:0 0:0 0:0 0:0,f701000005b251b5d73300000000003052484e0000000000000000000000000000000000000000000000000000000000000000000000000000000000000000800060ea00000000000000000000000000000000000000000000000000000000000000000000643c00281d6464173c02581b0b0404ff00000000000000000000001900000000000000000000000000000000000000c8f6220000cd05000000000000000000000000000000000000000000000000000000000000000000000000000000
504,淑菁4,100,255,0:0 0:0 0:0 0:0 0:0 0:0 0:0 0:0 0:0,f801000005b251b5d73400000000003052484e0000000000000000000000000000000000000000000000000000000000000000000000000000000000000000800060ea00000000000000000000000000000000000000000000000000000000000000000000643c00281d6464173c02581b0b0404ff00000000000000000000001900000000000000000000000000000000000000c8f6220000cd05000000000000000000000000000000000000000000000000000000000000000000000000000000
505,淑菁5,100,255,0:0 0:0 0:0 0:0 0:0 0:0 0:0 0:0 0:0,f901000005b251b5d73500000000003052484e0000000000000000000000000000000000000000000000000000000000000000000000000000000000000000800060ea00000000000000000000000000000000000000000000000000000000000000000000643c00281d6464173c02581b0b0404ff00000000000000000000001900000000000000000000000000000000000000c8f6220000cd05000000000000000000000000000000000000000000000000000000000000000000000000000000
506,淑菁6,100,255,0:0 0:0 0:0 0:0 0:0 0:0 0:0 0:0 0:0,fa01000005b251b5d73600000000003052484e0000000000000000000000000000000000000000000000000000000000000000000000000000000000000000800060ea00000000000000000000000000000000000000000000000000000000000000000000643c00281d6464173c02581b0b0404ff00000000000000000000001900000000000000000000000000000000000000c8f6220000cd05000000000000000000000000000000000000000000000000000000000000000000000000000000
507,淑菁7,100,255,0:0 0:0 0:0 0:0 0:0 0:0 0:0 0:0 0:0,fb01000005b251b5d73700000000003052484e0000000000000000000000000000000000000000000000000000000000000000000000000000000000000000800060ea00000000000000000000000000000000000000000000000000000000000000000000643c00281d6464173c02581b0b0404ff00000000000000000000001900000000000000000000000000000000000000c8f6220000cd05000000000000000000000000000000000000000000000000000000000000000000000000000000
508,淑菁8,100,255,0:0 0:0 0:0 0:0 0:0 0:0 0:0 0:0 0:0,fc01000005b251b5d73800000000003052484e0000000000000000000000000000000000000000000000000000000000000000000000000000000000000000800060ea00000000000000000000000000000000000000000000000000000000000000000000643c00281d6464173c02581b0b0404ff00000000000000000000001900000000000000000000000000000000000000c8f6220000cd05000000000000000000000000000000000000000000000000000000000000000000000000000000
509,淑菁9,100,255,0:0 0:0 0:0 0:0 0:0 0:0 0:0 0:0 0:0,fd01000005b251b5d73900000000003052484e0000000000000000000000000000000000000000000000000000000000000000000000000000000000000000800060ea00000000000000000000000000000000000000000000000000000000000000000000643c00281d6464173c02581b0b0404ff00000000000000000000001900000000000000000000000000000000000000c8f6220000cd05000000000000000000000000000000000000000000000000000000000000000000000000000000
510,淑菁10,100,255,0:0 0:0 0:0 0:0 0:0 0:0 0:0 0:0 0:0,fe01000006b251b5d73130000000003052484e0000000000000000000000000000000000000000000000000000000000000000000000000000000000000000800060ea00000000000000000000000000000000000000000000000000000000000000000000643c00281d6464173c02581b0b0404ff00000000000000000000001900000000000000000000000000000000000000c8f6220000cd05000000000000000000000000000000000000000000000000000000000000000000000000000000
511,淑菁11,100,255,0:0 0:0 0:0 0:0 0:0 0:0 0:0 0:0 0:0,ff01000006b251b5d73131000000003052484e0000000000000000000000000000000000000000000000000000000000000000000000000000000000000000800060ea00000000000000000000000000000000000000000000000000000000000000000000643c00281d6464173c02581b0b0404ff00000000000000000000001900000000000000000000000000000000000000c8f6220000cd05000000000000000000000000000000000000000000000000000000000000000000000000000000
512,淑菁12,100,255,0:0 0:0 0:0 0:0 0:0 0:0 0:0 0:0 0:0,0002000006b251b5d73132000000003052484e0000000000000000000000000000000000000000000000000000000000000000000000000000000000000000800060ea00000000000000000000000000000000000000000000000000000000000000000000643c00281d6464173c02581b0b0404ff00000000000000000000001900000000000000000000000000000000000000c8f6220000cd05000000000000000000000000000000000000000000000000000000000000000000000000000000
513,淑菁13,100,255,0:0 0:0 0:0 0:0 0:0 0:0 0:0 0:0 0:0,0102000006b251b5d73133000000003052484e0000000000000000000000000000000000000000000000000000000000000000000000000000000000000000800060ea00000000000000000000000000000000000000000000000000000000000000000000643c00281d6464173c02581b0b0404ff00000000000000000000001900000000000000000000000000000000000000c8f6220000cd05000000000000000000000000000000000000000000000000000000000000000000000000000000
514,淑菁14,100,255,0:0 0:0 0:0 0:0 0:0 0:0 0:0 0:0 0:0,0202000006b251b5d73134000000003052484e0000000000000000000000000000000000000000000000000000000000000000000000000000000000000000800060ea00000000000000000000000000000000000000000000000000000000000000000000643c00281d6464173c02581b0b0404ff00000000000000000000001900000000000000000000000000000000000000c8f6220000cd05000000000000000000000000000000000000000000000000000000000000000000000000000000
515,淑菁15,100,255,0:0 0:0 0:0 0:0 0:0 0:0 0:0 0:0 0:0,0302000006b251b5d73135000000003052484e0000000000000000000000000000000000000000000000000000000000000000000000000000000000000000800060ea00000000000000000000000000000000000000000000000000000000000000000000643c00281d6464173c02581b0b0404ff00000000000000000000001900000000000000000000000000000000000000c8f6220000cd05000000000000000000000000000000000000000000000000000000000000000000000000000000
516,淑菁16,100,255,0:0 0:0 0:0 0:0 0:0 0:0 0:0 0:0 0:0,0402000006b251b5d73136000000003052484e0000000000000000000000000000000000000000000000000000000000000000000000000000000000000000800060ea00000000000000000000000000000000000000000000000000000000000000000000643c00281d6464173c02581b0b0404ff00000000000000000000001900000000000000000000000000000000000000c8f6220000cd05000000000000000000000000000000000000000000000000000000000000000000000000000000
517,淑菁17,100,255,0:0 0:0 0:0 0:0 0:0 0:0 0:0 0:0 0:0,0502000006b251b5d73137000000003052484e0000000000000000000000000000000000000000000000000000000000000000000000000000000000000000800060ea00000000000000000000000000000000000000000000000000000000000000000000643c00281d6464173c02581b0b0404ff00000000000000000000001900000000000000000000000000000000000000c8f6220000cd05000000000000000000000000000000000000000000000000000000000000000000000000000000
518,淑菁18,100,255,0:0 0:0 0:0 0:0 0:0 0:0 0:0 0:0 0:0,0602000006b251b5d73138000000003052484e0000000000000000000000000000000000000000000000000000000000000000000000000000000000000000800060ea00000000000000000000000000000000000000000000000000000000000000000000643c00281d6464173c02581b0b0404ff00000000000000000000001900000000000000000000000000000000000000c8f6220000cd05000000000000000000000000000000000000000000000000000000000000000000000000000000
519,淑菁19,100,255,0:0 0:0 0:0 0:0 0:0 0:0 0:0 0:0 0:0,0702000006b251b5d73139000000003052484e0000000000000000000000000000000000000000000000000000000000000000000000000000000000000000800060ea00000000000000000000000000000000000000000000000000000000000000000000643c00281d6464173c02581b0b0404ff00000000000000000000001900000000000000000000000000000000000000c8f6220000cd05000000000000000000000000000000000000000000000000000000000000000000000000000000
520,淑菁20,100,255,0:0 0:0 0:0 0:0 0:0 0:0 0:0 0:0 0:0,0802000006b251b5d73230000000003052484e0000000000000000000000000000000000000000000000000000000000000000000000000000000000000000800060ea00000000000000000000000000000000000000000000000000000000000000000000643c00281d6464173c02581b0b0404ff00000000000000000000001900000000000000000000000000000000000000c8f6220000cd05000000000000000000000000000000000000000000000000000000000000000000000000000000
521,淑菁21,100,255,0:0 0:0 0:0 0:0 0:0 0:0 0:0 0:0 0:0,0902000006b251b5d73231000000003052484e0000000000000000000000000000000000000000000000000000000000000000000000000000000000000000800060ea00000000000000000000000000000000000000000000000000000000000000000000643c00281d6464173c02581b0b0404ff00000000000000000000001900000000000000000000000000000000000000c8f6220000cd05000000000000000000000000000000000000000000000000000000000000000000000000000000
522,淑菁22,100,255,0:0 0:0 0:0 0:0 0:0 0:0 0:0 0:0 0:0,0a02000006b251b5d73232000000003052484e0000000000000000000000000000000000000000000000000000000000000000000000000000000000000000800060ea00000000000000000000000000000000000000000000000000000000000000000000643c00281d6464173c02581b0b0404ff00000000000000000000001900000000000000000000000000000000000000c8f6220000cd05000000000000000000000000000000000000000000000000000000000000000000000000000000
523,淑菁23,100,255,0:0 0:0 0:0 0:0 0:0 0:0 0:0 0:0 0:0,0b02000006b251b5d73233000000003052484e0000000000000000000000000000000000000000000000000000000000000000000000000000000000000000800060ea00000000000000000000000000000000000000000000000000000000000000000000643c00281d6464173c02581b0b0404ff00000000000000000000001900000000000000000000000000000000000000c8f6220000cd05000000000000000000000000000000000000000000000000000000000000000000000000000000
524,淑菁24,100,255,0:0 0:0 0:0 0:0 0:0 0:0 0:0 0:0 0:0,0c02000006b251b5d73234000000003052484e0000000000000000000000000000000000000000000000000000000000000000000000000000000000000000800060ea00000000000000000000000000000000000000000000000000000000000000000000643c00281d6464173c02581b0b0404ff00000000000000000000001900000000000000000000000000000000000000c8f6220000cd05000000000000000000000000000000000000000000000000000000000000000000000000000000
525,淑菁25,100,255,0:0 0:0 0:0 0:0 0:0 0:0 0:0 0:0 0:0,0d02000006b251b5d73235000000003052484e0000000000000000000000000000000000000000000000000000000000000000000000000000000000000000800060ea00000000000000000000000000000000000000000000000000000000000000000000643c00281d6464173c02581b0b0404ff00000000000000000000001900000000000000000000000000000000000000c8f6220000cd05000000000000000000000000000000000000000000000000000000000000000000000000000000
526,鄧艾,83,255,16:2 12:4 14:1 11:1 17:1 15:2 18:1 10:2 8:1,0e02000004be48a6e3000000000000f2da1c0000000000000000000000000000000000000000000000000000000000000000000000000000000000000000008000509110020c040e010b0111010f0212010a02080100000000000000000000000000000000532c001b2e554a151801b414040303ff00000000000000000000001800000000000000000000000000000000000000b7051400007f03000000000000000000000000000000000000000000000000000000000000000000000000000000
527,司馬昭,52,105,18:3 6:2 15:1 12:2 17:1 4:4 9:2 7:1 16:2,0f02000006a571b0a8ac4c00000000d3da1e00000000000000000000000000000000000000000000000000000000000000000000000000000000000000000080001482120306020f010c02110104040902070110020000000000000000000000000000000034290018124f451012015c12010604690000000000000000000000130000000000000000000000000000000000000098f00a00000a01000000000000000000000000000000000000000000000000000000000000000000000000000000
528,郝昭,78,237,12:3 10:4 11:1 8:1 13:1 4:3 17:3 1:1 7:1,1002000004b071ac4c00000000000011522d4e00000000000000000000000000000000000000000000000000000000000000000000000000000000000000008000007d0c030a040b0108010d010403110301010701000000000000000000000000000000004e28002a124e441f10029411010503ed00000000000000000000001500000000000000000000000000000000000000b27e1d00002201000000000000000000000000000000000000000000000000000000000000000000000000000000
529,陳泰,75,237,18:3 13:1 14:1 11:1 6:3 5:2 12:4 8:1 9:2,1102000004b3afaef50000000000000c522100000000000000000000000000000000000000000000000000000000000000000000000000000000000000000080001c7012030d010e010b01060305020c0408010902000000000000000000000000000000004b25002219463e1619011d10010601ed00000000000000000000001300000000000000000000000000000000000000af7c150000fe01000000000000000000000000000000000000000000000000000000000000000000000000000000
530,諸葛誕,77,237,4:1 16:2 12:1 18:1 6:1 1:2 8:1 14:4 9:2,1202000006bdd1b8afbdcf00000000cbda220000000000000000000000000000000000000000000000000000000000000000000000000000000000000000008000789b040110020c0112010601010208010e040902000000000000000000000000000000004d2e002e10454e1b11024416010201ed00000000000000000000001200000000000000000000000000000000000000b1eb1900005601000000000000000000000000000000000000000000000000000000000000000000000000000000
531,司馬師,53,239,10:1 6:2 17:3 15:1 18:4 3:1 4:4 8:1 2:1,1302000006a571b0a8ae7600000000e2da230000000000000000000000000000000000000000000000000000000000000000000000000000000000000000008000007d0a01060211030f011204030104040801020100000000000000000000000000000000352800181249441012019411010603ef0000000000000000000000140000000000000000000000000000000000000099540b00001201000000000000000000000000000000000000000000000000000000000000000000000000000000
532,王濬,82,110,18:1 17:2 10:1 14:1 15:1 7:2 2:1 1:4 4:2,1402000004a4fdc0e0000000000000edda2900000000000000000000000000000000000000000000000000000000000000000000000000000000000000000080006496120111020a010e010f01070202010104040200000000000000000000000000000000522d003111394b1d13027c150102016e00000000000000000000001300000000000000000000000000000000000000b6ed1c00007601000000000000000000000000000000000000000000000000000000000000000000000000000000
533,曹丕,67,229,11:3 18:4 14:1 1:2 7:1 16:1 9:1 13:1 10:2,1502000004b1e4a5410000000000000952224e0000000000000000000000000000000000000000000000000000000000000000000000000000000000000000800014cd0b0312040e0101020701100109010d010a02000000000000000000000000000000004337001f17535c141701581b0b0601e500000000000000000000001300000000000000000000000000000000000000a77b1100009701000000000000000000000000000000000000000000000000000000000000000000000000000000
534,夏侯霸,83,45,7:2 17:1 8:2 16:2 15:1 6:1 18:1 5:2 11:2,1602000006ae4cab4ac5510000000002db3000000000000000000000000000000000000000000000000000000000000000000000000000000000000000000080001c7007021101080210020f010601120105020b02000000000000000000000000000000005325003211433e1d13021d100102022d00000000000000000000000f00000000000000000000000000000000000000b78d1d00007d01000000000000000000000000000000000000000000000000000000000000000000000000000000
535,王平,75,45,1:4 17:2 8:1 9:4 4:1 7:3 14:3 13:2 5:1,1702000004a4fda5ad000000000000ccda31000000000000000000000000000000000000000000000000000000000000000000000000000000000000000000800084670104110208010904040107030e030d020501000000000000000000000000000000004b23002d0f313b1b1102230f0102022d00000000000000000000000f00000000000000000000000000000000000000afbf1800004a01000000000000000000000000000000000000000000000000000000000000000000000000000000
536,郭淮,64,45,6:1 15:1 10:1 18:1 4:1 11:2 2:3 12:1 17:2,1802000004b3a2b2610000000000000adb320000000000000000000000000000000000000000000000000000000000000000000000000000000000000000008000386306010f010a01120104010b0202030c01110200000000000000000000000000000000402200260d3b3a170f02a60e0102012d00000000000000000000000f00000000000000000000000000000000000000a4a71200000801000000000000000000000000000000000000000000000000000000000000000000000000000000
537,夏侯和,60,109,4:4 12:4 11:3 1:2 14:1 5:2 13:1 15:1 7:1,1902000006ae4cab4aa94d0000000010db330000000000000000000000000000000000000000000000000000000000000000000000000000000000000000008000d06b04040c040b0301020e0105020d010f010701000000000000000000000000000000003c24001c143f3d121401a00f0106036d00000000000000000000001200000000000000000000000000000000000000a0420e00004a01000000000000000000000000000000000000000000000000000000000000000000000000000000
538,文欽,66,5,6:1 1:1 8:1 5:2 7:2 3:2 2:1 9:4 15:1,1a02000004a4e5b4dc00000000000005db3400000000000000000000000000000000000000000000000000000000000000000000000000000000000000000080006829060101010801050207020302020109040f0100000000000000000000000000000000421200280e1c1f180f02d0070102010500000000000000000000000800000000000000000000000000000000000000a6ba1300001401000000000000000000000000000000000000000000000000000000000000000000000000000000
539,夏侯惠,65,109,4:2 9:2 12:3 18:4 17:3 14:1 2:1 3:1 10:1,1b02000006ae4cab4ab46600000000f3da350000000000000000000000000000000000000000000000000000000000000000000000000000000000000000008000d06b040209020c03120411030e01020103010a01000000000000000000000000000000004124001e16403d141601a00f0106036d00000000000000000000001100000000000000000000000000000000000000a5811000008101000000000000000000000000000000000000000000000000000000000000000000000000000000
540,王基,51,109,17:2 18:1 4:2 13:2 16:3 8:1 6:1 10:1 2:1,1c02000004a4fdb0f200000000000003db360000000000000000000000000000000000000000000000000000000000000000000000000000000000000000008000004b1102120104020d021003080106010a01020100000000000000000000000000000000331c001f0b2930130c02b80b0102036d00000000000000000000001200000000000000000000000000000000000000970d0c0000c300000000000000000000000000000000000000000000000000000000000000000000000000000000
541,曹彰,82,33,6:1 4:2 9:4 15:1 2:3 16:2 10:1 1:3 7:3,1d02000004b1e4b9fc0000000000000952234e0000000000000000000000000000000000000000000000000000000000000000000000000000000000000000800064960601040209040f01020310020a010103070300000000000000000000000000000000522d003111124c1d13027c150b02012100000000000000000000000800000000000000000000000000000000000000b6ed1c00007601000000000000000000000000000000000000000000000000000000000000000000000000000000
542,王昶,46,37,6:1 16:1 15:2 4:4 1:1 9:3 14:1 11:2 18:4,1e02000004a4fdceeb000000000000c9da3a0000000000000000000000000000000000000000000000000000000000000000000000000000000000000000008000004b060110010f020404010109030e010b021204000000000000000000000000000000002e1c0015101c300e1001b80b0106012500000000000000000000000b0000000000000000000000000000000000000092ac080000e000000000000000000000000000000000000000000000000000000000000000000000000000000000
543,夏侯威,75,101,11:2 8:1 9:4 2:3 1:2 6:1 5:2 12:1 15:1,1f02000006ae4cab4aabc20000000010523c0000000000000000000000000000000000000000000000000000000000000000000000000000000000000000008000d06b0b020801090402030102060105020c010f01000000000000000000000000000000004b24002d0f363d1b1102a00f0102026500000000000000000000000f00000000000000000000000000000000000000afbf1800004a01000000000000000000000000000000000000000000000000000000000000000000000000000000
544,毌丘儉,57,109,14:1 13:2 12:1 1:3 4:2 15:1 10:1 16:3 11:1,2002000006c960a543bbfc00000000c6da3e0000000000000000000000000000000000000000000000000000000000000000000000000000000000000000008000ec5e0e010d020c01010304020f010a0110030b0100000000000000000000000000000000392100220c3137150d02290e0102036d000000000000000000000011000000000000000000000000000000000000009d050f0000e100000000000000000000000000000000000000000000000000000000000000000000000000000000
545,司馬望,50,45,15:2 14:1 2:1 17:2 10:2 13:1 8:4 6:1 4:3,2102000006a571b0a8b1e600000000e3da3f000000000000000000000000000000000000000000000000000000000000000000000000000000000000000000800038630f020e01020111020a020d0108040601040300000000000000000000000000000000322200101c45390d0f01a60e0403042d00000000000000000000000e0000000000000000000000000000000000000096e40700005e01000000000000000000000000000000000000000000000000000000000000000000000000000000
546,曹爽,51,4,10:1 2:1 4:1 13:4 11:2 14:3 15:2 7:1 18:2,2202000004b1e4b26e000000000000d0da410000000000000000000000000000000000000000000000000000000000000000000000000000000000000000008000ec5e0a01020104010d040b020e030f020701120200000000000000000000000000000000332100150f3b370d1f01290e020404040000000000000000000000050000000000000000000000000000000000000097f10900008401000000000000000000000000000000000000000000000000000000000000000000000000000000
547,胡遵,54,33,10:1 5:2 18:1 9:2 15:1 3:3 1:2 4:1 8:2,2302000004ad4abfed000000000000c7da420000000000000000000000000000000000000000000000000000000000000000000000000000000000000000008000004b0a010502120109020f01030301020401080200000000000000000000000000000000361c00200b2a30140c02b80b01020521000000000000000000000009000000000000000000000000000000000000009a840d0000d200000000000000000000000000000000000000000000000000000000000000000000000000000000
548,曹宇,44,37,12:2 7:3 18:1 4:4 14:2 6:2 2:1 5:3 15:1,2402000004b1e4a6740000000000000edb450000000000000000000000000000000000000000000000000000000000000000000000000000000000000000008000007d0c020703120104040e020602020105030f01000000000000000000000000000000002c2800120d3f440b1a0194110304042500000000000000000000000e0000000000000000000000000000000000000090800700003b01000000000000000000000000000000000000000000000000000000000000000000000000000000
549,田續,46,37,10:1 5:2 8:1 9:1 12:2 16:1 15:2 7:1 4:1,2502000004a5d0c4f2000000000000e9da47000000000000000000000000000000000000000000000000000000000000000000000000000000000000000000800088130a010502080109010c0210010f0207010401000000000000000000000000000000002e0a00111713110d0f02d0070201052500000000000000000000000a00000000000000000000000000000000000000921c0700001c01000000000000000000000000000000000000000000000000000000000000000000000000000000
550,曹羲,46,37,6:2 8:4 15:4 9:1 7:2 4:3 11:3 13:1 17:2,2602000004b1e4bfaa000000000000e3da490000000000000000000000000000000000000000000000000000000000000000000000000000000000000000008000a05a060208040f040901070204030b030d011102000000000000000000000000000000002e20000e1a3a360c0d01ac0d0203032500000000000000000000000f0000000000000000000000000000000000000092b80600003601000000000000000000000000000000000000000000000000000000000000000000000000000000
551,陳騫,59,37,6:1 14:4 15:1 11:4 5:2 3:3 4:1 18:1 17:2,2702000004b3afc4ca00000000000016524d00000000000000000000000000000000000000000000000000000000000000000000000000000000000000000080006c3906010e040f010b0405020303040112011102000000000000000000000000000000003b1700230c2827150d022e090102052500000000000000000000000d000000000000000000000000000000000000009f09100000eb00000000000000000000000000000000000000000000000000000000000000000000000000000000
552,尹大目,38,100,4:4 14:1 8:1 1:3 11:2 2:1 6:1 17:1 13:1,2802000006a4a8a46aa5d800000000eeda4e0000000000000000000000000000000000000000000000000000000000000000000000000000000000000000008000682904040e01080101030b020201060111010d0100000000000000000000000000000000261200100b461f0a1701d0070304046400000000000000000000000f000000000000000000000000000000000000008ab40500000101000000000000000000000000000000000000000000000000000000000000000000000000000000
553,越吉,66,4,10:1 12:1 7:2 11:4 13:2 8:2 9:3 16:3 6:1,2902000004b656a64e0000000000001a52510000000000000000000000000000000000000000000000000000000000000000000000000000000000000000008000ac0d0a010c0107020b040d02080209031003060100000000000000000000000000000000420700280e040c180f02d0070102020400000000000000000000000200000000000000000000000000000000000000a6ba1300001401000000000000000000000000000000000000000000000000000000000000000000000000000000
554,曹熊,16,36,5:2 16:2 11:2 8:1 1:3 17:1 2:1 3:3 18:2,2a02000004b1e4bab5000000000000dbda5200000000000000000000000000000000000000000000000000000000000000000000000000000000000000000080002887050210020b0208010103110102010303120200000000000000000000000000000000102a0007053947050a012413030401240000000000000000000000090000000000000000000000000000000000000074360100005600000000000000000000000000000000000000000000000000000000000000000000000000000000
555,程武,32,101,7:1 1:1 10:3 13:1 16:2 15:4 8:2 6:1 11:3,2b02000004b57baa5a00000000000014db530000000000000000000000000000000000000000000000000000000000000000000000000000000000000000008000f03c070101010a030d0110020f04080206010b03000000000000000000000000000000002018000b124228090901c40904030365000000000000000000000011000000000000000000000000000000000000008457030000ba00000000000000000000000000000000000000000000000000000000000000000000000000000000
556,王雙,84,4,11:1 16:2 7:1 6:1 3:2 14:1 10:1 1:3 2:1,2c02000004a4fdc2f9000000000000fcda54000000000000000000000000000000000000000000000000000000000000000000000000000000000000000000800044160b0110020701060103020e010a010103020100000000000000000000000000000000540b0032110e131e1302d0070102020400000000000000000000000200000000000000000000000000000000000000b82d1e00008401000000000000000000000000000000000000000000000000000000000000000000000000000000
557,曹叡,44,237,13:1 15:3 5:1 2:4 7:1 3:2 16:1 1:1 17:1,2d02000004b1e4e8fb000000000000dcda570000000000000000000000000000000000000000000000000000000000000000000000000000000000000000008000b4aa0d010f030501020407010302100101011101000000000000000000000000000000002c31000e1840520c0d019c18040301ed00000000000000000000001200000000000000000000000000000000000000902c0600002201000000000000000000000000000000000000000000000000000000000000000000000000000000
558,夏侯玄,22,109,18:1 11:1 4:3 14:2 13:2 2:1 17:1 7:3 9:2,2e02000006ae4cab4aa5c80000000010db580000000000000000000000000000000000000000000000000000000000000000000000000000000000000000008000007d12010b0104030e020d0202011101070309020000000000000000000000000000000016280009075344060d0194110304046d000000000000000000000010000000000000000000000000000000000000007a1c0200007d00000000000000000000000000000000000000000000000000000000000000000000000000000000
559,張虎,51,37,12:1 8:2 16:2 9:1 15:1 11:3 4:2 1:4 2:1,2f02000004b169aaea000000000000e6da59000000000000000000000000000000000000000000000000000000000000000000000000000000000000000000800008520c010802100209010f010b0304020104020100000000000000000000000000000000331e001f0b2633130c02b20c0102052500000000000000000000000b00000000000000000000000000000000000000970d0c0000c300000000000000000000000000000000000000000000000000000000000000000000000000000000
560,王經,36,45,14:2 10:1 3:3 8:2 9:1 7:2 13:1 6:1 4:2,3002000004a4fdb8670000000000000f525a0000000000000000000000000000000000000000000000000000000000000000000000000000000000000000008000d06b0e020a0103030802090107020d0106010402000000000000000000000000000000002424001608413c0e0802a00f0102042d00000000000000000000000e0000000000000000000000000000000000000088f00500007c00000000000000000000000000000000000000000000000000000000000000000000000000000000
561,吳綱,26,39,4:2 3:4 18:2 13:1 5:1 1:2 14:2 17:1 10:1,3102000004a764baf50000000000001852600000000000000000000000000000000000000000000000000000000000000000000000000000000000000000008000d06b0402030412020d01050101020e0211010a01000000000000000000000000000000001a24000b083c3c071001a00f0304042700000000000000000000000d000000000000000000000000000000000000007eda0200009b00000000000000000000000000000000000000000000000000000000000000000000000000000000
562,樂綝,41,1,2:3 15:1 6:1 7:2 12:2 8:1 11:3 17:1 13:1,3202000004bcd6e36a000000000000f8da630000000000000000000000000000000000000000000000000000000000000000000000000000000000000000008000342102030f01060107020c0208010b0311010d0100000000000000000000000000000000290f000f150a190c0d02d00702010501000000000000000000000006000000000000000000000000000000000000008de1050000ef00000000000000000000000000000000000000000000000000000000000000000000000000000000
563,馬遵,52,45,9:1 10:2 18:1 7:1 14:3 4:1 15:2 5:1 13:3,3302000004b0a8bfed00000000000007db640000000000000000000000000000000000000000000000000000000000000000000000000000000000000000008000ec5e09010a02120107010e0304010f0205010d0300000000000000000000000000000000342100131a2f370f1102290e0201052d00000000000000000000000d0000000000000000000000000000000000000098e80800005801000000000000000000000000000000000000000000000000000000000000000000000000000000
564,雅丹,63,37,11:3 18:1 15:1 1:1 12:1 14:1 5:2 8:2 4:1,3402000004b6aea4a6000000000000145268000000000000000000000000000000000000000000000000000000000000000000000000000000000000000000800094110b0312010f0101010c010e01050208020401000000000000000000000000000000003f0900260d2a0f170e02d0070102022500000000000000000000000d00000000000000000000000000000000000000a3201200000201000000000000000000000000000000000000000000000000000000000000000000000000000000
565,郭奕,18,237,18:4 5:2 2:2 14:1 10:2 6:2 4:2 17:1 7:1,3502000004b3a2abb300000000000011db6a000000000000000000000000000000000000000000000000000000000000000000000000000000000000000000800088131204050202020e010a02060204021101070100000000000000000000000000000000120a0008064a11070601d007010603ed0000000000000000000000140000000000000000000000000000000000000076950100004700000000000000000000000000000000000000000000000000000000000000000000000000000000
566,夏侯楙,32,36,13:2 6:1 16:1 14:3 1:2 9:1 10:1 8:1 11:2,3602000006ae4cab4addd500000000c2da6b0000000000000000000000000000000000000000000000000000000000000000000000000000000000000000008000f0230d02060110010e03010209010a0108010b02000000000000000000000000000000002010000c10161b0a0a02d007020105240000000000000000000000070000000000000000000000000000000000000084fc030000a600000000000000000000000000000000000000000000000000000000000000000000000000000000
567,桓範,24,237,1:1 18:3 11:1 16:2 12:3 17:2 13:1 3:2 5:1,3702000004aed9bd640000000000000f526f00000000000000000000000000000000000000000000000000000000000000000000000000000000000000000080008467010112030b0110020c0311020d010302050100000000000000000000000000000000182300080d3f3b070701230f040303ed000000000000000000000014000000000000000000000000000000000000007cea0100008000000000000000000000000000000000000000000000000000000000000000000000000000000000
568,蔣濟,22,229,13:1 7:1 6:4 4:3 15:2 16:1 8:1 1:3 14:1,3802000004bdb1c0d9000000000000ddda70000000000000000000000000000000000000000000000000000000000000000000000000000000000000000000800008520d010701060404030f021001080101030e0100000000000000000000000000000000161e000a085132080801b20c010604e5000000000000000000000014000000000000000000000000000000000000007a3f0200005a00000000000000000000000000000000000000000000000000000000000000000000000000000000
569,尹賞,21,33,3:3 1:3 15:1 7:4 13:2 12:3 6:2 14:2 18:1,3902000004a4a8bde0000000000000dcda710000000000000000000000000000000000000000000000000000000000000000000000000000000000000000008000f023030301030f0107040d020c0306020e021201000000000000000000000000000000001510000906411b060d01d007030404210000000000000000000000080000000000000000000000000000000000000079ef0100007600000000000000000000000000000000000000000000000000000000000000000000000000000000
570,曹植,17,237,17:1 15:4 10:2 4:3 16:2 5:1 7:1 13:1 2:4,3a02000004b1e4b4d30000000000000e52244e0000000000000000000000000000000000000000000000000000000000000000000000000000000000000000800038c711010f040a0204031002050107010d0102040000000000000000000000000000000011360006093f5b060501581b0e0303ed0000000000000000000000150000000000000000000000000000000000000075270100005400000000000000000000000000000000000000000000000000000000000000000000000000000000
571,張節,8,33,7:2 12:1 17:1 3:2 5:2 2:1 4:1 1:1 16:1,3b02000004b169b8600000000000001252740000000000000000000000000000000000000000000000000000000000000000000000000000000000000000008000ec5e07020c0111010302050202010401010110010000000000000000000000000000000008210003043438040302290e0201052100000000000000000000000b000000000000000000000000000000000000006c820000002000000000000000000000000000000000000000000000000000000000000000000000000000000000
572,杜預,69,103,12:3 16:1 14:2 8:1 5:1 2:3 10:4 13:1 3:1,3c02000004a7f9b977000000000000e5da7a0000000000000000000000000000000000000000000000000000000000000000000000000000000000000000008000b4780c0310010e020801050102030a040d01030100000000000000000000000000000000452700251045411c0e0217110105036700000000000000000000001300000000000000000000000000000000000000a970170000f500000000000000000000000000000000000000000000000000000000000000000000000000000000
573,馬良,19,239,17:1 15:2 16:1 10:1 7:1 18:3 6:2 12:4 9:1,3d02000004b0a8a87d00000000000015db8e0000000000000000000000000000000000000000000000000000000000000000000000000000000000000000008000649611010f0210010a010701120306020c04090100000000000000000000000000000000132d000807544b0707017c15010604ef0000000000000000000000150000000000000000000000000000000000000077b80100004c00000000000000000000000000000000000000000000000000000000000000000000000000000000
574,劉賢,45,36,3:4 4:3 18:2 5:2 1:1 11:2 13:1 2:1 8:1,3e02000004bc42bde5000000000000d7da9800000000000000000000000000000000000000000000000000000000000000000000000000000000000000000080003863030404031202050201010b020d0102010801000000000000000000000000000000002d2200120d38390b1b01a60e0304012400000000000000000000000b0000000000000000000000000000000000000091d00700004501000000000000000000000000000000000000000000000000000000000000000000000000000000
575,孟優,68,4,9:3 2:3 1:3 8:2 12:1 15:1 5:1 14:4 6:1,3f02000004a973c07500000000000016db9a0000000000000000000000000000000000000000000000000000000000000000000000000000000000000000008000545609030203010308020c010f0105010e04060100000000000000000000000000000000441f00290e0935180f022f0d0102020400000000000000000000000400000000000000000000000000000000000000a8d21400002001000000000000000000000000000000000000000000000000000000000000000000000000000000
576,帶來洞主,54,8,9:2 2:1 6:1 13:1 15:2 1:3 7:2 4:1 10:2,4002000008b161a8d3ac7da54400001b529b000000000000000000000000000000000000000000000000000000000000000000000000000000000000000000800088130902020106010d010f020103070204010a0200000000000000000000000000000000360a00141b1d120f1102d00702010508000000000000000000000004000000000000000000000000000000000000009a880900007001000000000000000000000000000000000000000000000000000000000000000000000000000000
577,姜維,84,255,5:1 6:3 12:2 1:2 14:1 7:1 13:2 2:3 17:3,4102000004abb8bafb0000000000001352504e000000000000000000000000000000000000000000000000000000000000000000000000000000000000000080003c8c050106030c0201020e0107010d020203110300000000000000000000000000000000542b002e134849211102ec13010503ff00000000000000000000001700000000000000000000000000000000000000b8de2100004401000000000000000000000000000000000000000000000000000000000000000000000000000000
578,陳式,69,36,10:1 2:2 8:1 1:4 7:3 16:1 15:1 9:2 3:1,4202000004b3afa6a1000000000000c1daa4000000000000000000000000000000000000000000000000000000000000000000000000000000000000000000800000190a01020208010104070310010f010902030100000000000000000000000000000000450c00290e3114191002d0070102022400000000000000000000000e00000000000000000000000000000000000000a95e1500002601000000000000000000000000000000000000000000000000000000000000000000000000000000
579,關平,72,109,15:1 4:1 9:1 8:2 10:1 13:1 1:1 5:2 3:1,4302000004c3f6a5ad0000000000000952514e000000000000000000000000000000000000000000000000000000000000000000000000000000000000000080001c700f010401090108020a010d01010105020301000000000000000000000000000000004825002b0f2e3e1a10021d100b02026d00000000000000000000001000000000000000000000000000000000000000ac0c1700003801000000000000000000000000000000000000000000000000000000000000000000000000000000
580,馬謖,58,237,15:2 14:1 7:1 9:3 1:2 6:1 12:1 4:4 11:2,4402000004b0a8eea20000000000001952574e00000000000000000000000000000000000000000000000000000000000000000000000000000000000000008000ec5e0f020e0107010903010206010c0104040b02000000000000000000000000000000003a21001a144338121401290e0b0603ed000000000000000000000013000000000000000000000000000000000000009e660d00003a01000000000000000000000000000000000000000000000000000000000000000000000000000000
581,向寵,31,101,9:1 15:4 18:2 3:2 4:3 14:1 2:1 1:1 8:4,4502000004a656c36400000000000006dba800000000000000000000000000000000000000000000000000000000000000000000000000000000000000000080001c7009010f041202030204030e01020101010804000000000000000000000000000000001f25000b113f3e0909011d1004030365000000000000000000000010000000000000000000000000000000000000008320030000b200000000000000000000000000000000000000000000000000000000000000000000000000000000
582,張翼,57,44,13:2 2:1 7:3 5:2 18:1 17:2 8:1 12:1 15:1,4602000004b169c16c000000000000d1daa90000000000000000000000000000000000000000000000000000000000000000000000000000000000000000008000ec5e0d020201070305021201110208010c010f0100000000000000000000000000000000392100220c3038150d02290e0102012c00000000000000000000000d000000000000000000000000000000000000009d050f0000e100000000000000000000000000000000000000000000000000000000000000000000000000000000
583,張嶷,66,237,14:4 11:3 2:1 10:1 4:1 17:1 3:1 18:1 7:2,4702000004b169ecda000000000000eadaab00000000000000000000000000000000000000000000000000000000000000000000000000000000000000000080003c8c0e040b0302010a010401110103011201070200000000000000000000000000000000422b00280e4a49180f02ec13010204ed00000000000000000000001200000000000000000000000000000000000000a6ba1300001401000000000000000000000000000000000000000000000000000000000000000000000000000000
584,費禕,15,109,9:1 6:3 13:1 12:4 10:2 5:2 14:1 15:1 3:1,4802000004b64fe2fc0000000000000cdbac0000000000000000000000000000000000000000000000000000000000000000000000000000000000000000008000007d090106030d010c040a0205020e010f010301000000000000000000000000000000000f28000605594406050194110106046d00000000000000000000001000000000000000000000000000000000000000732c0100003a00000000000000000000000000000000000000000000000000000000000000000000000000000000
585,蔣琬,44,237,18:2 11:2 6:2 10:1 12:3 7:3 8:1 9:2 15:1,4902000004bdb1da7b000000000000dadaad0000000000000000000000000000000000000000000000000000000000000000000000000000000000000000008000288712020b0206020a010c030703080109020f01000000000000000000000000000000002c2a00120d58460b1a012413030404ed0000000000000000000000130000000000000000000000000000000000000090800700003b01000000000000000000000000000000000000000000000000000000000000000000000000000000
586,關索,74,37,6:1 11:1 2:3 9:2 8:2 12:1 15:1 13:1 1:1,4a02000004c3f6afc100000000000009524d4e000000000000000000000000000000000000000000000000000000000000000000000000000000000000000080001c7006010b010203090208020c010f010d010101000000000000000000000000000000004a25002c0f113e1a11021d100b02022500000000000000000000000e00000000000000000000000000000000000000ae2e1800004401000000000000000000000000000000000000000000000000000000000000000000000000000000
587,關興,73,109,14:4 3:3 2:1 4:2 6:1 9:1 12:1 7:3 10:1,4b02000004c3f6bfb300000000000011524f4e00000000000000000000000000000000000000000000000000000000000000000000000000000000000000008000d06b0e04030302010402060109010c0107030a01000000000000000000000000000000004924002c0f203d1a1102a00f0b02026d00000000000000000000001000000000000000000000000000000000000000ad9d1700003e01000000000000000000000000000000000000000000000000000000000000000000000000000000
588,張苞,74,37,11:2 5:1 1:2 18:1 13:2 9:3 4:1 15:1 14:1,4c02000004b169ad630000000000000c524e4e00000000000000000000000000000000000000000000000000000000000000000000000000000000000000008000f03c0b020501010212010d02090304010f010e01000000000000000000000000000000004a18002c0f1f291a1102c4090b02022500000000000000000000000a00000000000000000000000000000000000000ae2e1800004401000000000000000000000000000000000000000000000000000000000000000000000000000000
589,馬忠,51,33,3:2 16:2 12:1 2:3 11:4 17:1 6:1 9:4 15:1,4d02000004b0a8a9be000000000000e8dab10000000000000000000000000000000000000000000000000000000000000000000000000000000000000000008000f843030210020c0102030b041101060109040f0100000000000000000000000000000000331a001f0b192c130c02be0a0102052100000000000000000000000a00000000000000000000000000000000000000970d0c0000c300000000000000000000000000000000000000000000000000000000000000000000000000000000
590,高定,54,44,17:1 16:1 3:2 8:3 13:4 5:4 14:3 9:1 2:1,4e02000004b0aaa977000000000000cfdab20000000000000000000000000000000000000000000000000000000000000000000000000000000000000000008000545611011001030208030d0405040e030901020100000000000000000000000000000000361f00141b20340f11022f0d0201052c00000000000000000000000b000000000000000000000000000000000000009a880900007001000000000000000000000000000000000000000000000000000000000000000000000000000000
591,霍弋,49,44,4:1 16:1 12:1 3:1 11:3 6:1 15:2 7:2 10:1,4f02000004c04ea47c000000000000ebdab300000000000000000000000000000000000000000000000000000000000000000000000000000000000000000080000852040110010c0103010b0306010f0207020a0100000000000000000000000000000000311e00121925330e1002b20c0201032c00000000000000000000000e0000000000000000000000000000000000000095fd0700003701000000000000000000000000000000000000000000000000000000000000000000000000000000
592,楊儀,45,45,9:2 10:1 14:1 5:3 15:1 16:4 2:1 11:1 1:1,5002000004b7a8bbf6000000000000dfdab40000000000000000000000000000000000000000000000000000000000000000000000000000000000000000008000001909020a010e0105030f01100402010b010101000000000000000000000000000000002d0c00120d3f150b1b01d0070304042d00000000000000000000000f0000000000000000000000000000000000000091d00700004501000000000000000000000000000000000000000000000000000000000000000000000000000000
593,董厥,39,101,16:2 13:1 7:2 17:2 9:1 12:4 18:2 4:1 5:1,5102000004b8b3b3d6000000000000dbdab50000000000000000000000000000000000000000000000000000000000000000000000000000000000000000008000085210020d010702110209010c0412020401050100000000000000000000000000000000271e000d163e320a0b01b20c04030365000000000000000000000011000000000000000000000000000000000000008bec040000f200000000000000000000000000000000000000000000000000000000000000000000000000000000
594,趙廣,64,37,13:2 7:1 18:1 3:1 16:1 11:3 5:2 4:2 12:1,5202000004bbafbc73000000000000c4dab60000000000000000000000000000000000000000000000000000000000000000000000000000000000000000008000d06b0d0207011201030110010b03050204020c0100000000000000000000000000000000402400260d2c3c170f02a00f0102022500000000000000000000000d00000000000000000000000000000000000000a4a71200000801000000000000000000000000000000000000000000000000000000000000000000000000000000
595,趙統,53,36,6:1 7:3 15:1 13:2 10:1 3:2 8:2 4:1 12:1,5302000004bbafb2ce0000000000001052b70000000000000000000000000000000000000000000000000000000000000000000000000000000000000000008000a05a060107030f010d020a010302080204010c0100000000000000000000000000000000352000200b2636130c02ac0d0102052400000000000000000000000b0000000000000000000000000000000000000099070d0000cd00000000000000000000000000000000000000000000000000000000000000000000000000000000
596,董允,15,108,9:2 1:3 18:3 3:1 16:2 17:2 4:2 11:2 13:1,5402000004b8b3a4b9000000000000f0dab90000000000000000000000000000000000000000000000000000000000000000000000000000000000000000008000d06b09020103120303011002110204020b020d01000000000000000000000000000000000f240006054d3d060501a00f0106046c00000000000000000000001100000000000000000000000000000000000000732c0100003a00000000000000000000000000000000000000000000000000000000000000000000000000000000
597,傅僉,63,33,5:1 1:4 17:2 6:1 9:1 18:1 10:1 11:4 16:1,5502000004b3c5dcc2000000000000c5daba000000000000000000000000000000000000000000000000000000000000000000000000000000000000000000800008520501010411020601090112010a010b041001000000000000000000000000000000003f1e00260d2632170e02b20c0102022100000000000000000000000900000000000000000000000000000000000000a3201200000201000000000000000000000000000000000000000000000000000000000000000000000000000000
598,劉封,54,37,9:2 8:1 5:2 3:3 2:1 12:1 16:2 18:1 17:2,5602000004bc42abca000000000000f6dabd00000000000000000000000000000000000000000000000000000000000000000000000000000000000000000080003863090208010502030302010c0110021201110200000000000000000000000000000000362200200b1c3a140c02a60e0102012500000000000000000000000d000000000000000000000000000000000000009a840d0000d200000000000000000000000000000000000000000000000000000000000000000000000000000000
599,諸葛均,34,229,1:1 5:1 18:3 9:1 14:1 15:4 12:4 11:2 17:1,5702000006bdd1b8afa7a100000000e0dabe0000000000000000000000000000000000000000000000000000000000000000000000000000000000000000008000687401010501120309010e010f040c040b021101000000000000000000000000000000002226000b133e40090a019a10030303e50000000000000000000000120000000000000000000000000000000000000086c5030000ca00000000000000000000000000000000000000000000000000000000000000000000000000000000
600,李豐,45,45,16:4 5:1 13:2 17:1 3:3 4:3 18:1 8:1 11:2,5802000004a7f5c2d7000000000000dbdabf00000000000000000000000000000000000000000000000000000000000000000000000000000000000000000080007c47100405010d02110103030403120108010b02000000000000000000000000000000002d1b00120d382e0b1b013b0b0304042d00000000000000000000000d0000000000000000000000000000000000000091d00700004501000000000000000000000000000000000000000000000000000000000000000000000000000000
601,雍闓,56,37,15:1 2:1 14:2 6:1 4:1 13:2 1:4 18:1 10:2,5902000004b96cf16d0000000000001652c00000000000000000000000000000000000000000000000000000000000000000000000000000000000000000008000242c0f0102010e02060104010d02010412010a0200000000000000000000000000000000381300141c1621101202d0070201052500000000000000000000000a000000000000000000000000000000000000009c320a00008801000000000000000000000000000000000000000000000000000000000000000000000000000000
602,閻宇,40,4,1:2 11:1 15:1 6:1 14:1 2:3 4:1 8:2 10:1,5a02000004c046a674000000000000d2dac10000000000000000000000000000000000000000000000000000000000000000000000000000000000000000008000d00701020b010f0106010e010203040108020a0100000000000000000000000000000000280400180828070f0902d00701020504000000000000000000000002000000000000000000000000000000000000008c440700008c00000000000000000000000000000000000000000000000000000000000000000000000000000000
603,楊鋒,53,36,1:1 6:1 2:3 3:3 8:2 16:1 11:1 17:1 12:2,5b02000004b7a8be5700000000000018dbc40000000000000000000000000000000000000000000000000000000000000000000000000000000000000000008000a00f0101060102030303080210010b0111010c0200000000000000000000000000000000350800131b180e0f1102d007020105240000000000000000000000070000000000000000000000000000000000000099380900006401000000000000000000000000000000000000000000000000000000000000000000000000000000
604,呂凱,31,45,6:2 14:2 7:3 15:1 12:2 1:3 13:2 2:1 17:1,5c02000004a766b3cd000000000000eedac50000000000000000000000000000000000000000000000000000000000000000000000000000000000000000008000ec5e06020e0207030f010c0201030d0202011101000000000000000000000000000000001f21000d094138081301290e0304042d00000000000000000000000e0000000000000000000000000000000000000083f2030000c200000000000000000000000000000000000000000000000000000000000000000000000000000000
605,張紹,33,37,2:2 4:3 6:2 9:1 10:3 7:2 3:1 12:4 11:1,5d02000004b169b2d0000000000000dcdac60000000000000000000000000000000000000000000000000000000000000000000000000000000000000000008000ec5e02020403060209010a03070203010c040b01000000000000000000000000000000002121000b123638090a01290e0403032500000000000000000000000f00000000000000000000000000000000000000858e030000c200000000000000000000000000000000000000000000000000000000000000000000000000000000
606,王伉,32,44,16:2 4:1 10:1 7:4 8:1 5:3 6:2 15:1 3:4,5e02000004a4fda5ea000000000000efdac70000000000000000000000000000000000000000000000000000000000000000000000000000000000000000008000a05a100204010a0107040801050306020f010304000000000000000000000000000000002020000d0a3936091301ac0d0304042c00000000000000000000000d00000000000000000000000000000000000000842e040000cb00000000000000000000000000000000000000000000000000000000000000000000000000000000
607,關彝,49,37,13:2 1:4 10:2 7:2 18:2 4:1 3:2 8:1 11:4,5f02000004c3f6c255000000000000cada499c00000000000000000000000000000000000000000000000000000000000000000000000000000000000000008000ec5e0d0201040a02070212020401030208010b040000000000000000000000000000000031210012191a370e1002290e0201052500000000000000000000000c0000000000000000000000000000000000000095fd0700003701000000000000000000000000000000000000000000000000000000000000000000000000000000
608,劉巴,21,109,7:1 16:2 14:1 17:1 9:2 13:1 12:4 2:2 1:3,6002000004bc42a4da000000000000e1daca0000000000000000000000000000000000000000000000000000000000000000000000000000000000000000008000ec5e070110020e01110109020d010c04020201030000000000000000000000000000000015210009074238080701290e0106046d00000000000000000000001100000000000000000000000000000000000000790d0200005500000000000000000000000000000000000000000000000000000000000000000000000000000000
609,高翔,41,41,7:1 9:1 3:2 12:2 10:1 18:1 6:1 14:1 8:3,6102000004b0aab5be000000000000cedacc0000000000000000000000000000000000000000000000000000000000000000000000000000000000000000008000e8350701090103020c020a01120106010e010803000000000000000000000000000000002916000f1537260c0d02ca080201042900000000000000000000000a000000000000000000000000000000000000008de1050000ef00000000000000000000000000000000000000000000000000000000000000000000000000000000
610,劉永,17,45,7:4 4:3 2:1 17:1 16:4 10:1 11:1 18:1 6:2,6202000004bc42a5c3000000000000f2dacd00000000000000000000000000000000000000000000000000000000000000000000000000000000000000000080003c8c070404030201110110040a010b011201060200000000000000000000000000000000112b0007054249050a01ec130304042d00000000000000000000000f0000000000000000000000000000000000000075590100005c00000000000000000000000000000000000000000000000000000000000000000000000000000000
611,郤正,14,109,13:2 3:2 5:1 9:1 4:2 17:1 7:4 16:1 10:1,6302000004d3fda5bf000000000000f1dace0000000000000000000000000000000000000000000000000000000000000000000000000000000000000000008000d06b0d0203020501090104021101070410010a01000000000000000000000000000000000e24000604383d050801a00f0304036d0000000000000000000000120000000000000000000000000000000000000072fa0000004a00000000000000000000000000000000000000000000000000000000000000000000000000000000
612,郭攸之,11,45,8:1 3:4 11:2 2:1 14:2 15:1 9:2 5:3 1:2,6402000006b3a2a7f1a4a7000000001252cf00000000000000000000000000000000000000000000000000000000000000000000000000000000000000000080005456080103040b0202010e020f01090205030102000000000000000000000000000000000b1f00050448340407012f0d0304042d00000000000000000000000f000000000000000000000000000000000000006faf0000003800000000000000000000000000000000000000000000000000000000000000000000000000000000
613,劉理,18,45,17:1 2:1 4:4 14:2 9:1 7:4 3:1 6:2 5:3,6502000004bc42b27a000000000000f2dad400000000000000000000000000000000000000000000000000000000000000000000000000000000000000000080003c8c1101020104040e020901070403010602050300000000000000000000000000000000122b0008063f48060b01ec130304042d00000000000000000000000f00000000000000000000000000000000000000767c0100006200000000000000000000000000000000000000000000000000000000000000000000000000000000
614,劉禪,6,36,16:4 17:1 6:2 9:2 3:3 12:3 1:3 8:1 13:2,6602000004bc42c1490000000000002ccb474e00000000000000000000000000000000000000000000000000000000000000000000000000000000000000008000a0a5100411010602090203030c03010308010d020000000000000000000000000000000006300003021f50030401d4170d040124000000000000000000000008000000000000000000000000000000000000006a5a0000001e00000000000000000000000000000000000000000000000000000000000000000000000000000000
615,譙周,15,231,11:1 17:1 3:2 10:1 2:4 15:3 4:2 7:2 18:2,6702000004c3d7a95000000000000012dbd70000000000000000000000000000000000000000000000000000000000000000000000000000000000000000008000ec5e0b01110103020a0102040f03040207021202000000000000000000000000000000000f210005084138050501290e040303e70000000000000000000000150000000000000000000000000000000000000073f50000004900000000000000000000000000000000000000000000000000000000000000000000000000000000
616,張溫,19,38,10:3 17:2 12:4 14:1 3:2 1:1 9:1 6:2 5:1,6802000004b169b7c50000000000000ddbdc0000000000000000000000000000000000000000000000000000000000000000000000000000000000000000008000ec5e0a0311020c040e010302010109010602050100000000000000000000000000000000132100070b3837060601290e0403032600000000000000000000000f0000000000000000000000000000000000000077590100005f00000000000000000000000000000000000000000000000000000000000000000000000000000000
617,孫桓,64,39,3:2 16:1 7:3 18:1 10:1 5:2 8:1 17:1 2:3,6902000004ae5daed900000000000003dbe80000000000000000000000000000000000000000000000000000000000000000000000000000000000000000008000b47803021001070312010a01050208011101020300000000000000000000000000000000402700260d3242170f0217110102012700000000000000000000000f00000000000000000000000000000000000000a4a71200000801000000000000000000000000000000000000000000000000000000000000000000000000000000
618,孫韶,69,39,5:2 1:3 8:2 4:1 15:1 12:1 2:3 13:1 6:1,6a02000004ae5dbbe0000000000000c3da519c00000000000000000000000000000000000000000000000000000000000000000000000000000000000000008000b47805020103080204010f010c0102030d01060100000000000000000000000000000000452700290e3e4219100217110102042700000000000000000000000f00000000000000000000000000000000000000a95e1500002601000000000000000000000000000000000000000000000000000000000000000000000000000000
619,凌統,72,38,13:1 14:2 9:3 8:1 1:4 2:2 16:3 11:1 7:2,6b02000004ade2b2ce000000000000d4daee000000000000000000000000000000000000000000000000000000000000000000000000000000000000000000800008520d010e02090308010104020210030b01070200000000000000000000000000000000481e002b0f2b331a1002b20c0102022600000000000000000000000d00000000000000000000000000000000000000ac0c1700003801000000000000000000000000000000000000000000000000000000000000000000000000000000
620,周泰,82,37,18:1 12:1 17:2 4:1 14:2 13:1 8:1 15:1 2:3,6c02000004a950aef50000000000001a523b4e00000000000000000000000000000000000000000000000000000000000000000000000000000000000000008000d06b12010c01110204010e020d0108010f010203000000000000000000000000000000005224003111323c1d1302a00f0b02022500000000000000000000000e00000000000000000000000000000000000000b6ed1c00007601000000000000000000000000000000000000000000000000000000000000000000000000000000
621,留略,57,38,9:1 12:1 7:1 6:1 11:3 8:3 10:2 17:1 18:1,6d02000004af64b2a4000000000000eddaf10000000000000000000000000000000000000000000000000000000000000000000000000000000000000000008000643209010c01070106010b0308030a021101120100000000000000000000000000000000391500151d22241012024d080201012600000000000000000000000d000000000000000000000000000000000000009d8c0a00009401000000000000000000000000000000000000000000000000000000000000000000000000000000
622,丁奉,66,39,17:1 4:3 2:1 14:2 8:1 10:3 12:2 13:2 15:3,6e02000004a442a95e000000000000ebdaf3000000000000000000000000000000000000000000000000000000000000000000000000000000000000000000800038631101040302010e0208010a030c020d020f0300000000000000000000000000000000422200240f41391a0e02a60e0105042700000000000000000000000e00000000000000000000000000000000000000a690150000e600000000000000000000000000000000000000000000000000000000000000000000000000000000
623,陸凱,19,102,11:1 10:1 4:4 9:2 6:1 15:1 5:3 18:1 14:1,6f02000004b3b0b3cd000000000000f0daf800000000000000000000000000000000000000000000000000000000000000000000000000000000000000000080003c8c0b010a010404090206010f01050312010e0100000000000000000000000000000000132b0008065446060b01ec130304046600000000000000000000001100000000000000000000000000000000000000779f0100006800000000000000000000000000000000000000000000000000000000000000000000000000000000
624,全端,62,38,2:2 1:3 12:1 3:3 6:1 18:1 13:2 9:1 7:2,7002000004a5febadd000000000000ecda529c00000000000000000000000000000000000000000000000000000000000000000000000000000000000000008000004b020201030c010303060112010d0209010702000000000000000000000000000000003e1c00250d1c30160e02b80b0102022600000000000000000000000d00000000000000000000000000000000000000a299110000fc00000000000000000000000000000000000000000000000000000000000000000000000000000000
625,于詮,44,5,5:1 14:3 15:1 4:2 3:1 17:1 10:1 8:2 9:2,7102000004a45fb8e000000000000009db439c00000000000000000000000000000000000000000000000000000000000000000000000000000000000000008000242c05010e030f010402030111010a0108020902000000000000000000000000000000002c13001a091c21100a02d007010205050000000000000000000000080000000000000000000000000000000000000090d4080000a000000000000000000000000000000000000000000000000000000000000000000000000000000000
626,孫匡,43,38,1:2 2:1 4:2 11:1 3:4 17:1 7:1 12:1 14:2,7202000004ae5da64a000000000000f7da509c000000000000000000000000000000000000000000000000000000000000000000000000000000000000000080001c700102020104020b010304110107010c010e02000000000000000000000000000000002b2500120d3c3f0b1a011d100304042600000000000000000000000c000000000000000000000000000000000000008f300700003101000000000000000000000000000000000000000000000000000000000000000000000000000000
627,諸葛恪,42,231,14:1 17:3 10:1 4:2 15:2 13:1 9:3 6:2 8:1,7302000006bdd1b8afabf1000000000ddb00010000000000000000000000000000000000000000000000000000000000000000000000000000000000000000800014820e0111030a0104020f020d01090306020801000000000000000000000000000000002a2900130e4d450d0e015c12010603e7000000000000000000000016000000000000000000000000000000000000008e4e070000c600000000000000000000000000000000000000000000000000000000000000000000000000000000
628,馬忠,57,37,9:1 4:1 14:3 18:1 8:2 12:2 15:1 17:1 2:1,7402000004b0a8a9be0000000000000c52010100000000000000000000000000000000000000000000000000000000000000000000000000000000000000008000bc1b090104010e03120108020c020f011101020100000000000000000000000000000000390d00151d2616101202d0070201052500000000000000000000000a000000000000000000000000000000000000009d8c0a00009401000000000000000000000000000000000000000000000000000000000000000000000000000000
629,唐咨,45,36,2:1 15:1 5:1 16:3 13:2 18:1 9:2 7:3 1:1,7502000004adf0ab74000000000000e6da419c00000000000000000000000000000000000000000000000000000000000000000000000000000000000000008000682902010f01050110030d021201090207030101000000000000000000000000000000002d12001b09241e110a02d00701020524000000000000000000000009000000000000000000000000000000000000009138090000a500000000000000000000000000000000000000000000000000000000000000000000000000000000
630,孫峻,58,35,6:1 11:2 5:1 10:1 8:1 13:2 4:1 17:1 14:3,7602000004ae5dae6d000000000000d9da4a9c00000000000000000000000000000000000000000000000000000000000000000000000000000000000000008000001906010b0205010a0108010d02040111010e03000000000000000000000000000000003a0c00151d3114101302d0070201052300000000000000000000000a000000000000000000000000000000000000009ee60a0000a001000000000000000000000000000000000000000000000000000000000000000000000000000000
631,駱統,33,103,6:2 10:1 9:1 4:3 14:2 8:1 17:1 18:2 3:4,7702000004c064b2ce0000000000000edb070100000000000000000000000000000000000000000000000000000000000000000000000000000000000000008000007d06020a01090104030e020801110112020304000000000000000000000000000000002128000e0a464409140194110304046700000000000000000000001000000000000000000000000000000000000000856a040000d400000000000000000000000000000000000000000000000000000000000000000000000000000000
632,周魴,25,102,11:3 10:1 18:2 15:1 3:1 9:1 6:3 16:1 13:1,7802000004a950e8db00000000000014db639c000000000000000000000000000000000000000000000000000000000000000000000000000000000000000080007c470b030a0112020f0103010901060310010d0100000000000000000000000000000000191b000b093f2d0909013b0b01060366000000000000000000000011000000000000000000000000000000000000007dd50200006900000000000000000000000000000000000000000000000000000000000000000000000000000000
633,李異,64,2,6:1 4:2 17:2 18:1 2:3 3:3 11:4 13:2 7:2,7902000004a7f5b2a700000000000008db549c00000000000000000000000000000000000000000000000000000000000000000000000000000000000000008000a00f0601040211021201020303030b040d02070200000000000000000000000000000000400800260d0c0e170f02d0070102020200000000000000000000000300000000000000000000000000000000000000a4a71200000801000000000000000000000000000000000000000000000000000000000000000000000000000000
634,譚雄,66,4,8:1 15:1 5:1 6:1 17:2 3:3 16:2 18:1 7:1,7a02000004c3d3b6af000000000000d0da4f9c00000000000000000000000000000000000000000000000000000000000000000000000000000000000000008000d00708010f01050106011102030310021201070100000000000000000000000000000000420400280e1008180f02d0070102020400000000000000000000000200000000000000000000000000000000000000a6ba1300001401000000000000000000000000000000000000000000000000000000000000000000000000000000
635,孫登,28,103,15:3 4:3 5:1 10:2 3:2 17:2 8:4 1:1 12:1,7b02000004ae5db56e0000000000000edb589c000000000000000000000000000000000000000000000000000000000000000000000000000000000000000080008ca00f03040305010a0203021102080401010c01000000000000000000000000000000001c2f000a103b4f0808010c170403036700000000000000000000001100000000000000000000000000000000000000808f0200009c00000000000000000000000000000000000000000000000000000000000000000000000000000000
636,陸績,18,102,16:4 2:1 9:2 13:3 7:3 4:1 12:2 14:2 8:1,7c02000004b3b0c15a000000000000f0da0f0100000000000000000000000000000000000000000000000000000000000000000000000000000000000000008000a05a1004020109020d03070304010c020e0208010000000000000000000000000000000012200008063a36060b01ac0d0304036600000000000000000000001000000000000000000000000000000000000000767c0100006200000000000000000000000000000000000000000000000000000000000000000000000000000000
637,張休,24,39,15:2 10:2 16:1 3:1 11:3 7:1 13:1 4:2 18:1,7d02000004b169a5f00000000000000cdb11010000000000000000000000000000000000000000000000000000000000000000000000000000000000000000800038630f020a02100103010b0307010d0104021201000000000000000000000000000000001822000a08433a080801a60e0106042700000000000000000000000f000000000000000000000000000000000000007ca30200006400000000000000000000000000000000000000000000000000000000000000000000000000000000
638,華覈,16,231,13:1 2:1 1:3 10:2 18:4 9:2 7:1 6:4 8:1,7e02000004b5d8f2f200000000000011db5e9c000000000000000000000000000000000000000000000000000000000000000000000000000000000000000080007c470d01020101030a021204090207010604080100000000000000000000000000000000101b000706372e0606013b0b010603e700000000000000000000001300000000000000000000000000000000000000744f0100003e00000000000000000000000000000000000000000000000000000000000000000000000000000000
639,滕胤,31,45,16:4 5:1 15:1 11:2 3:3 1:1 7:4 2:1 9:2,7f02000004bcf0ad4e0000000000000e525f9c000000000000000000000000000000000000000000000000000000000000000000000000000000000000000080005456100405010f010b0203030101070402010902000000000000000000000000000000001f1f000d0942340813012f0d0304042d00000000000000000000000f0000000000000000000000000000000000000083f2030000c200000000000000000000000000000000000000000000000000000000000000000000000000000000
640,許儀,63,37,9:4 4:2 13:2 12:1 8:1 1:4 2:2 6:1 16:3,8002000004b35cbbf60000000000001352509c00000000000000000000000000000000000000000000000000000000000000000000000000000000000000008000242c090404020d020c0108010104020206011003000000000000000000000000000000003f1300260d1e20170e02d0070102022500000000000000000000000900000000000000000000000000000000000000a3201200000201000000000000000000000000000000000000000000000000000000000000000000000000000000
641,孫朗,43,1,6:1 7:1 1:1 15:1 9:1 8:3 10:1 4:1 13:3,8102000004ae5daed40000000000001152529c0000000000000000000000000000000000000000000000000000000000000000000000000000000000000000800054560601070101010f01090108030a0104010d03000000000000000000000000000000002b1f00101634350d0e022f0d02010501000000000000000000000005000000000000000000000000000000000000008f590600000101000000000000000000000000000000000000000000000000000000000000000000000000000000
642,薛綜,22,37,15:2 11:3 15:1 10:1 4:2 18:3 2:1 9:2 5:2,8202000004c1a7baee00000000000013db689c0000000000000000000000000000000000000000000000000000000000000000000000000000000000000000800008520f020b030f010a010402120302010902050200000000000000000000000000000000161e000a084333080801b20c0106042500000000000000000000000e000000000000000000000000000000000000007a3f0200005a00000000000000000000000000000000000000000000000000000000000000000000000000000000
643,鄧賢,53,44,14:2 2:2 5:2 16:1 1:4 17:1 9:1 18:2 6:1,8302000004be48bde5000000000000d1da4f9c0000000000000000000000000000000000000000000000000000000000000000000000000000000000000000800084670e020202050210010104110109011202060100000000000000000000000000000000352300131b3a3b0f1102230f0201012c00000000000000000000000e0000000000000000000000000000000000000099380900006401000000000000000000000000000000000000000000000000000000000000000000000000000000
644,卓膺,49,37,8:1 15:1 14:1 10:2 7:1 17:1 5:1 16:1 12:1,8402000004a8f4c174000000000000e4da429c00000000000000000000000000000000000000000000000000000000000000000000000000000000000000008000f03c08010f010e010a0207011101050110010c0100000000000000000000000000000000311800121924280e1002c4090201052500000000000000000000000c0000000000000000000000000000000000000095fd0700003701000000000000000000000000000000000000000000000000000000000000000000000000000000
645,雌,22,44,4:2 15:1 18:2 2:1 8:1 3:4 14:1 1:3 10:1,8502000002bbdb000000000000000014db689c00000000000000000000000000000000000000000000000000000000000000000000000000000000000000008000545604020f0112020201080103040e0101030a0100000000000000000000000000000000161f0009073e34060d012f0d0304042c00000000000000000000000c000000000000000000000000000000000000007a1c0200007d00000000000000000000000000000000000000000000000000000000000000000000000000000000
646,喬瑁,47,38,9:1 6:1 17:1 8:2 13:1 16:1 5:2 7:1 12:1,8602000004b3ecb7e8000000000000cdda469c00000000000000000000000000000000000000000000000000000000000000000000000000000000000000008000004b09010601110108020d011001050207010c01000000000000000000000000000000002f1c0011181f300e0f02b80b0201052600000000000000000000000d0000000000000000000000000000000000000093670700002501000000000000000000000000000000000000000000000000000000000000000000000000000000
647,馬邈,42,44,7:1 13:1 1:2 16:1 6:1 11:2 8:2 9:1 4:1,8702000004b0a8c2e400000000000013db599c00000000000000000000000000000000000000000000000000000000000000000000000000000000000000008000881307010d010102100106010b02080209010401000000000000000000000000000000002a0a000f152f120c0e02d0070201052c00000000000000000000000b000000000000000000000000000000000000008e1d060000f800000000000000000000000000000000000000000000000000000000000000000000000000000000
648,兀突骨,81,4,12:1 6:1 3:3 5:2 4:2 1:3 11:2 15:1 2:2,8802000006a461acf0b0a900000000fcda539c00000000000000000000000000000000000000000000000000000000000000000000000000000000000000008000781e0c01060103030502040201030b020f01020200000000000000000000000000000000510e00311103181d1202d0070102020400000000000000000000000200000000000000000000000000000000000000b54d1c00006f01000000000000000000000000000000000000000000000000000000000000000000000000000000
649,董荼那,60,1,16:1 8:3 17:1 4:1 12:2 6:1 2:3 15:1 10:2,8902000006b8b3b2fea8ba000000001ddb729c00000000000000000000000000000000000000000000000000000000000000000000000000000000000000008000c40910010803110104010c02060102030f010a02000000000000000000000000000000003c0500161e0c09111302d0070201050100000000000000000000000400000000000000000000000000000000000000a09a0b0000b801000000000000000000000000000000000000000000000000000000000000000000000000000000
650,阿會喃,63,1,8:2 2:3 11:2 5:2 14:3 4:2 12:1 18:1 7:1,8a02000006aafcb77cb3e400000000fcda4e9c00000000000000000000000000000000000000000000000000000000000000000000000000000000000000008000dc05080202030b0205020e0304020c0112010701000000000000000000000000000000003f0300260d0906170e02d0070102020100000000000000000000000500000000000000000000000000000000000000a3201200000201000000000000000000000000000000000000000000000000000000000000000000000000000000
651,金環三結,70,4,17:1 1:4 16:2 10:1 14:4 5:2 2:2 11:1 7:3,8b02000008aaf7c0f4a454b5b200001adb719c00000000000000000000000000000000000000000000000000000000000000000000000000000000000000008000dc051101010410020a010e04050202020b010703000000000000000000000000000000004603002a0e0b06191002d0070102020400000000000000000000000200000000000000000000000000000000000000aaea1500002c01000000000000000000000000000000000000000000000000000000000000000000000000000000
652,忙牙長,53,4,16:1 7:1 14:3 5:3 11:1 4:9 9:1 6:1 13:1,8c02000006a6a3a4faaaf8000000001edb729c00000000000000000000000000000000000000000000000000000000000000000000000000000000000000008000dc05100107010e0305030b010409090106010d0100000000000000000000000000000000350300131b17050f1102d007020105040000000000000000000000030000000000000000000000000000000000000099380900006401000000000000000000000000000000000000000000000000000000000000000000000000000000
653,羊祜,68,239,4:3 15:2 14:1 11:3 12:3 10:1 7:2 13:1 1:1,8d02000004a6cfd2e9000000000000f8da4e9c00000000000000000000000000000000000000000000000000000000000000000000000000000000000000008000a0a504030f020e010b030c030a0107020d0101010000000000000000000000000000000044300016264d51121401d417040304ef00000000000000000000001400000000000000000000000000000000000000a8fc0d00004e02000000000000000000000000000000000000000000000000000000000000000000000000000000
654,陸抗,58,231,13:3 5:2 2:1 8:1 9:2 1:3 18:1 4:2 17:1,8e02000004b3b0a7dc000000000000cfda469c000000000000000000000000000000000000000000000000000000000000000000000000000000000000000080008ca00d0305020201080109020103120104021101000000000000000000000000000000003a2f001811504f0e23010c17030404e7000000000000000000000015000000000000000000000000000000000000009ea80c0000df01000000000000000000000000000000000000000000000000000000000000000000000000000000
655,王子服,69,101,8:2 16:3 12:1 1:1 10:1 17:2 11:3 15:1 6:1,8f02000006a4fda46caa4100000000cada4b9c00000000000000000000000000000000000000000000000000000000000000000000000000000000000000008000789b080210030c0101010a0111020b030f01060100000000000000000000000000000000452e00290e3d4e19100244160102016500000000000000000000001100000000000000000000000000000000000000a95e1500002601000000000000000000000000000000000000000000000000000000000000000000000000000000
656,董衡,71,37,18:1 3:2 16:2 5:2 9:1 7:3 10:1 1:4 8:1,9002000004b8b3bfc50000000000000a524b9c0000000000000000000000000000000000000000000000000000000000000000000000000000000000000000800028871201030210020502090107030a010104080100000000000000000000000000000000472a002b0f244619100224130102012500000000000000000000000b00000000000000000000000000000000000000ab7b1600003201000000000000000000000000000000000000000000000000000000000000000000000000000000
657,傅幹,35,231,18:3 10:2 11:2 6:2 2:3 7:1 15:2 8:4 4:3,9102000004b3c5b746000000000000e2da5b9c00000000000000000000000000000000000000000000000000000000000000000000000000000000000000008000148212030a020b020602020307010f0208040403000000000000000000000000000000002329000c1347450a0a015c12040303e70000000000000000000000130000000000000000000000000000000000000087fc030000d200000000000000000000000000000000000000000000000000000000000000000000000000000000
658,牽弘,61,37,18:1 2:2 6:1 12:1 16:2 4:2 14:2 17:1 11:3,9202000004b26fa5b00000000000000bdb549c00000000000000000000000000000000000000000000000000000000000000000000000000000000000000008000b4781201020206010c01100204020e0211010b03000000000000000000000000000000003d2700250d3441160e0217110102012500000000000000000000000d00000000000000000000000000000000000000a112110000f600000000000000000000000000000000000000000000000000000000000000000000000000000000
659,沮鵠,58,109,16:2 2:4 7:2 8:1 17:1 13:1 3:1 5:1 11:2,9302000004aa71c35b000000000000deda559c000000000000000000000000000000000000000000000000000000000000000000000000000000000000000080006874100202040702080111010d01030105010b02000000000000000000000000000000003a260012201f400f11019a100403016d000000000000000000000010000000000000000000000000000000000000009e730a0000be01000000000000000000000000000000000000000000000000000000000000000000000000000000
660,胡烈,68,37,9:4 8:2 6:1 1:1 3:3 15:1 12:1 13:1 14:1,9402000004ad4aaf50000000000000ffda709c00000000000000000000000000000000000000000000000000000000000000000000000000000000000000008000ec5e090408020601010103030f010c010d010e0100000000000000000000000000000000442100290e2738180f02290e0102022500000000000000000000000b00000000000000000000000000000000000000a8d21400002001000000000000000000000000000000000000000000000000000000000000000000000000000000
661,師纂,70,33,15:1 10:1 4:1 7:2 13:2 12:1 11:4 8:1 3:1,9502000004ae76c4a1000000000000d6da4a9c0000000000000000000000000000000000000000000000000000000000000000000000000000000000000000800054560f010a01040107020d020c010b040801030100000000000000000000000000000000461f002a0e2d351910022f0d0102022100000000000000000000000800000000000000000000000000000000000000aaea1500002c01000000000000000000000000000000000000000000000000000000000000000000000000000000
662,孫冀,71,37,15:1 14:1 4:2 1:2 5:1 9:2 12:1 6:1 7:3,9602000004ae5dbeac000000000000ccda449c0000000000000000000000000000000000000000000000000000000000000000000000000000000000000000800054560f010e0104020102050109020c010601070300000000000000000000000000000000471f002b0f1c341910022f0d0102022500000000000000000000000d00000000000000000000000000000000000000ab7b1600003201000000000000000000000000000000000000000000000000000000000000000000000000000000
663,李鵬,71,37,8:2 14:1 12:1 10:1 13:1 4:1 5:2 16:2 1:1,9702000004a7f5c450000000000000c6da4b9c00000000000000000000000000000000000000000000000000000000000000000000000000000000000000008000744008020e010c010a010d010401050210020101000000000000000000000000000000004719002b0f282b191002410a0102022500000000000000000000000a00000000000000000000000000000000000000ab7b1600003201000000000000000000000000000000000000000000000000000000000000000000000000000000
664,王真,70,33,14:1 16:3 12:1 3:1 11:1 10:1 1:2 9:4 15:1,9802000004a4fdaf75000000000000c7da4b9c00000000000000000000000000000000000000000000000000000000000000000000000000000000000000008000e8350e0110030c0103010b010a01010209040f01000000000000000000000000000000004616002a0e2526191002ca080102022100000000000000000000000800000000000000000000000000000000000000aaea1500002c01000000000000000000000000000000000000000000000000000000000000000000000000000000
665,張象,58,4,9:1 14:3 13:1 12:2 18:2 8:3 2:3 4:1 10:2,9902000004b169b64800000000000000db709c00000000000000000000000000000000000000000000000000000000000000000000000000000000000000008000e83509010e030d010c0212020803020304010a02000000000000000000000000000000003a1600151d3125101302ca0802010504000000000000000000000006000000000000000000000000000000000000009ee60a0000a001000000000000000000000000000000000000000000000000000000000000000000000000000000
666,杜遠,63,1,7:1 5:2 14:3 13:2 8:1 18:1 1:2 11:3 9:3,9a02000004a7f9bbb7000000000000f9da4e9c00000000000000000000000000000000000000000000000000000000000000000000000000000000000000008000ac26070105020e030d020801120101020b030903000000000000000000000000000000003f1100260d111d170e02d0070102020100000000000000000000000500000000000000000000000000000000000000a3201200000201000000000000000000000000000000000000000000000000000000000000000000000000000000
667,張達,52,36,11:3 7:2 16:1 12:2 13:1 1:1 8:1 15:1 18:1,9b02000004b169b94600000000000008db439c00000000000000000000000000000000000000000000000000000000000000000000000000000000000000008000781e0b03070210010c020d01010108010f01120100000000000000000000000000000000340e00131a16180f1102d007020105240000000000000000000000090000000000000000000000000000000000000098e80800005801000000000000000000000000000000000000000000000000000000000000000000000000000000
668,范疆,51,33,5:3 14:1 16:1 10:1 17:1 2:1 1:2 4:1 12:2,9c02000004ad53c3a600000000000005db489c00000000000000000000000000000000000000000000000000000000000000000000000000000000000000008000001905030e0110010a0111010201010204010c0200000000000000000000000000000000330c00131a23150f1002d007020105210000000000000000000000090000000000000000000000000000000000000097980800004c01000000000000000000000000000000000000000000000000000000000000000000000000000000
669,土安,79,32,7:3 4:2 15:1 13:2 5:1 6:1 18:1 16:3 3:2,9d02000004a467a6770000000000000952519c000000000000000000000000000000000000000000000000000000000000000000000000000000000000000080004416070304020f010d0205010601120110030302000000000000000000000000000000004f0b002f1014131c1202d0070102022000000000000000000000000400000000000000000000000000000000000000b3171b00006201000000000000000000000000000000000000000000000000000000000000000000000000000000
670,奚泥,81,32,8:2 12:1 15:1 10:1 7:3 9:4 5:2 11:4 18:1,9e02000004ae4faa64000000000000ebda459c00000000000000000000000000000000000000000000000000000000000000000000000000000000000000008000881308020c010f010a010703090405020b04120100000000000000000000000000000000510a00311119111d1202d0070102022000000000000000000000000300000000000000000000000000000000000000b54d1c00006f01000000000000000000000000000000000000000000000000000000000000000000000000000000
671,南華老仙,9,255,5:1 6:2 12:4 9:1 2:2 3:2 11:3 16:1 13:1,9f02000008ab6eb5d8a6d1a550000053cb699c00000000000000000000000000000000000000000000000000000000000000000000000000000000000000008000ccd8050106020c040901020203020b0310010d01000000000000000000000000000000000939000305175f040301581b040303ff000000000000000000000019000000000000000000000000000000000000006d820000002900000000000000000000000000000000000000000000000000000000000000000000000000000000
672,紫虛上人,9,255,15:2 1:1 8:4 12:1 2:2 18:1 10:2 16:2 11:1,a002000008b5b5b5eaa457a448000053cb6b9c0000000000000000000000000000000000000000000000000000000000000000000000000000000000000000800014cd0f02010108040c01020212010a0210020b01000000000000000000000000000000000937000305165c040301581b040303ff000000000000000000000019000000000000000000000000000000000000006d820000002900000000000000000000000000000000000000000000000000000000000000000000000000000000
673,左賢王,67,239,4:3 5:1 8:3 3:2 2:3 6:2 12:2 14:1 10:2,a102000006a5aabde5a4fd000000000cdb589c00000000000000000000000000000000000000000000000000000000000000000000000000000000000000008000a0a50403050108030302020306020c020e010a020000000000000000000000000000000043300015253151111301d417040303ef00000000000000000000001400000000000000000000000000000000000000a79d0d00003f02000000000000000000000000000000000000000000000000000000000000000000000000000000
674,許邵,20,255,6:2 18:3 1:1 5:1 2:4 7:1 15:4 8:3 3:1,a202000004b35caaf200000000000053cb6b9c000000000000000000000000000000000000000000000000000000000000000000000000000000000000000080008ca00602120301010501020407010f040803030100000000000000000000000000000000142f00070b4d4f0606010c17040303ff0000000000000000000000180000000000000000000000000000000000000078720100006400000000000000000000000000000000000000000000000000000000000000000000000000000000
675,喬玄,31,37,10:1 3:3 13:1 2:1 1:3 16:4 15:1 5:3 18:1,a302000004b3eca5c8000000000000e3da5b9c00000000000000000000000000000000000000000000000000000000000000000000000000000000000000008000789b0a0103030d010201010310040f0105031201000000000000000000000000000000001f2e000d09464d08130144160304042500000000000000000000000e0000000000000000000000000000000000000083f2030000c200000000000000000000000000000000000000000000000000000000000000000000000000000000
676,管輅,15,255,18:2 15:4 3:1 6:2 10:3 4:3 17:2 14:1 1:1,a402000004badee07800000000000053cb6a9c000000000000000000000000000000000000000000000000000000000000000000000000000000000000000080003c8c12020f04030106020a03040311020e010101000000000000000000000000000000000f2b0005084649050501ec13040303ff0000000000000000000000180000000000000000000000000000000000000073f50000004900000000000000000000000000000000000000000000000000000000000000000000000000000000
677,龔景,35,231,2:3 4:3 1:1 15:3 16:2 13:1 11:2 6:2 5:1,a502000004c5c7b4ba000000000000deda5a9c0000000000000000000000000000000000000000000000000000000000000000000000000000000000000000800014820203040301010f0310020d010b0206020501000000000000000000000000000000002329000c1342450a0a015c12040303e70000000000000000000000130000000000000000000000000000000000000087fc030000d200000000000000000000000000000000000000000000000000000000000000000000000000000000
678,裴秀,70,109,17:1 6:1 13:2 15:1 2:1 3:2 12:1 11:1 14:2,a602000004bb70a871000000000000cdda449c00000000000000000000000000000000000000000000000000000000000000000000000000000000000000008000007d110106010d020f01020103020c010b010e02000000000000000000000000000000004628002a0e424419100294110102036d00000000000000000000001100000000000000000000000000000000000000aaea1500002c01000000000000000000000000000000000000000000000000000000000000000000000000000000
679,全懌,79,102,1:4 7:3 16:2 5:2 9:2 4:2 10:1 17:1 2:1,a702000004a5fee97d000000000000f8da539c00000000000000000000000000000000000000000000000000000000000000000000000000000000000000008000d06b0104070310020502090204020a0111010201000000000000000000000000000000004f24002f10283d1c1202a00f0102036600000000000000000000001000000000000000000000000000000000000000b3171b00006201000000000000000000000000000000000000000000000000000000000000000000000000000000
680,楊濟,60,239,6:1 8:2 1:1 10:1 16:2 2:4 17:2 5:1 7:1,a802000004b7a8c0d90000000000000f525b9c0000000000000000000000000000000000000000000000000000000000000000000000000000000000000000800084670601080201010a0110020204110205010701000000000000000000000000000000003c230013212b3b101101230f040303ef00000000000000000000001500000000000000000000000000000000000000a01d0b0000d601000000000000000000000000000000000000000000000000000000000000000000000000000000
681,黨均,41,101,3:2 2:2 17:2 16:2 6:2 14:1 12:4 1:1 4:2,a902000004c4d2a7a100000000000011db639c000000000000000000000000000000000000000000000000000000000000000000000000000000000000000080007440030202021102100206020e010c0401010402000000000000000000000000000000002919000d17282a0b0c01410a04030365000000000000000000000010000000000000000000000000000000000000008d690500000401000000000000000000000000000000000000000000000000000000000000000000000000000000
682,司馬炎,75,101,17:1 18:1 12:1 13:2 15:3 6:2 14:1 2:4 7:1,aa02000006a571b0a8aaa20000000001db709c0000000000000000000000000000000000000000000000000000000000000000000000000000000000000000800080bb110112010c010d020f0306020e0102040701000000000000000000000000000000004b34001e162657122d01581b0104016500000000000000000000001200000000000000000000000000000000000000af691400000703000000000000000000000000000000000000000000000000000000000000000000000000000000
683,鍾會,55,255,10:2 4:3 12:4 7:1 13:1 14:1 15:2 6:4 2:1,ab02000004c1e9b77c000000000000dfda5b9c000000000000000000000000000000000000000000000000000000000000000000000000000000000000000080003c8c0a0204030c0407010d010e010f020604020100000000000000000000000000000000372b0019135048111301ec13010603ff000000000000000000000017000000000000000000000000000000000000009b1c0c00002201000000000000000000000000000000000000000000000000000000000000000000000000000000
684,鄧忠,80,45,18:1 12:1 16:1 17:1 15:1 1:1 9:2 11:4 3:1,ac02000004be48a9be000000000000d3da4c9c00000000000000000000000000000000000000000000000000000000000000000000000000000000000000008000687412010c01100111010f01010109020b04030100000000000000000000000000000000502600301031401c12029a100102022d00000000000000000000000f00000000000000000000000000000000000000b4ad1b00006801000000000000000000000000000000000000000000000000000000000000000000000000000000
685,全禕,58,37,11:2 9:1 15:1 13:3 5:1 10:1 16:1 7:1 14:1,ad02000004a5fee2fc000000000000c5da479c0000000000000000000000000000000000000000000000000000000000000000000000000000000000000000800008520b0209010f010d0305010a01100107010e01000000000000000000000000000000003a1e00151d1b33101302b20c0201012500000000000000000000000d000000000000000000000000000000000000009ee60a0000a001000000000000000000000000000000000000000000000000000000000000000000000000000000
686,公孫淵,68,45,5:2 13:2 18:1 6:1 14:1 10:1 1:3 17:2 3:1,ae02000006a4bdae5db2570000000010db679c00000000000000000000000000000000000000000000000000000000000000000000000000000000000000008000007d05020d02120106010e010a0101031102030100000000000000000000000000000000442800290e0a43180f0294110102012d00000000000000000000000e00000000000000000000000000000000000000a8d21400002001000000000000000000000000000000000000000000000000000000000000000000000000000000
687,張悌,38,164,12:1 10:1 11:2 9:1 3:4 14:2 15:1 1:3 5:1,af02000004b169aead000000000000f2da619c000000000000000000000000000000000000000000000000000000000000000000000000000000000000000080001c700c010a010b02090103040e020f010103050100000000000000000000000000000000262500100b413f0a17011d10030404a400000000000000000000000d000000000000000000000000000000000000008ab40500000101000000000000000000000000000000000000000000000000000000000000000000000000000000
688,諸葛瞻,41,229,16:1 4:3 9:1 15:2 5:1 3:2 2:4 7:2 14:1,b002000006bdd1b8afc2a400000000fada4e9c00000000000000000000000000000000000000000000000000000000000000000000000000000000000000008000789b1001040309010f0205010302020407020e0100000000000000000000000000000000292e000d17414d0b0c014416040303e5000000000000000000000013000000000000000000000000000000000000008d690500000401000000000000000000000000000000000000000000000000000000000000000000000000000000
689,吾彥,54,38,3:1 14:1 8:4 11:2 7:1 15:4 16:1 18:3 4:2,b102000004a75eabdb000000000000c9da499c00000000000000000000000000000000000000000000000000000000000000000000000000000000000000008000846703010e0108040b0207010f0410011203040200000000000000000000000000000000362300111e313b0e1001230f0403012600000000000000000000000c000000000000000000000000000000000000009a240900008e01000000000000000000000000000000000000000000000000000000000000000000000000000000
690,文鴦,80,37,8:1 5:2 9:3 12:1 13:1 7:3 15:1 1:2 2:1,b202000004a4e5c06d000000000000e6da419c000000000000000000000000000000000000000000000000000000000000000000000000000000000000000080007c470801050209030c010d0107030f010102020100000000000000000000000000000000501b003010202d1c12023b0b0102022500000000000000000000000900000000000000000000000000000000000000b4ad1b00006801000000000000000000000000000000000000000000000000000000000000000000000000000000
691,胡奮,49,37,4:2 12:1 8:2 10:1 9:4 18:1 14:3 15:1 7:3,b302000004ad4abec40000000000001752549c00000000000000000000000000000000000000000000000000000000000000000000000000000000000000008000744004020c0108020a01090412010e030f010703000000000000000000000000000000003119001d0a182a120b02410a0102052500000000000000000000000d0000000000000000000000000000000000000095180b0000b900000000000000000000000000000000000000000000000000000000000000000000000000000000
692,劉諶,43,109,8:4 10:2 11:2 1:1 9:1 15:1 4:3 3:2 18:1,b402000004bc42bfdb00000000000012db5e9c00000000000000000000000000000000000000000000000000000000000000000000000000000000000000008000c8af08040a020b02010109010f01040303021201000000000000000000000000000000002b32000e1828540b0d0164190403036d000000000000000000000011000000000000000000000000000000000000008feb0500001801000000000000000000000000000000000000000000000000000000000000000000000000000000
693,王渾,66,102,1:2 4:2 12:1 17:1 14:3 2:1 6:1 13:2 7:2,b502000004a4fdb4fd000000000000d7da4a9c00000000000000000000000000000000000000000000000000000000000000000000000000000000000000008000e835010204020c0111010e03020106010d02070200000000000000000000000000000000421600280e4425180f02ca080102046600000000000000000000001000000000000000000000000000000000000000a6ba1300001401000000000000000000000000000000000000000000000000000000000000000000000000000000
694,楊祚,43,37,11:1 17:1 3:2 15:2 8:1 10:2 2:1 1:4 7:1,b602000004b7a8afae000000000000dcda5f9c00000000000000000000000000000000000000000000000000000000000000000000000000000000000000008000d0070b01110103020f0208010a02020101040701000000000000000000000000000000002b040010161e080d0e02d0070201052500000000000000000000000d000000000000000000000000000000000000008f590600000101000000000000000000000000000000000000000000000000000000000000000000000000000000
695,孫秀,51,38,16:1 8:1 6:1 2:1 12:3 11:2 18:2 17:1 7:4,b702000004ae5da87100000000000007db549c00000000000000000000000000000000000000000000000000000000000000000000000000000000000000008000d06b10010801060102010c030b0212021101070400000000000000000000000000000000332400150f443d0d1f01a00f0304042600000000000000000000000e0000000000000000000000000000000000000097f10900008401000000000000000000000000000000000000000000000000000000000000000000000000000000
696,曹訓,52,4,9:1 14:3 11:1 6:1 4:1 8:1 10:2 15:1 17:1,b802000004b1e4b05600000000000016524d9c00000000000000000000000000000000000000000000000000000000000000000000000000000000000000008000085209010e030b010601040108010a020f01110100000000000000000000000000000000341e00131a22320f1102b20c020105040000000000000000000000050000000000000000000000000000000000000098e80800005801000000000000000000000000000000000000000000000000000000000000000000000000000000
697,卑衍,54,37,15:1 9:4 3:2 2:3 4:2 11:1 13:1 16:2 1:3,b902000004a8f5ad6c000000000000ceda449c00000000000000000000000000000000000000000000000000000000000000000000000000000000000000008000f03c0f0109040302020304020b010d011002010300000000000000000000000000000000361800200b2828140c02c4090102052500000000000000000000000b000000000000000000000000000000000000009a840d0000d200000000000000000000000000000000000000000000000000000000000000000000000000000000
698,孫歆,52,2,3:3 9:1 2:2 1:3 14:2 12:1 7:2 11:4 5:2,ba02000004ae5dddf500000000000009db439c00000000000000000000000000000000000000000000000000000000000000000000000000000000000000008000342103030901020201030e020c0107020b04050200000000000000000000000000000000340f00131a14190f1102d007020105020000000000000000000000060000000000000000000000000000000000000098e80800005801000000000000000000000000000000000000000000000000000000000000000000000000000000
699,迷當大王,64,4,16:1 2:2 14:4 18:1 3:2 15:1 7:1 5:2 12:1,bb02000008b067b7eda46aa4fd000016db719c00000000000000000000000000000000000000000000000000000000000000000000000000000000000000008000781e100102020e04120103020f01070105020c0100000000000000000000000000000000400e00260d0318170f02d0070102020400000000000000000000000600000000000000000000000000000000000000a4a71200000801000000000000000000000000000000000000000000000000000000000000000000000000000000
700,陶濬,46,38,8:1 15:2 16:1 2:3 3:1 4:1 13:2 11:2 7:1,bc02000004b3b3c0e0000000000000c5da479c00000000000000000000000000000000000000000000000000000000000000000000000000000000000000008000b80b08010f0210010203030104010d020b020701000000000000000000000000000000002e060011171a0b0d0f02d0070201052600000000000000000000000a00000000000000000000000000000000000000921c0700001c01000000000000000000000000000000000000000000000000000000000000000000000000000000
701,万彧,36,38,4:1 6:1 14:1 7:3 3:4 10:1 11:2 1:3 17:1,bd02000004c945d17b00000000000011db689c000000000000000000000000000000000000000000000000000000000000000000000000000000000000000080007c47040106010e01070303040a010b020103110100000000000000000000000000000000241b000f0b362d0916013b0b0304042600000000000000000000000e000000000000000000000000000000000000008828050000ef00000000000000000000000000000000000000000000000000000000000000000000000000000000
702,孫休,32,39,10:1 7:3 5:3 9:2 18:2 17:1 6:2 16:1 12:2,be02000004ae5da5f000000000000010db5d9c000000000000000000000000000000000000000000000000000000000000000000000000000000000000000080003c8c0a0107030503090212021101060210010c0200000000000000000000000000000000202b000d0a3a49091301ec130304012700000000000000000000000e00000000000000000000000000000000000000842e040000cb00000000000000000000000000000000000000000000000000000000000000000000000000000000
703,張布,55,38,13:2 5:1 16:4 1:1 14:2 11:1 18:1 12:1 7:2,bf02000004b169a5ac000000000000c2da519c0000000000000000000000000000000000000000000000000000000000000000000000000000000000000000800088130d020501100401010e020b0112010c01070200000000000000000000000000000000370a0016103e110d2101d0070304042600000000000000000000000a000000000000000000000000000000000000009b6d0b0000b801000000000000000000000000000000000000000000000000000000000000000000000000000000
704,司馬攸,34,109,4:1 15:2 8:3 17:2 12:4 1:1 9:1 14:1 2:3,c002000006a571b0a8a7f1000000001852629c00000000000000000000000000000000000000000000000000000000000000000000000000000000000000008000a0a504010f02080311020c04010109010e010203000000000000000000000000000000002230000b133a51090a01d4170403036d0000000000000000000000110000000000000000000000000000000000000086c5030000ca00000000000000000000000000000000000000000000000000000000000000000000000000000000
705,王戎,30,101,7:4 2:1 8:1 4:2 5:3 6:2 3:3 9:1 1:1,c102000004a4fda6a5000000000000e3da569c00000000000000000000000000000000000000000000000000000000000000000000000000000000000000008000844e070402010801040205030602030309010101000000000000000000000000000000001e1d000c093331081201350c030403650000000000000000000000110000000000000000000000000000000000000082b6030000b900000000000000000000000000000000000000000000000000000000000000000000000000000000
706,朱異,44,39,15:1 17:1 12:1 2:2 8:1 5:1 9:4 3:3 18:1,c202000004a6b6b2a7000000000000ebda529c0000000000000000000000000000000000000000000000000000000000000000000000000000000000000000800034210f0111010c01020208010501090403031201000000000000000000000000000000002c0f001a091d19100a02d0070102052700000000000000000000000d0000000000000000000000000000000000000090d4080000a000000000000000000000000000000000000000000000000000000000000000000000000000000000
707,王頎,46,33,17:1 12:1 7:4 4:3 2:1 11:2 10:1 5:3 8:1,c302000004a4fde0e00000000000001bdb729c00000000000000000000000000000000000000000000000000000000000000000000000000000000000000008000bc1b11010c010704040302010b020a0105030801000000000000000000000000000000002e0d00130e17170c1c01d0070304052100000000000000000000000900000000000000000000000000000000000000922a0800004f01000000000000000000000000000000000000000000000000000000000000000000000000000000
708,祝融夫人,81,8,14:1 15:1 2:2 18:1 10:1 7:3 13:2 12:1 17:2,c402000008afacbfc4a4d2a448000020db8f9c0000000000000000000000000000000000000000000000000000000000000000000000000000000000000000800054560e010f01020212010a0107030d020c01110200000000000000000000000000000000511f00311106351d12022f0d0102020800000000000000000000000400000000000000000000000000000000000000b54d1c00006f01000000000000000000000000000000000000000000000000000000000000000000000000000000
709,濮陽興,40,38,1:3 16:3 17:1 5:2 10:1 9:1 3:3 12:2 8:1,c502000006c0e4b6a7bfb30000000012525c9c00000000000000000000000000000000000000000000000000000000000000000000000000000000000000008000ec5e01031003110105020a01090103030c02080100000000000000000000000000000000282100100c43370a1801290e0304042600000000000000000000000f000000000000000000000000000000000000008c400600001301000000000000000000000000000000000000000000000000000000000000000000000000000000
710,賈範,37,109,12:3 10:3 15:1 1:1 16:2 4:3 18:2 11:3 5:1,c602000004b8ebbd64000000000000f6da509c00000000000000000000000000000000000000000000000000000000000000000000000000000000000000008000b4780c030a030f0101011002040312020b030501000000000000000000000000000000002527000c1531410a0b0117110403036d000000000000000000000010000000000000000000000000000000000000008974040000e200000000000000000000000000000000000000000000000000000000000000000000000000000000
711,孫異,51,38,11:1 14:3 13:2 10:1 17:1 8:3 7:2 4:1 12:2,c702000004ae5db2a7000000000000ddda5f9c0000000000000000000000000000000000000000000000000000000000000000000000000000000000000000800084670b010e030d020a0111010803070204010c0200000000000000000000000000000000332300131a2b3b0f1002230f0201012600000000000000000000000c0000000000000000000000000000000000000097980800004c01000000000000000000000000000000000000000000000000000000000000000000000000000000
712,諸葛靚,46,38,5:1 18:3 3:2 16:2 4:3 14:1 13:1 1:1 6:2,c802000006bdd1b8afe8b000000000d4da4c9c000000000000000000000000000000000000000000000000000000000000000000000000000000000000000080001c70050112030302100204030e010d0101010602000000000000000000000000000000002e25000e1a333e0c0d011d100403012600000000000000000000000d0000000000000000000000000000000000000092b80600003601000000000000000000000000000000000000000000000000000000000000000000000000000000
713,申耽,52,37,18:2 3:1 11:3 15:2 1:3 8:1 2:2 17:1 5:4,c902000004a5d3afd4000000000000ecda459c000000000000000000000000000000000000000000000000000000000000000000000000000000000000000080007c47120203010b030f020103080102021101050400000000000000000000000000000000341b00131a322e0f11023b0b0201052500000000000000000000000d0000000000000000000000000000000000000098e80800005801000000000000000000000000000000000000000000000000000000000000000000000000000000
714,徐質,70,32,6:1 14:3 2:1 13:2 4:2 18:1 15:1 8:2 3:3,ca02000004ae7dbde80000000000001052429c00000000000000000000000000000000000000000000000000000000000000000000000000000000000000008000004b06010e0302010d02040212010f010802030300000000000000000000000000000000461c002a0e2930191002b80b0102022000000000000000000000000600000000000000000000000000000000000000aaea1500002c01000000000000000000000000000000000000000000000000000000000000000000000000000000
715,沈瑩,61,38,4:2 2:3 18:1 15:1 3:1 16:1 13:2 1:1 5:1,cb02000004a848bcfc000000000000cada499c00000000000000000000000000000000000000000000000000000000000000000000000000000000000000008000844e0402020312010f01030110010d0201010501000000000000000000000000000000003d1d00250d1d31160e02350c0102022600000000000000000000000a00000000000000000000000000000000000000a112110000f600000000000000000000000000000000000000000000000000000000000000000000000000000000
716,俄何燒戈,74,4,17:1 14:3 7:2 12:1 18:1 11:4 15:1 6:1 5:1,cc02000008ab58a6f3bf4ea4e0000053cb6b9c00000000000000000000000000000000000000000000000000000000000000000000000000000000000000008000c40911010e0307020c0112010b040f0106010501000000000000000000000000000000004a05002c0f0f091a1102d0070102020400000000000000000000000200000000000000000000000000000000000000ae2e1800004401000000000000000000000000000000000000000000000000000000000000000000000000000000
717,曹髦,21,4,9:1 4:1 18:2 3:2 10:1 8:3 2:3 6:1 14:3,cd02000004b1e4bbec0000000000000f52569c00000000000000000000000000000000000000000000000000000000000000000000000000000000000000008000007d09010401120203020a010803020306010e0300000000000000000000000000000000152800080b17430707029411020101040000000000000000000000050000000000000000000000000000000000000079170200006000000000000000000000000000000000000000000000000000000000000000000000000000000000
718,諸葛尚,64,109,5:1 3:2 11:3 9:1 2:4 16:1 15:4 12:2 17:1,ce02000006bdd1b8afa97c00000000eeda5c9c00000000000000000000000000000000000000000000000000000000000000000000000000000000000000008000007d050103020b030901020410010f040c0211010000000000000000000000000000000040280014241f4411130194110403036d00000000000000000000001200000000000000000000000000000000000000a4850c00001202000000000000000000000000000000000000000000000000000000000000000000000000000000
719,周旬,71,37,3:3 14:1 13:2 9:3 18:1 16:2 2:2 1:2 8:2,cf02000004a950a6af000000000000c8da4b9c00000000000000000000000000000000000000000000000000000000000000000000000000000000000000008000f02303030e010d02090312011002020201020802000000000000000000000000000000004710002b0f1c1b191002d0070102022500000000000000000000000b00000000000000000000000000000000000000ab7b1600003201000000000000000000000000000000000000000000000000000000000000000000000000000000
720,曹芳,9,8,6:1 7:4 13:1 12:2 10:1 14:2 11:2 4:3 5:3,d002000004b1e4aada000000000000dbda649c000000000000000000000000000000000000000000000000000000000000000000000000000000000000000080001c70060107040d010c020a010e020b0204030503000000000000000000000000000000000925000403303e0405011d1003040108000000000000000000000005000000000000000000000000000000000000006d870000002d00000000000000000000000000000000000000000000000000000000000000000000000000000000
721,孫綝,60,33,5:3 12:2 16:1 7:2 13:3 3:1 11:2 15:1 10:1,d102000004ae5de36a00000000000003db4d9c00000000000000000000000000000000000000000000000000000000000000000000000000000000000000008000ac0d05030c02100107020d0303010b020f010a01000000000000000000000000000000003c0700161e050d111302d0070201052100000000000000000000000800000000000000000000000000000000000000a09a0b0000b801000000000000000000000000000000000000000000000000000000000000000000000000000000
722,張華,13,237,17:1 4:4 10:2 7:1 11:3 2:1 9:3 15:2 5:1,d202000004b169b5d800000000000012db689c00000000000000000000000000000000000000000000000000000000000000000000000000000000000000008000844e110104040a0207010b03020109030f020501000000000000000000000000000000000d1d0006054931050501350c010604ed0000000000000000000000130000000000000000000000000000000000000071fa0000003100000000000000000000000000000000000000000000000000000000000000000000000000000000
723,薜瑩,12,38,9:1 18:1 3:4 12:2 15:1 14:1 11:2 6:1 7:3,d302000004c1a3bcfc000000000000dfda569c0000000000000000000000000000000000000000000000000000000000000000000000000000000000000000800054560901120103040c020f010e010b0206010703000000000000000000000000000000000c1f00050441340407012f0d0304042600000000000000000000000e0000000000000000000000000000000000000070c80000003e00000000000000000000000000000000000000000000000000000000000000000000000000000000
724,賈充,14,239,18:2 6:2 8:1 3:1 4:3 17:3 2:1 9:3 14:1,d402000004b8eba552000000000000dcda649c000000000000000000000000000000000000000000000000000000000000000000000000000000000000000080006829120206020801030104031103020109030e01000000000000000000000000000000000e12000605521f060501d007010604ef0000000000000000000000150000000000000000000000000000000000000072130100003500000000000000000000000000000000000000000000000000000000000000000000000000000000
725,倫直,47,37,10:3 3:1 6:1 9:1 18:1 11:2 13:1 15:4 7:2,d502000004addbaabd000000000000e3da609c00000000000000000000000000000000000000000000000000000000000000000000000000000000000000008000f8430a0303010601090112010b020d010f040702000000000000000000000000000000002f1a000f1a302c0c0e01be0a0403052500000000000000000000000d0000000000000000000000000000000000000093030700004001000000000000000000000000000000000000000000000000000000000000000000000000000000
726,蔣舒,37,36,10:1 12:1 5:2 15:1 4:1 8:1 3:1 17:1 1:3,d602000004bdb1b5ce000000000000d0da4f9c00000000000000000000000000000000000000000000000000000000000000000000000000000000000000008000f4010a010c0105020f0104010801030111010103000000000000000000000000000000002501000e130d030b0c02d00702010524000000000000000000000006000000000000000000000000000000000000008900050000ce00000000000000000000000000000000000000000000000000000000000000000000000000000000
727,孫和,14,39,3:1 6:1 16:2 7:2 2:4 10:3 12:4 8:1 15:4,d702000004ae5da94d00000000000018525d9c00000000000000000000000000000000000000000000000000000000000000000000000000000000000000008000b478030106011002070202040a030c0408010f04000000000000000000000000000000000e27000508314105040117110203012700000000000000000000000f0000000000000000000000000000000000000072e10000004300000000000000000000000000000000000000000000000000000000000000000000000000000000
728,曹奐,13,33,3:2 7:3 4:2 2:1 16:4 13:1 8:1 14:2 15:1,d802000004b1e4abb7000000000000f0da669c00000000000000000000000000000000000000000000000000000000000000000000000000000000000000008000007d030207030402020110040d0108010e020f01000000000000000000000000000000000d2800060427440408019411030401210000000000000000000000080000000000000000000000000000000000000071e10000004400000000000000000000000000000000000000000000000000000000000000000000000000000000
729,陳壽,23,237,16:2 7:1 11:2 9:2 10:1 12:2 2:1 3:4 8:1,d902000004b3afb9d800000000000012db639c000000000000000000000000000000000000000000000000000000000000000000000000000000000000000080000852100207010b0209020a010c0202010304080100000000000000000000000000000000171e000a074932070e01b20c030403ed000000000000000000000014000000000000000000000000000000000000007b490200008500000000000000000000000000000000000000000000000000000000000000000000000000000000
730,孫亮,12,111,7:2 1:1 11:2 2:4 10:3 12:2 15:4 3:1 17:2,da02000004ae5dab47000000000000e3da659c00000000000000000000000000000000000000000000000000000000000000000000000000000000000000008000b4aa070201010b0202040a030c020f0403011102000000000000000000000000000000000c310004073b520404019c180403036f0000000000000000000000110000000000000000000000000000000000000070b90000003800000000000000000000000000000000000000000000000000000000000000000000000000000000
731,孫皓,67,37,3:1 10:1 7:1 5:2 2:2 18:1 14:3 17:1 11:4,db02000004ae5db5710000000000000f52609c00000000000000000000000000000000000000000000000000000000000000000000000000000000000000008000007d03010a0107010502020212010e0311010b0400000000000000000000000000000000432800280e0144180f0294110102022500000000000000000000000e00000000000000000000000000000000000000a7461400001a01000000000000000000000000000000000000000000000000000000000000000000000000000000
732,黃皓,6,36,4:2 15:1 8:1 9:2 11:2 2:1 16:4 14:1 7:3,dc02000004b6c0b57100000000000013db5e9c00000000000000000000000000000000000000000000000000000000000000000000000000000000000000008000dc0504020f01080109020b02020110040e0107030000000000000000000000000000000006030003024305030401d0070304042400000000000000000000000a000000000000000000000000000000000000006a5a0000001e00000000000000000000000000000000000000000000000000000000000000000000000000000000
733,岑昏,5,36,17:1 10:1 3:4 15:1 12:3 6:2 7:1 9:1 5:3,dd02000004a7c2a9fc0000000000001952599c00000000000000000000000000000000000000000000000000000000000000000000000000000000000000008000dc0511010a0103040f010c0306020701090105030000000000000000000000000000000005030002023f05030301d0070304042400000000000000000000000900000000000000000000000000000000000000694b0000001900000000000000000000000000000000000000000000000000000000000000000000000000000000
734,丁封,71,39,15:1 14:3 17:1 4:1 16:1 5:2 11:4 8:3 10:2,de02000004a442abca00000000000004db4d9c00000000000000000000000000000000000000000000000000000000000000000000000000000000000000008000ec5e0f010e0311010401100105020b0408030a02000000000000000000000000000000004721002b0f2b38191002290e0102022700000000000000000000000e00000000000000000000000000000000000000ab7b1600003201000000000000000000000000000000000000000000000000000000000000000000000000000000
735,士孫瑞,18,109,11:1 8:4 1:1 13:1 18:3 14:1 2:2 4:1 12:2,df02000006a468ae5db7e7000000000cdb629c00000000000000000000000000000000000000000000000000000000000000000000000000000000000000008000b4780b01080401010d0112030e01020204010c02000000000000000000000000000000001227000806454207060117110106046d0000000000000000000000100000000000000000000000000000000000000076950100004700000000000000000000000000000000000000000000000000000000000000000000000000000000
736,公孫範,69,45,14:2 9:2 7:2 16:4 17:1 5:2 3:3 2:1 10:1,e002000006a4bdae5dbd64000000000952479c00000000000000000000000000000000000000000000000000000000000000000000000000000000000000008000d06b0e0209020702100411010502030302010a01000000000000000000000000000000004524001923333c131602a00f0201052d00000000000000000000000f00000000000000000000000000000000000000a9190f00003f02000000000000000000000000000000000000000000000000000000000000000000000000000000
737,公孫續,65,37,16:4 18:2 8:1 14:2 12:1 15:1 3:4 6:2 5:3,e102000006a4bdae5dc4f200000000edda529c0000000000000000000000000000000000000000000000000000000000000000000000000000000000000000800084671004120208010e020c010f010304060205030000000000000000000000000000000041230018213a3b121502230f0201052500000000000000000000000e00000000000000000000000000000000000000a5750d00000302000000000000000000000000000000000000000000000000000000000000000000000000000000
738,太史享,65,38,13:1 17:3 10:1 15:2 7:1 12:4 14:1 5:1 4:4,e202000006a4d3a576a8c900000000dfda609c00000000000000000000000000000000000000000000000000000000000000000000000000000000000000008000ec5e0d0111030a010f0207010c040e0105010404000000000000000000000000000000004121001a133238102701290e0304052600000000000000000000000c00000000000000000000000000000000000000a5a00f00004902000000000000000000000000000000000000000000000000000000000000000000000000000000
739,孔冑,39,110,9:1 17:2 6:2 1:1 18:2 10:3 8:4 3:1 7:2,e302000004a4d5ab600000000000001852679c00000000000000000000000000000000000000000000000000000000000000000000000000000000000000008000d06b090111020602010112020a0308040301070200000000000000000000000000000000272400120d4e3d0c0d01a00f0106046e000000000000000000000011000000000000000000000000000000000000008b59060000b400000000000000000000000000000000000000000000000000000000000000000000000000000000
740,文虎,75,37,13:4 12:1 6:1 1:1 14:1 7:2 11:3 16:1 2:2,e402000004a4e5aaea0000000000001352509c00000000000000000000000000000000000000000000000000000000000000000000000000000000000000008000ec5e0d040c01060101010e0107020b0310010202000000000000000000000000000000004b21002d0f2b371b1102290e0102022500000000000000000000000c00000000000000000000000000000000000000afbf1800004a01000000000000000000000000000000000000000000000000000000000000000000000000000000
741,方悅,80,38,17:1 9:1 3:3 5:4 12:2 11:1 2:3 1:2 8:3,e502000004a4e8aeae000000000000f9da539c00000000000000000000000000000000000000000000000000000000000000000000000000000000000000008000d06b11010901030305040c020b01020301020803000000000000000000000000000000005024003010383d1c1202a00f0102022600000000000000000000000d00000000000000000000000000000000000000b4ad1b00006801000000000000000000000000000000000000000000000000000000000000000000000000000000
742,牛輔,63,33,11:1 4:3 9:2 1:3 10:1 16:4 2:1 3:1 12:2,e602000004a4fbbbb20000000000000b52449c00000000000000000000000000000000000000000000000000000000000000000000000000000000000000008000e02e0b010403090201030a011004020103010c02000000000000000000000000000000003f140017201c22121402d0070201012100000000000000000000000800000000000000000000000000000000000000a3b70c0000e501000000000000000000000000000000000000000000000000000000000000000000000000000000
743,王匡,59,109,8:1 9:3 1:3 18:4 6:4 11:1 17:1 10:2 4:2,e702000004a4fda64a000000000000efda579c00000000000000000000000000000000000000000000000000000000000000000000000000000000000000008000b478080109030103120406040b0111010a020402000000000000000000000000000000003b2700181147420e230117110304046d000000000000000000000010000000000000000000000000000000000000009f110d0000ec01000000000000000000000000000000000000000000000000000000000000000000000000000000
744,王含,53,39,18:2 9:1 15:1 17:1 12:3 11:2 8:1 10:2 6:4,e802000004a4fda7740000000000001252619c00000000000000000000000000000000000000000000000000000000000000000000000000000000000000008000a05a120209010f0111010c030b0208010a0206040000000000000000000000000000000035200016103a360d2001ac0d0304042700000000000000000000000f0000000000000000000000000000000000000099af0a00009e01000000000000000000000000000000000000000000000000000000000000000000000000000000
745,王忠,61,33,17:1 9:2 6:2 8:1 16:3 5:2 10:1 3:2 4:4,e902000004a4fda9be000000000000fcda4e9c000000000000000000000000000000000000000000000000000000000000000000000000000000000000000080006c391101090206020801100305020a0103020404000000000000000000000000000000003d1700161f222711140247090201012100000000000000000000000900000000000000000000000000000000000000a1f90b0000c701000000000000000000000000000000000000000000000000000000000000000000000000000000
746,王威,64,109,5:4 13:2 7:2 4:1 17:1 11:4 6:1 1:2 10:2,ea02000004a4fdabc2000000000000e4da429c00000000000000000000000000000000000000000000000000000000000000000000000000000000000000008000007d05040d020702040111010b04060101020a0200000000000000000000000000000000402800260d3544170f0294110102036d00000000000000000000001000000000000000000000000000000000000000a4a71200000801000000000000000000000000000000000000000000000000000000000000000000000000000000
747,王惇,71,38,16:1 12:2 11:3 5:3 14:2 13:3 8:2 4:1 10:1,eb02000004a4fdb1ac000000000000fada539c000000000000000000000000000000000000000000000000000000000000000000000000000000000000000080003c8c10010c020b0305030e020d03080204010a0100000000000000000000000000000000472b002b0f3048191002ec130102052600000000000000000000000c00000000000000000000000000000000000000ab7b1600003201000000000000000000000000000000000000000000000000000000000000000000000000000000
748,王淩,75,237,2:3 3:3 8:1 9:4 7:3 6:1 13:2 4:1 15:1,ec02000004a4fdd5e60000000000000bdb439c000000000000000000000000000000000000000000000000000000000000000000000000000000000000000080008ca00203030308010904070306010d0204010f01000000000000000000000000000000004b2f002911534f1e0f020c17010504ed00000000000000000000001300000000000000000000000000000000000000af621b00001301000000000000000000000000000000000000000000000000000000000000000000000000000000
749,王肅,27,239,4:2 9:1 12:4 18:2 11:3 13:1 2:2 1:1 10:1,ed02000004a4fdb5c20000000000000cdb679c000000000000000000000000000000000000000000000000000000000000000000000000000000000000000080003c8c040209010c0412020b030d01020201010a01000000000000000000000000000000001b2b000c095148090901ec13010603ef000000000000000000000016000000000000000000000000000000000000007f430300007300000000000000000000000000000000000000000000000000000000000000000000000000000000
750,丘力居,70,37,6:1 2:2 1:4 16:1 5:2 18:2 3:3 17:1 8:2,ee02000006a543a44fa97e000000001152459c00000000000000000000000000000000000000000000000000000000000000000000000000000000000000008000085206010202010410010502120203031101080200000000000000000000000000000000461e002a0e2b33191002b20c0102022500000000000000000000000c00000000000000000000000000000000000000aaea1500002c01000000000000000000000000000000000000000000000000000000000000000000000000000000
751,丘建,61,109,11:2 12:4 18:2 16:2 2:2 6:3 8:1 1:2 15:2,ef02000004a543abd8000000000000deda5f9c000000000000000000000000000000000000000000000000000000000000000000000000000000000000000080003c8c0b020c041202100202020603080101020f02000000000000000000000000000000003d2b00191240480f2501ec130304046d00000000000000000000001100000000000000000000000000000000000000a1e80d00000902000000000000000000000000000000000000000000000000000000000000000000000000000000
752,北宮玉,73,38,7:1 9:1 10:2 1:4 5:1 16:1 3:3 2:1 14:3,f002000006a55fae63a5c900000000d8da4a9c000000000000000000000000000000000000000000000000000000000000000000000000000000000000000080000852070109010a02010405011001030302010e0300000000000000000000000000000000491e002c0f28331a1102b20c0102022600000000000000000000000d00000000000000000000000000000000000000ad9d1700003e01000000000000000000000000000000000000000000000000000000000000000000000000000000
753,司馬冑,57,109,10:4 3:3 9:1 11:1 12:3 6:3 4:3 2:2 13:1,f102000006a571b0a8ab60000000000f52659c0000000000000000000000000000000000000000000000000000000000000000000000000000000000000000800068740a04030309010b010c030603040302020d0100000000000000000000000000000000392600122036400f11011d100403036d000000000000000000000010000000000000000000000000000000000000009d1e0a0000b201000000000000000000000000000000000000000000000000000000000000000000000000000000
754,句安,65,37,14:2 11:2 9:1 8:1 13:3 5:1 6:1 12:3 4:2,f202000004a579a677000000000000cbda469c00000000000000000000000000000000000000000000000000000000000000000000000000000000000000008000a05a0e020b02090108010d03050106010c0304020000000000000000000000000000000041200018213036121502ac0d0201052500000000000000000000000e00000000000000000000000000000000000000a5750d00000302000000000000000000000000000000000000000000000000000000000000000000000000000000
755,田楷,66,38,12:1 15:1 6:1 11:3 1:4 18:1 5:2 13:4 10:2,f302000004a5d0b7a200000000000014524e9c000000000000000000000000000000000000000000000000000000000000000000000000000000000000000080001c700c010f0106010b030104120105020d040a0200000000000000000000000000000000422500280e383e180f021d100102052600000000000000000000000e00000000000000000000000000000000000000a6ba1300001401000000000000000000000000000000000000000000000000000000000000000000000000000000
756,田豫,64,37,17:1 11:3 10:1 1:4 6:1 13:4 8:1 3:3 12:2,f402000004a5d0bfdd000000000000c9da4b9c00000000000000000000000000000000000000000000000000000000000000000000000000000000000000008000386311010b030a01010406010d04080103030c0200000000000000000000000000000000402200260d3e3a170f02a60e0102042500000000000000000000000f00000000000000000000000000000000000000a4a71200000801000000000000000000000000000000000000000000000000000000000000000000000000000000
757,申儀,56,38,13:3 10:1 2:1 7:4 12:2 15:1 11:1 9:2 18:1,f502000004a5d3bbf60000000000000c524c9c00000000000000000000000000000000000000000000000000000000000000000000000000000000000000008000004b0d030a01020107040c020f010b010902120100000000000000000000000000000000381c00141c382f101202b80b0201012600000000000000000000000e000000000000000000000000000000000000009c320a00008801000000000000000000000000000000000000000000000000000000000000000000000000000000
758,石苞,70,38,16:1 14:3 15:2 17:1 1:4 2:2 5:3 18:1 13:3,f602000004a5dbad63000000000000d1da4f9c00000000000000000000000000000000000000000000000000000000000000000000000000000000000000008000846710010e030f02110101040202050312010d03000000000000000000000000000000004623002a0e303b191002230f0102052600000000000000000000000f00000000000000000000000000000000000000aaea1500002c01000000000000000000000000000000000000000000000000000000000000000000000000000000
759,伍延,73,38,10:2 3:3 4:1 11:4 14:2 9:1 17:1 18:1 13:4,f702000004a5eea9b50000000000001152529c00000000000000000000000000000000000000000000000000000000000000000000000000000000000000008000b4780a02030304010b040e020901110112010d04000000000000000000000000000000004927002c0f32421a110217110102052600000000000000000000000e00000000000000000000000000000000000000ad9d1700003e01000000000000000000000000000000000000000000000000000000000000000000000000000000
760,伏完,20,37,5:1 14:1 4:4 10:1 12:4 9:1 18:3 3:1 1:3,f802000004a5f1a7b900000000000053cb699c00000000000000000000000000000000000000000000000000000000000000000000000000000000000000008000d06b05010e0104040a010c0409011203030101030000000000000000000000000000000014240008063c3c060c01a00f0304042500000000000000000000000f0000000000000000000000000000000000000078c20100006e00000000000000000000000000000000000000000000000000000000000000000000000000000000
761,全尚,38,34,5:1 17:3 15:2 11:3 18:4 13:1 9:2 2:2 12:4,f902000004a5fea97c00000000000013db639c00000000000000000000000000000000000000000000000000000000000000000000000000000000000000008000ec5e050111030f020b0312040d01090202020c0400000000000000000000000000000000262100100b2e380a1701290e03040522000000000000000000000008000000000000000000000000000000000000008ab40500000101000000000000000000000000000000000000000000000000000000000000000000000000000000
762,全紀,66,39,15:2 1:1 2:2 6:3 16:2 5:1 11:2 18:4 3:1,fa02000004a5feacf6000000000000e0da569c00000000000000000000000000000000000000000000000000000000000000000000000000000000000000008000d06b0f02010102020603100205010b0212040301000000000000000000000000000000004224001b13313d102801a00f0304052700000000000000000000000e00000000000000000000000000000000000000a6181000005902000000000000000000000000000000000000000000000000000000000000000000000000000000
763,成濟,69,128,18:2 16:1 14:2 11:3 1:4 13:2 7:2 10:2 9:1,fb02000004a6a8c0d9000000000000d9da4a9c000000000000000000000000000000000000000000000000000000000000000000000000000000000000000080008813120210010e020b0301040d0207020a02090100000000000000000000000000000000450a00290e1111191002d0070102028000000000000000000000000500000000000000000000000000000000000000a95e1500002601000000000000000000000000000000000000000000000000000000000000000000000000000000
764,朱褒,71,128,12:3 6:2 18:2 16:2 3:3 15:1 11:2 10:1 1:3,fc02000004a6b6bdc700000000000009db549c000000000000000000000000000000000000000000000000000000000000000000000000000000000000000080007c470c0306021202100203030f010b020a01010300000000000000000000000000000000471b001a24142d141702be0a0201028000000000000000000000000600000000000000000000000000000000000000abf00f00006002000000000000000000000000000000000000000000000000000000000000000000000000000000
765,朱儰,66,237,4:2 10:1 8:1 13:2 1:2 14:4 7:2 11:1 6:1,fd02000004a6b6e4e800000000000006db489c000000000000000000000000000000000000000000000000000000000000000000000000000000000000000080003c8c04020a0108010d0201020e0407020b01060100000000000000000000000000000000422b00240f3e481a0e02ec13010503ed00000000000000000000001300000000000000000000000000000000000000a690150000e600000000000000000000000000000000000000000000000000000000000000000000000000000000
766,朱據,67,238,5:2 10:1 11:4 1:2 16:2 9:4 15:1 13:2 8:2,fe02000004a6b6beda0000000000000a52499c00000000000000000000000000000000000000000000000000000000000000000000000000000000000000008000148205020a010b040102100209040f010d02080200000000000000000000000000000000432900240f3a451b0e025c12010503ee00000000000000000000001400000000000000000000000000000000000000a730160000eb00000000000000000000000000000000000000000000000000000000000000000000000000000000
767,朱讚,72,38,11:4 6:1 3:2 8:1 5:3 14:2 2:1 18:1 17:1,ff02000004a6b6c667000000000000e7da419c00000000000000000000000000000000000000000000000000000000000000000000000000000000000000008000004b0b0406010302080105030e0202011201110100000000000000000000000000000000481c002b0f242f1a1002b80b0102022600000000000000000000000a00000000000000000000000000000000000000ac0c1700003801000000000000000000000000000000000000000000000000000000000000000000000000000000
768,何晏,34,111,14:2 16:1 15:2 7:1 9:1 11:1 12:2 10:4 2:2,0003000004a6f3aecb0000000000000cdb5d9c0000000000000000000000000000000000000000000000000000000000000000000000000000000000000000800094110e0210010f02070109010b010c020a040202000000000000000000000000000000002209000b132610090a01d0070403036f0000000000000000000000120000000000000000000000000000000000000086c5030000ca00000000000000000000000000000000000000000000000000000000000000000000000000000000
769,何植,54,38,7:1 5:2 9:2 10:2 3:1 12:4 11:3 4:1 15:2,0103000004a6f3b4d300000000000013db689c0000000000000000000000000000000000000000000000000000000000000000000000000000000000000000800034210701050209020a0203010c040b0304010f0200000000000000000000000000000000360f001610241a0d2001d0070304012600000000000000000000000d000000000000000000000000000000000000009a0e0b0000ab01000000000000000000000000000000000000000000000000000000000000000000000000000000
770,冷苞,83,37,18:1 5:4 15:2 1:3 17:1 14:1 12:2 4:1 3:3,0203000004a74ead630000000000001652489c00000000000000000000000000000000000000000000000000000000000000000000000000000000000000008000e835120105040f02010311010e010c02040103030000000000000000000000000000000053160032112a261d1302ca080102022500000000000000000000000f00000000000000000000000000000000000000b78d1d00007d01000000000000000000000000000000000000000000000000000000000000000000000000000000
771,吳巨,63,36,4:4 13:1 14:2 17:1 3:2 10:1 11:2 7:4 9:1,0303000004a764a5a80000000000001752439c00000000000000000000000000000000000000000000000000000000000000000000000000000000000000008000085204040d010e02110103020a010b0207040901000000000000000000000000000000003f1e0017202a32121402b20c0201012400000000000000000000000a00000000000000000000000000000000000000a3b70c0000e501000000000000000000000000000000000000000000000000000000000000000000000000000000
772,吳國太,11,39,4:2 6:4 14:1 3:1 1:3 17:2 13:1 2:1 9:3,0403000006a764b0eaa4d30000000021db8b9c000000000000000000000000000000000000000000000000000000000000000000000000000000000000000080002887040206040e010301010311020d0102010903000000000000000000000000000000000b2a000504324604070124130304052700000000000000000000000d000000000000000000000000000000000000006faf0000003800000000000000000000000000000000000000000000000000000000000000000000000000000000
773,呂岱,72,110,8:1 2:2 7:3 9:4 5:1 16:3 1:2 14:4 18:1,0503000004a766a9a7000000000000f8da4e9c00000000000000000000000000000000000000000000000000000000000000000000000000000000000000008000d06b08010202070309040501100301020e041201000000000000000000000000000000004824002710493c1d0f02a00f0105046e00000000000000000000001100000000000000000000000000000000000000ac641900000401000000000000000000000000000000000000000000000000000000000000000000000000000000
774,呂據,66,110,11:1 15:3 10:2 17:2 1:2 2:4 9:1 4:3 5:1,0603000004a766beda000000000000ddda649c0000000000000000000000000000000000000000000000000000000000000000000000000000000000000000800084670b010f030a02110201020204090104030501000000000000000000000000000000004223001525363b111301230f0403036e00000000000000000000001000000000000000000000000000000000000000a63e0d00003002000000000000000000000000000000000000000000000000000000000000000000000000000000
775,宋揚,71,37,8:3 6:1 13:3 10:1 7:2 1:3 15:1 11:2 17:1,0703000004a7bab4ad000000000000cada4b9c000000000000000000000000000000000000000000000000000000000000000000000000000000000000000080006c39080306010d030a01070201030f010b021101000000000000000000000000000000004717002b0f202719100247090102012500000000000000000000000c00000000000000000000000000000000000000ab7b1600003201000000000000000000000000000000000000000000000000000000000000000000000000000000
776,宋謙,78,39,8:1 5:4 18:2 12:2 16:1 1:2 3:3 2:3 7:1,0803000004a7bac1be000000000000cbda449c000000000000000000000000000000000000000000000000000000000000000000000000000000000000000080001c700801050412020c0210010102030302030701000000000000000000000000000000004e25002f10303e1c12021d100102022700000000000000000000000e00000000000000000000000000000000000000b2811a00005c01000000000000000000000000000000000000000000000000000000000000000000000000000000
777,岑威,67,37,6:2 1:2 17:1 3:3 10:1 13:3 5:1 16:3 11:2,0903000004a7c2abc20000000000000adb549c00000000000000000000000000000000000000000000000000000000000000000000000000000000000000008000ec5e06020102110103030a010d03050110030b020000000000000000000000000000000043210018223638131502290e0201052500000000000000000000000d00000000000000000000000000000000000000a7470e00002102000000000000000000000000000000000000000000000000000000000000000000000000000000
778,李勝,31,38,8:1 15:2 7:1 12:4 11:1 6:2 18:4 4:3 1:3,0a03000004a7f5b3d3000000000000f1da669c00000000000000000000000000000000000000000000000000000000000000000000000000000000000000008000545608010f0207010c040b010602120404030103000000000000000000000000000000001f1f000d094a350813012f0d0304042600000000000000000000000c0000000000000000000000000000000000000083f2030000c200000000000000000000000000000000000000000000000000000000000000000000000000000000
779,李歆,69,37,9:2 2:1 12:2 7:4 3:2 4:4 17:1 1:2 13:3,0b03000004a7f5ddf500000000000018db719c000000000000000000000000000000000000000000000000000000000000000000000000000000000000000080001c70090202010c02070403020404110101020d030000000000000000000000000000000045250019232c3e1316021d100201052500000000000000000000000d00000000000000000000000000000000000000a9190f00003f02000000000000000000000000000000000000000000000000000000000000000000000000000000
780,典滿,74,33,8:3 12:1 7:1 5:3 17:1 10:1 13:4 1:3 14:1,0c03000004a8e5baa1000000000000fbda539c00000000000000000000000000000000000000000000000000000000000000000000000000000000000000008000085208030c010701050311010a010d0401030e01000000000000000000000000000000004a1e002c0f26321a1102b20c0102022100000000000000000000000b00000000000000000000000000000000000000ae2e1800004401000000000000000000000000000000000000000000000000000000000000000000000000000000
781,呼廚泉,67,36,15:1 7:3 18:2 12:3 14:2 16:4 3:1 10:1 2:1,0d03000006a949bc70ac75000000001cdb729c000000000000000000000000000000000000000000000000000000000000000000000000000000000000000080001c700f01070312020c030e02100403010a010201000000000000000000000000000000004325001822143f1315021d100201052400000000000000000000000700000000000000000000000000000000000000a7470e00002102000000000000000000000000000000000000000000000000000000000000000000000000000000
782,周旨,82,37,10:2 6:1 11:1 5:4 17:1 18:2 1:1 2:3 3:1,0e03000004a950a6ae000000000000e9da459c0000000000000000000000000000000000000000000000000000000000000000000000000000000000000000800054560a0206010b0105041101120201010203030100000000000000000000000000000000521f0031112b341d13022f0d0102022500000000000000000000000b00000000000000000000000000000000000000b6ed1c00007601000000000000000000000000000000000000000000000000000000000000000000000000000000
783,周朝,64,36,4:3 9:1 12:2 7:4 3:4 2:1 10:1 1:3 18:2,0f03000004a950b4c20000000000000d524a9c00000000000000000000000000000000000000000000000000000000000000000000000000000000000000008000e835040309010c020704030402010a01010312020000000000000000000000000000000040160017201626121502ca080201012400000000000000000000000700000000000000000000000000000000000000a4160d0000f401000000000000000000000000000000000000000000000000000000000000000000000000000000
784,於夫羅,71,4,1:2 6:1 10:2 2:3 16:1 17:1 9:1 4:1 11:4,1003000006a9f3a4d2c3b90000000019db719c00000000000000000000000000000000000000000000000000000000000000000000000000000000000000008000d06b010206010a02020310011101090104010b04000000000000000000000000000000004724002b0f223c191002a00f0102050400000000000000000000000600000000000000000000000000000000000000ab7b1600003201000000000000000000000000000000000000000000000000000000000000000000000000000000
785,林芝,31,255,6:1 3:2 7:2 8:3 9:1 15:4 12:4 2:1 10:2,1103000004aa4caadb00000000000022db789c000000000000000000000000000000000000000000000000000000000000000000000000000000000000000080002887060103020702080309010f040c0402010a02000000000000000000000000000000001f2a000e0b50460a0b012413010603ff0000000000000000000000190000000000000000000000000000000000000083290400008800000000000000000000000000000000000000000000000000000000000000000000000000000000
786,邵悌,23,237,12:4 18:2 16:1 15:2 10:2 14:1 3:1 7:1 6:4,1203000004aaf2aead0000000000000e52559c00000000000000000000000000000000000000000000000000000000000000000000000000000000000000008000ec5e0c04120210010f020a020e01030107010604000000000000000000000000000000001721000a073e38070e01290e030403ed000000000000000000000014000000000000000000000000000000000000007b490200008500000000000000000000000000000000000000000000000000000000000000000000000000000000
787,俞涉,80,36,6:1 12:2 5:3 1:2 2:3 11:1 14:2 10:2 9:1,1303000004ab5caf41000000000000c3da519c00000000000000000000000000000000000000000000000000000000000000000000000000000000000000008000744006010c020503010202030b010e020a020901000000000000000000000000000000005019003010232b1c1202410a0102022400000000000000000000000900000000000000000000000000000000000000b4ad1b00006801000000000000000000000000000000000000000000000000000000000000000000000000000000
788,施朔,71,39,15:2 2:2 5:4 7:1 11:3 18:1 17:1 14:3 13:2,1403000004ac49aed2000000000000fcda539c0000000000000000000000000000000000000000000000000000000000000000000000000000000000000000800008520f020202050407010b03120111010e030d0200000000000000000000000000000000471e002b0f2633191002b20c0102012700000000000000000000000d00000000000000000000000000000000000000ab7b1600003201000000000000000000000000000000000000000000000000000000000000000000000000000000
789,胡沖,21,110,7:1 10:2 9:1 4:3 12:3 16:1 18:4 17:3 14:1,1503000004ad4aa852000000000000e1da569c00000000000000000000000000000000000000000000000000000000000000000000000000000000000000008000b47807010a02090104030c031001120411030e010000000000000000000000000000000015270009064842060d0117110304046e0000000000000000000000100000000000000000000000000000000000000079ef0100007600000000000000000000000000000000000000000000000000000000000000000000000000000000
790,胡姬,71,238,1:2 4:2 2:1 17:3 14:1 18:4 13:1 11:2 12:4,1603000004ad4aae5600000000000023db7a9c0000000000000000000000000000000000000000000000000000000000000000000000000000000000000000800060ea01020402020111030e0112040d010b020c0400000000000000000000000000000000473c001d155064112b01581b030405ee00000000000000000000001200000000000000000000000000000000000000ab75120000af02000000000000000000000000000000000000000000000000000000000000000000000000000000
791,胡淵,73,39,13:4 14:3 2:3 8:2 17:1 10:2 11:4 15:2 6:1,1703000004ad4ab257000000000000d0da4c9c0000000000000000000000000000000000000000000000000000000000000000000000000000000000000000800028870d040e030203080211010a020b040f02060100000000000000000000000000000000492a002c0f2e461a110224130102052700000000000000000000000f00000000000000000000000000000000000000ad9d1700003e01000000000000000000000000000000000000000000000000000000000000000000000000000000
792,胡濟,66,237,5:1 13:1 14:2 18:1 9:2 15:1 12:1 10:4 1:2,1803000004ad4ac0d90000000000000ddb589c00000000000000000000000000000000000000000000000000000000000000000000000000000000000000008000007d05010d010e02120109020f010c010a04010200000000000000000000000000000000422800152548441113019411040303ed00000000000000000000001300000000000000000000000000000000000000a63e0d00003002000000000000000000000000000000000000000000000000000000000000000000000000000000
793,韋昭,31,110,8:4 10:3 17:1 5:1 4:2 3:2 16:1 12:3 2:2,1903000004adb3ac4c00000000000011db599c00000000000000000000000000000000000000000000000000000000000000000000000000000000000000008000148208040a03110105010402030210010c030202000000000000000000000000000000001f29000e0b49450a0b015c120106046e0000000000000000000000100000000000000000000000000000000000000083290400008800000000000000000000000000000000000000000000000000000000000000000000000000000000
794,唐彬,71,109,5:4 16:1 11:2 10:2 12:2 2:3 1:4 15:1 6:1,1a03000004adf0b16c000000000000c4da519c00000000000000000000000000000000000000000000000000000000000000000000000000000000000000008000d06b050410010b020a020c02020301040f010601000000000000000000000000000000004724002b0f353c191002a00f0102036d00000000000000000000001000000000000000000000000000000000000000ab7b1600003201000000000000000000000000000000000000000000000000000000000000000000000000000000
795,徐堅,81,109,14:1 1:1 9:2 15:2 18:4 8:1 11:3 3:1 13:1,1b03000004ae7db0ed000000000000deda649c0000000000000000000000000000000000000000000000000000000000000000000000000000000000000000800028870e01010109020f02120408010b0303010d0100000000000000000000000000000000512a002118414613310124130304026d00000000000000000000001100000000000000000000000000000000000000b5981700009003000000000000000000000000000000000000000000000000000000000000000000000000000000
796,徐邈,43,39,7:1 15:2 14:1 11:2 4:3 9:1 6:4 16:1 2:2,1c03000004ae7dc2e4000000000000efda5c9c00000000000000000000000000000000000000000000000000000000000000000000000000000000000000008000789b07010f020e010b0204030901060410010202000000000000000000000000000000002b2e00120d534e0b1a0144160304042700000000000000000000000f000000000000000000000000000000000000008f300700003101000000000000000000000000000000000000000000000000000000000000000000000000000000
797,留平,71,238,3:2 10:4 17:2 13:2 8:1 12:3 16:1 18:1 5:1,1d03000004af64a5ad000000000000e0da5b9c000000000000000000000000000000000000000000000000000000000000000000000000000000000000000080001c7003020a0411020d0208010c03100112010501000000000000000000000000000000004725001727393e1215011d10040303ee00000000000000000000001300000000000000000000000000000000000000ab1e0f00008002000000000000000000000000000000000000000000000000000000000000000000000000000000
798,留贊,63,38,12:2 17:1 4:1 9:1 11:3 13:3 2:1 10:1 5:4,1e03000004af64c3d9000000000000ccda469c00000000000000000000000000000000000000000000000000000000000000000000000000000000000000008000004b0c021101040109010b030d0302010a010504000000000000000000000000000000003f1c00260d352f170e02b80b0102012600000000000000000000000c00000000000000000000000000000000000000a3201200000201000000000000000000000000000000000000000000000000000000000000000000000000000000
799,秦朗,73,37,11:2 5:1 9:2 1:1 4:4 15:1 7:3 2:1 10:1,1f03000004afb3aed4000000000000c5da519c00000000000000000000000000000000000000000000000000000000000000000000000000000000000000008000e02e0b0205010902010104040f01070302010a01000000000000000000000000000000004914001b251a22141702d0070201012500000000000000000000000b00000000000000000000000000000000000000adcc1000008402000000000000000000000000000000000000000000000000000000000000000000000000000000
800,荀勗,21,239,7:1 4:2 6:1 1:2 12:3 9:2 14:1 11:1 17:4,2003000004affbb1e500000000000014db5e9c00000000000000000000000000000000000000000000000000000000000000000000000000000000000000008000e83507010402060101020c0309020e010b01110400000000000000000000000000000000151600070c4c26060601ca08040303ef0000000000000000000000150000000000000000000000000000000000000079900100006b00000000000000000000000000000000000000000000000000000000000000000000000000000000
801,荀愷,75,109,8:3 14:3 6:1 16:1 3:3 12:2 9:1 1:2 13:1,2103000004affbb75f000000000000c6da499c00000000000000000000000000000000000000000000000000000000000000000000000000000000000000008000a05a08030e030601100103030c02090101020d01000000000000000000000000000000004b20002d0f19361b1102ac0d0102026d00000000000000000000000f00000000000000000000000000000000000000afbf1800004a01000000000000000000000000000000000000000000000000000000000000000000000000000000
802,荀諶,29,239,17:1 1:1 4:2 18:2 15:3 2:4 16:2 14:1 5:1,2203000004affbbfdb0000000000000ddb629c00000000000000000000000000000000000000000000000000000000000000000000000000000000000000008000b47811010101040212020f03020410020e010501000000000000000000000000000000001d27000d0a48410a0a011711010603ef0000000000000000000000140000000000000000000000000000000000000081b10300007d00000000000000000000000000000000000000000000000000000000000000000000000000000000
803,荀顗,22,237,18:3 1:2 9:1 15:2 4:3 13:1 10:2 5:1 6:1,2303000004affbf3aa000000000000dfda659c0000000000000000000000000000000000000000000000000000000000000000000000000000000000000000800064961203010209010f0204030d010a020501060100000000000000000000000000000000162d0009074d4c060d017c15030404ed000000000000000000000012000000000000000000000000000000000000007a1c0200007d00000000000000000000000000000000000000000000000000000000000000000000000000000000
804,袁遺,57,237,4:3 16:2 14:1 9:1 8:2 15:4 6:1 10:3 5:1,2403000004b04bbff200000000000014db639c00000000000000000000000000000000000000000000000000000000000000000000000000000000000000008000b478040310020e01090108020f0406010a030501000000000000000000000000000000003927001a134c421113011711010604ed000000000000000000000012000000000000000000000000000000000000009df80c00003201000000000000000000000000000000000000000000000000000000000000000000000000000000
805,袁燿,44,37,11:3 3:1 2:2 7:1 9:1 17:1 4:3 18:2 15:2,2503000004b04beffa000000000000e0da609c000000000000000000000000000000000000000000000000000000000000000000000000000000000000000080001c700b0303010202070109011101040312020f02000000000000000000000000000000002c2500120d343e0b1a011d100304052500000000000000000000000a0000000000000000000000000000000000000090800700003b01000000000000000000000000000000000000000000000000000000000000000000000000000000
806,馬日磾,23,39,4:4 10:2 15:2 12:2 14:1 11:2 7:1 13:1 6:4,2603000006b0a8a4e9edad000000000e525a9c00000000000000000000000000000000000000000000000000000000000000000000000000000000000000008000148204040a020f020c020e010b0207010d010604000000000000000000000000000000001729000a073d45070e015c120304042700000000000000000000000f000000000000000000000000000000000000007b490200008500000000000000000000000000000000000000000000000000000000000000000000000000000000
807,馬鈞,29,109,7:1 13:2 15:3 1:2 12:3 6:1 8:1 9:2 17:1,2703000004b0a8b67600000000000014db689c00000000000000000000000000000000000000000000000000000000000000000000000000000000000000008000f03c07010d020f0301020c030601080109021101000000000000000000000000000000001d18000a103b29080901c4090403036d0000000000000000000000110000000000000000000000000000000000000081bc020000a300000000000000000000000000000000000000000000000000000000000000000000000000000000
808,區星,77,37,7:2 11:4 12:1 2:2 4:1 1:2 9:1 5:4 8:1,2803000004b0cfac50000000000000f3da509c000000000000000000000000000000000000000000000000000000000000000000000000000000000000000080001c7007020b040c01020204010102090105040801000000000000000000000000000000004d25002e10233f1b11021d100102022500000000000000000000000b00000000000000000000000000000000000000b1eb1900005601000000000000000000000000000000000000000000000000000000000000000000000000000000
809,崔琰,49,237,6:2 9:1 5:1 11:3 12:3 10:2 18:2 13:1 4:4,2903000004b15ada7c00000000000053cb6c9c000000000000000000000000000000000000000000000000000000000000000000000000000000000000000080003c8c0602090105010b030c030a0212020d01040400000000000000000000000000000000312b00140e57480c1d01ec13030404ed0000000000000000000000120000000000000000000000000000000000000095380900006d01000000000000000000000000000000000000000000000000000000000000000000000000000000
810,崔諒,57,38,12:2 1:2 11:3 2:2 4:4 18:2 6:4 7:1 9:3,2a03000004b15abdcc000000000000f0da5c9c0000000000000000000000000000000000000000000000000000000000000000000000000000000000000000800074400c0201020b03020204041202060407010903000000000000000000000000000000003919001711202b0e2201410a0304012600000000000000000000000d000000000000000000000000000000000000009d3f0c0000d201000000000000000000000000000000000000000000000000000000000000000000000000000000
811,張承,68,39,3:1 11:1 18:2 7:1 16:1 9:1 14:3 5:4 2:1,2b03000004b169a9d3000000000000f4da509c00000000000000000000000000000000000000000000000000000000000000000000000000000000000000008000545603010b0112020701100109010e030504020100000000000000000000000000000000441f00290e3035180f022f0d0102012700000000000000000000000c00000000000000000000000000000000000000a8d21400002001000000000000000000000000000000000000000000000000000000000000000000000000000000
812,張南,69,37,15:1 2:1 1:3 4:4 18:1 12:3 7:4 17:1 10:1,2c03000004b169ab6e00000000000007db439c000000000000000000000000000000000000000000000000000000000000000000000000000000000000000080001c700f0102010103040412010c03070411010a010000000000000000000000000000000045250019232a3e1316021d100201052500000000000000000000000a00000000000000000000000000000000000000a9190f00003f02000000000000000000000000000000000000000000000000000000000000000000000000000000
813,張既,53,238,14:1 17:3 10:2 5:2 15:1 4:3 8:1 12:4 6:2,2d03000004b169ac4a000000000000eeda619c00000000000000000000000000000000000000000000000000000000000000000000000000000000000000008000a4b50e0111030a0205020f01040308010c0406020000000000000000000000000000000035330016105c550d2001581b030404ee0000000000000000000000140000000000000000000000000000000000000099af0a00009e01000000000000000000000000000000000000000000000000000000000000000000000000000000
814,張特,67,239,1:3 7:3 8:1 14:4 5:2 17:2 11:4 6:1 10:1,2e03000004b169af5300000000000002db489c00000000000000000000000000000000000000000000000000000000000000000000000000000000000000008000007d0103070308010e04050211020b0406010a0100000000000000000000000000000000432800240f47441b0e029411010503ef00000000000000000000001400000000000000000000000000000000000000a730160000eb00000000000000000000000000000000000000000000000000000000000000000000000000000000
815,張純,74,109,14:2 7:4 11:2 18:2 10:1 12:1 17:1 1:2 4:2,2f03000004b169afc2000000000000ccda449c0000000000000000000000000000000000000000000000000000000000000000000000000000000000000000800074400e0207040b0212020a010c01110101020402000000000000000000000000000000004a19001b25242b141802410a0201026d00000000000000000000001100000000000000000000000000000000000000ae3a1100009602000000000000000000000000000000000000000000000000000000000000000000000000000000
816,張球,73,39,15:2 12:1 17:1 8:3 2:2 11:2 4:1 3:3 1:1,3003000004b169b2790000000000001ddb729c00000000000000000000000000000000000000000000000000000000000000000000000000000000000000008000844e0f020c011101080302020b0204010303010100000000000000000000000000000000491d002c0f20311a1102350c0102022700000000000000000000000c00000000000000000000000000000000000000ad9d1700003e01000000000000000000000000000000000000000000000000000000000000000000000000000000
817,張楊,67,109,13:1 6:3 3:4 7:1 5:1 4:1 10:4 14:2 8:2,3103000004b169b7a8000000000000f9da4e9c000000000000000000000000000000000000000000000000000000000000000000000000000000000000000080001c700d01060303040701050104010a040e020802000000000000000000000000000000004325001822363e1315021d100401036d00000000000000000000001100000000000000000000000000000000000000a7470e00002102000000000000000000000000000000000000000000000000000000000000000000000000000000
818,張緝,37,237,5:1 15:2 8:1 2:1 18:1 13:1 17:3 4:4 9:2,3203000004b169bd720000000000000e52649c00000000000000000000000000000000000000000000000000000000000000000000000000000000000000008000004b05010f020801020112010d0111030404090200000000000000000000000000000000251c000f0b4a300a1601b80b030403ed00000000000000000000001300000000000000000000000000000000000000896e050000f800000000000000000000000000000000000000000000000000000000000000000000000000000000
819,張遵,71,39,10:1 18:1 11:2 8:1 3:4 17:1 12:2 7:3 2:1,3303000004b169bfed000000000000e5da429c00000000000000000000000000000000000000000000000000000000000000000000000000000000000000008000b4780a0112010b020801030411010c0207030201000000000000000000000000000000004727001a24304214170217110201052700000000000000000000000e00000000000000000000000000000000000000abf00f00006002000000000000000000000000000000000000000000000000000000000000000000000000000000
820,張舉,76,109,12:3 5:3 7:2 3:2 2:1 15:1 16:4 4:1 10:1,3403000004b169c17c000000000000eada459c000000000000000000000000000000000000000000000000000000000000000000000000000000000000000080001c700c0305030702030202010f01100404010a01000000000000000000000000000000004c25001c26303e1518021d100201026d00000000000000000000000f00000000000000000000000000000000000000b020120000ba02000000000000000000000000000000000000000000000000000000000000000000000000000000
821,曹遵,70,37,10:1 5:3 18:2 7:2 13:3 2:3 15:2 12:2 4:1,3503000004b1e4bfed0000000000001edb729c00000000000000000000000000000000000000000000000000000000000000000000000000000000000000008000844e0a010503120207020d0302030f020c02040100000000000000000000000000000000461d002a0e2731191002350c0102012500000000000000000000000b00000000000000000000000000000000000000aaea1500002c01000000000000000000000000000000000000000000000000000000000000000000000000000000
822,梁緒,63,109,6:4 17:1 11:2 3:1 4:3 18:3 12:3 14:1 15:1,3603000004b1e7bafc0000000000001552709c00000000000000000000000000000000000000000000000000000000000000000000000000000000000000008000d06b060411010b020301040312030c030e010f01000000000000000000000000000000003f24001a12423c0f2601a00f0304046d00000000000000000000001100000000000000000000000000000000000000a3c40e00002902000000000000000000000000000000000000000000000000000000000000000000000000000000
823,許貢,56,37,11:2 18:1 6:3 4:2 10:1 2:2 16:1 1:2 3:1,3703000004b35cb05e00000000000012db599c0000000000000000000000000000000000000000000000000000000000000000000000000000000000000000800038630b021201060304020a01020210010102030100000000000000000000000000000000382200171029390e2201a60e0304052500000000000000000000000b000000000000000000000000000000000000009cd60b0000c501000000000000000000000000000000000000000000000000000000000000000000000000000000
824,郭石,60,37,2:3 15:1 6:1 9:3 12:1 1:4 17:1 5:2 7:3,3803000004b3a2a5db000000000000cdda469c00000000000000000000000000000000000000000000000000000000000000000000000000000000000000008000f03c02030f01060109030c010104110105020703000000000000000000000000000000003c1800200e2a29180c02c4090105012500000000000000000000000d00000000000000000000000000000000000000a002120000c800000000000000000000000000000000000000000000000000000000000000000000000000000000
825,陳到,74,39,7:4 18:2 16:3 10:1 6:2 9:2 11:1 14:2 3:3,3903000004b3afa8ec0000000000000952519c00000000000000000000000000000000000000000000000000000000000000000000000000000000000000008000b4780704120210030a01060209020b010e020303000000000000000000000000000000004a27001b25304214180217110201022700000000000000000000000e00000000000000000000000000000000000000ae3a1100009602000000000000000000000000000000000000000000000000000000000000000000000000000000
826,陳應,71,37,5:3 12:2 17:1 8:1 6:2 4:4 2:1 1:2 18:2,3a03000004b3afc0b30000000000001adb719c00000000000000000000000000000000000000000000000000000000000000000000000000000000000000008000781e05030c02110108010602040402010102120200000000000000000000000000000000470e001a242018141702d0070201012500000000000000000000000b00000000000000000000000000000000000000abf00f00006002000000000000000000000000000000000000000000000000000000000000000000000000000000
827,陳蘭,70,36,8:3 1:3 3:3 14:3 5:4 18:2 16:1 7:2 13:1,3b03000004b3afc4f50000000000000e525f9c00000000000000000000000000000000000000000000000000000000000000000000000000000000000000008000e8350803010303030e0305041202100107020d01000000000000000000000000000000004616002a0e2026191002ca080102012400000000000000000000000900000000000000000000000000000000000000aaea1500002c01000000000000000000000000000000000000000000000000000000000000000000000000000000
828,陸景,64,238,12:2 1:1 3:2 16:1 4:1 10:4 17:2 9:1 2:1,3c03000004b3b0b4ba000000000000f2da669c0000000000000000000000000000000000000000000000000000000000000000000000000000000000000000800050910c0201010302100104010a0411020901020100000000000000000000000000000000402c0014244b4a111301ec13040303ee00000000000000000000001400000000000000000000000000000000000000a4850c00001202000000000000000000000000000000000000000000000000000000000000000000000000000000
829,眭固,68,37,3:1 9:2 4:4 1:3 17:1 16:3 8:1 7:2 6:2,3d03000004d6aaa95400000000000005db4d9c00000000000000000000000000000000000000000000000000000000000000000000000000000000000000008000e02e0301090204040103110110030801070206020000000000000000000000000000000044140019221522131602d0070201012500000000000000000000000b00000000000000000000000000000000000000a8b00e00003002000000000000000000000000000000000000000000000000000000000000000000000000000000
830,單經,61,38,15:2 10:2 8:3 17:1 3:3 14:2 11:4 1:1 7:2,3e03000004b3e6b867000000000000d2da4f9c0000000000000000000000000000000000000000000000000000000000000000000000000000000000000000800038630f020a020803110103030e020b0401010702000000000000000000000000000000003d2200250d3139160e02a60e0102052600000000000000000000000c00000000000000000000000000000000000000a112110000f600000000000000000000000000000000000000000000000000000000000000000000000000000000
831,喬國老,11,4,7:1 12:3 4:3 18:4 9:2 17:3 5:2 2:2 10:1,3f03000006b3ecb0eaa6d10000000053cb6b9c00000000000000000000000000000000000000000000000000000000000000000000000000000000000000008000085207010c030403120409021103050202020a01000000000000000000000000000000000b1e0005043232040701b20c03040104000000000000000000000003000000000000000000000000000000000000006faf0000003800000000000000000000000000000000000000000000000000000000000000000000000000000000
832,費耀,64,237,2:3 9:2 10:1 11:1 18:1 17:3 15:2 3:4 14:1,4003000004b64fc4a3000000000000dada559c00000000000000000000000000000000000000000000000000000000000000000000000000000000000000008000007d020309020a010b01120111030f0203040e0100000000000000000000000000000000402800142438431113019411040303ed00000000000000000000001300000000000000000000000000000000000000a4850c00001202000000000000000000000000000000000000000000000000000000000000000000000000000000
833,賀齊,70,110,7:1 18:2 5:3 8:1 14:2 4:1 12:1 16:1 1:4,4103000004b650bbf400000000000003db489c000000000000000000000000000000000000000000000000000000000000000000000000000000000000000080001c7007011202050308010e0204010c0110010104000000000000000000000000000000004625002a0e3c3e1910021d100102036e00000000000000000000001100000000000000000000000000000000000000aaea1500002c01000000000000000000000000000000000000000000000000000000000000000000000000000000
834,鄂煥,75,37,5:4 14:2 6:1 15:1 13:1 11:3 3:1 18:2 7:2,4203000004b66bb7d8000000000000c1da479c00000000000000000000000000000000000000000000000000000000000000000000000000000000000000008000004b05040e0206010f010d010b03030112020702000000000000000000000000000000004b1c002d0f17301b1102b80b0102012500000000000000000000000b00000000000000000000000000000000000000afbf1800004a01000000000000000000000000000000000000000000000000000000000000000000000000000000
835,雲玲,91,110,4:1 8:2 9:1 2:2 10:1 5:3 13:4 17:1 14:3,4303000004b6b3acc200000000000024db799c00000000000000000000000000000000000000000000000000000000000000000000000000000000000000008000288704010802090102020a0105030d0411010e03000000000000000000000000000000005b2a0037133c4620150224130102026e00000000000000000000001000000000000000000000000000000000000000bfd3220000b501000000000000000000000000000000000000000000000000000000000000000000000000000000
836,楊弘,49,239,10:4 9:1 16:1 18:1 12:3 15:1 1:2 3:1 5:1,4403000004b7a8a5b0000000000000dada5a9c00000000000000000000000000000000000000000000000000000000000000000000000000000000000000008000f8430a040901100112010c030f0101020301050100000000000000000000000000000000311a000f1b3e2c0d0e01be0a040303ef0000000000000000000000150000000000000000000000000000000000000095990700005401000000000000000000000000000000000000000000000000000000000000000000000000000000
837,楊任,81,39,11:4 3:2 4:1 1:3 7:1 13:2 10:1 17:1 6:1,4503000004b7a8a5f40000000000000bdb549c00000000000000000000000000000000000000000000000000000000000000000000000000000000000000008000ec5e0b0403020401010307010d020a01110106010000000000000000000000000000000051210031112d381d1202290e0102022700000000000000000000000d00000000000000000000000000000000000000b54d1c00006f01000000000000000000000000000000000000000000000000000000000000000000000000000000
838,楊奉,65,37,10:1 18:1 15:1 14:2 3:1 16:4 17:1 7:3 5:1,4603000004b7a8a95e000000000000e9da529c0000000000000000000000000000000000000000000000000000000000000000000000000000000000000000800038630a0112010f010e0203011004110107030501000000000000000000000000000000004122001821203a121502a60e0201052500000000000000000000000b00000000000000000000000000000000000000a5750d00000302000000000000000000000000000000000000000000000000000000000000000000000000000000
839,楊昂,71,38,7:1 18:1 2:3 11:4 3:1 16:1 5:4 13:4 1:4,4703000004b7a8a9f900000000000006db4d9c0000000000000000000000000000000000000000000000000000000000000000000000000000000000000000800074400701120102030b040301100105040d040104000000000000000000000000000000004719002b0f242a191002410a0102012600000000000000000000000a00000000000000000000000000000000000000ab7b1600003201000000000000000000000000000000000000000000000000000000000000000000000000000000
840,楊欣,67,109,4:1 15:1 5:2 3:3 6:1 14:3 12:1 9:4 13:2,4803000004b7a8aa590000000000001752549c000000000000000000000000000000000000000000000000000000000000000000000000000000000000000080001c7004010f010502030306010e030c0109040d0200000000000000000000000000000000432500240f383f1b0e021d100105036d00000000000000000000001000000000000000000000000000000000000000a730160000eb00000000000000000000000000000000000000000000000000000000000000000000000000000000
841,楊阜,57,239,11:3 16:1 5:2 7:1 1:2 4:4 12:1 9:3 13:1,4903000004b7a8aafa000000000000f0da579c0000000000000000000000000000000000000000000000000000000000000000000000000000000000000000800064960b03100105020701010204040c0109030d0100000000000000000000000000000000392d001711524b0e22017c15030403ef000000000000000000000015000000000000000000000000000000000000009d3f0c0000d201000000000000000000000000000000000000000000000000000000000000000000000000000000
842,楊柏,63,36,10:2 11:3 13:2 18:1 1:2 14:3 16:1 3:3 6:1,4a03000004b7a8ac66000000000000e8da419c0000000000000000000000000000000000000000000000000000000000000000000000000000000000000000800034210a020b030d02120101020e03100103030601000000000000000000000000000000003f0f00260d241a170e02d0070102012400000000000000000000000800000000000000000000000000000000000000a3201200000201000000000000000000000000000000000000000000000000000000000000000000000000000000
843,楊陵,37,39,4:2 8:1 14:2 11:1 9:2 12:3 16:1 1:2 3:2,4b03000004b7a8b3ae000000000000e1da5b9c00000000000000000000000000000000000000000000000000000000000000000000000000000000000000008000004b040208010e020b0109020c0310010102030200000000000000000000000000000000251c000c152e2f0a0b01b80b0403012700000000000000000000000e000000000000000000000000000000000000008974040000e200000000000000000000000000000000000000000000000000000000000000000000000000000000
844,楊醜,60,37,5:3 14:1 7:1 2:1 12:2 4:3 1:2 18:2 13:3,4c03000004b7a8c1e0000000000000c2da479c00000000000000000000000000000000000000000000000000000000000000000000000000000000000000008000242c05030e01070102010c020403010212020d03000000000000000000000000000000003c1300161e2021111302d0070201012500000000000000000000000b00000000000000000000000000000000000000a09a0b0000b801000000000000000000000000000000000000000000000000000000000000000000000000000000
845,董禧,66,37,2:3 17:1 13:4 7:2 9:1 15:2 18:2 8:1 1:2,4d03000004b8b3c148000000000000c7da499c000000000000000000000000000000000000000000000000000000000000000000000000000000000000000080007440020311010d04070209010f0212020801010200000000000000000000000000000000421900280e312a180f02410a0102012500000000000000000000000c00000000000000000000000000000000000000a6ba1300001401000000000000000000000000000000000000000000000000000000000000000000000000000000
846,賈華,71,38,5:3 2:1 13:2 16:1 14:3 6:1 7:2 18:2 11:4,4e03000004b8ebb5d80000000000000a524b9c00000000000000000000000000000000000000000000000000000000000000000000000000000000000000008000a05a050302010d0210010e030601070212020b04000000000000000000000000000000004720002b0f2e36191002ac0d0102022600000000000000000000000a00000000000000000000000000000000000000ab7b1600003201000000000000000000000000000000000000000000000000000000000000000000000000000000
847,廖立,23,39,6:4 9:2 16:2 15:2 8:1 14:1 17:3 2:2 13:1,4f03000004b9f9a5df00000000000015db639c0000000000000000000000000000000000000000000000000000000000000000000000000000000000000000800008520604090210020f0208010e01110302020d0100000000000000000000000000000000171e000a074c32070e01b20c0304042700000000000000000000000e000000000000000000000000000000000000007b490200008500000000000000000000000000000000000000000000000000000000000000000000000000000000
848,翠闌,51,255,9:1 17:1 2:4 10:2 3:2 13:1 12:4 5:1 15:4,5003000004bb41c1f10000000000001c52769c00000000000000000000000000000000000000000000000000000000000000000000000000000000000000008000d06b0901110102040a0203020d010c0405010f04000000000000000000000000000000003324001711503c101101a00f010603ff00000000000000000000001700000000000000000000000000000000000000978c0a00000201000000000000000000000000000000000000000000000000000000000000000000000000000000
849,趙儀,31,239,4:3 13:1 5:1 10:4 18:1 11:1 8:2 14:2 17:2,5103000004bbafbbf6000000000000e2da569c0000000000000000000000000000000000000000000000000000000000000000000000000000000000000000800038c704030d0105010a0412010b0108020e021102000000000000000000000000000000001f36000b11505a090901581b040303ef000000000000000000000015000000000000000000000000000000000000008320030000b200000000000000000000000000000000000000000000000000000000000000000000000000000000
850,劉丞,69,38,9:1 3:4 15:1 7:2 5:2 12:3 16:4 8:1 4:4,5203000004bc42a5e0000000000000e6da429c000000000000000000000000000000000000000000000000000000000000000000000000000000000000000080003863090103040f01070205020c031004080104040000000000000000000000000000000045220019232f3a131602a60e0201052600000000000000000000000d00000000000000000000000000000000000000a9190f00003f02000000000000000000000000000000000000000000000000000000000000000000000000000000
851,劉劭,69,39,9:2 17:3 12:2 15:2 16:2 5:2 14:1 13:1 11:3,5303000004bc42ca6f0000000000000ddb5d9c000000000000000000000000000000000000000000000000000000000000000000000000000000000000000080008467090211030c020f02100205020e010d010b03000000000000000000000000000000004523001c143c3b102901230f0304042700000000000000000000000e00000000000000000000000000000000000000a9801100008902000000000000000000000000000000000000000000000000000000000000000000000000000000
852,劉泌,51,39,18:1 17:4 7:1 9:2 5:1 12:2 10:4 8:2 16:1,5403000004bc42aa6300000000000053cb6d9c000000000000000000000000000000000000000000000000000000000000000000000000000000000000000080000852120111040701090205010c020a040802100100000000000000000000000000000000331e00101c32320d0f01b20c0403012700000000000000000000000d0000000000000000000000000000000000000097340800006a01000000000000000000000000000000000000000000000000000000000000000000000000000000
853,劉豹,69,37,3:1 15:2 4:2 14:1 6:1 10:2 2:2 18:4 16:1,5503000004bc42b05c00000000000015db5e9c00000000000000000000000000000000000000000000000000000000000000000000000000000000000000008000545603010f0204020e0106010a0202021204100100000000000000000000000000000000451f001c1436341029012f0d0304012500000000000000000000000b00000000000000000000000000000000000000a9801100008902000000000000000000000000000000000000000000000000000000000000000000000000000000
854,劉貴,78,39,9:1 4:1 10:2 5:3 17:1 1:2 18:2 3:3 2:2,5603000004bc42b651000000000000ebda459c00000000000000000000000000000000000000000000000000000000000000000000000000000000000000008000007d090104010a02050311010102120203030202000000000000000000000000000000004e28002f1032431c120294110102022700000000000000000000000e00000000000000000000000000000000000000b2811a00005c01000000000000000000000000000000000000000000000000000000000000000000000000000000
855,劉虞,53,237,9:1 2:2 14:1 8:1 15:2 10:1 11:3 4:4 18:3,5703000004bc42b8b70000000000000edb589c00000000000000000000000000000000000000000000000000000000000000000000000000000000000000008000ccd8090102020e0108010f020a010b0304041203000000000000000000000000000000003539001610495f0d2001581b030405ed0000000000000000000000120000000000000000000000000000000000000099af0a00009e01000000000000000000000000000000000000000000000000000000000000000000000000000000
856,劉勳,65,37,10:1 11:4 17:2 2:3 12:1 18:1 1:4 9:3 15:1,5803000004bc42beb1000000000000d5da4a9c0000000000000000000000000000000000000000000000000000000000000000000000000000000000000000800054560a010b04110202030c011201010409030f0100000000000000000000000000000000411f00230f30341a0d022f0d0105012500000000000000000000000b00000000000000000000000000000000000000a5f0140000e100000000000000000000000000000000000000000000000000000000000000000000000000000000
857,樓玄,53,238,14:1 12:4 17:1 7:1 5:2 4:3 1:1 2:2 16:2,5903000004bcd3a5c800000000000053cb6a9c00000000000000000000000000000000000000000000000000000000000000000000000000000000000000008000a0a50e010c0411010701050204030101020210020000000000000000000000000000000035300016104b500d2001d417030404ee0000000000000000000000120000000000000000000000000000000000000099af0a00009e01000000000000000000000000000000000000000000000000000000000000000000000000000000
858,滕脩,42,38,13:1 15:2 6:4 9:3 11:3 18:4 12:2 17:3 14:1,5a03000004bcf0b2e70000000000000edb629c0000000000000000000000000000000000000000000000000000000000000000000000000000000000000000800084670d010f02060409030b0312040c0211030e01000000000000000000000000000000002a2300110c483b0b1901230f0304042600000000000000000000000d000000000000000000000000000000000000008ee00600002701000000000000000000000000000000000000000000000000000000000000000000000000000000
859,蔣容,41,237,5:2 8:1 4:3 10:2 7:1 1:2 18:2 17:1 11:2,5b03000004bdb1ae6500000000000020db7d9c00000000000000000000000000000000000000000000000000000000000000000000000000000000000000008000a0a50502080104030a0207010102120211010b0200000000000000000000000000000000293000110c5a500a1901d417030404ed000000000000000000000012000000000000000000000000000000000000008d900600001d01000000000000000000000000000000000000000000000000000000000000000000000000000000
860,蔣斌,47,237,1:3 12:1 2:2 11:2 10:1 4:4 14:1 5:1 18:3,5c03000004bdb1d97900000000000019525e9c00000000000000000000000000000000000000000000000000000000000000000000000000000000000000008000509101030c0102020b020a0104040e0105011203000000000000000000000000000000002f2c00130e4c4a0c1c01ec13030404ed0000000000000000000000120000000000000000000000000000000000000093840800005901000000000000000000000000000000000000000000000000000000000000000000000000000000
861,蔡陽,81,37,13:1 7:2 15:2 12:1 5:3 17:1 10:2 6:1 8:3,5d03000004bdb2b6a70000000000000ddb679c0000000000000000000000000000000000000000000000000000000000000000000000000000000000000000800008520d0107020f020c01050311010a020601080300000000000000000000000000000000511e00311128321d1202b20c0102022500000000000000000000000b00000000000000000000000000000000000000b54d1c00006f01000000000000000000000000000000000000000000000000000000000000000000000000000000
862,蔡勳,58,36,17:1 18:2 1:3 3:3 2:1 9:2 6:1 11:2 10:1,5e03000004bdb2beb10000000000001052419c000000000000000000000000000000000000000000000000000000000000000000000000000000000000000080006c3911011202010303030201090206010b020a01000000000000000000000000000000003a1700151d2427101302470902010124000000000000000000000008000000000000000000000000000000000000009ee60a0000a001000000000000000000000000000000000000000000000000000000000000000000000000000000
863,衛瓘,47,239,17:2 9:1 6:2 12:3 1:1 8:4 16:2 4:2 18:3,5f03000004bdc3f6f0000000000000f1da5c9c0000000000000000000000000000000000000000000000000000000000000000000000000000000000000000800074401102090106020c0301010804100204021203000000000000000000000000000000002f190016104f2a0f1001410a010603ef00000000000000000000001500000000000000000000000000000000000000930b090000e700000000000000000000000000000000000000000000000000000000000000000000000000000000
864,諸葛緒,61,37,4:4 16:1 3:1 15:1 17:3 2:1 1:3 9:3 11:1,6003000006bdd1b8afbafc00000000d1da4c9c0000000000000000000000000000000000000000000000000000000000000000000000000000000000000000800038630404100103010f0111030201010309030b01000000000000000000000000000000003d2200191244390f2501a60e0304042500000000000000000000000a00000000000000000000000000000000000000a1e80d00000902000000000000000000000000000000000000000000000000000000000000000000000000000000
865,橋瑁,59,37,2:1 3:3 15:1 14:2 7:1 12:1 17:2 5:2 11:4,6103000004bef4b7e800000000000053cb6c9c000000000000000000000000000000000000000000000000000000000000000000000000000000000000000080003c8c020103030f010e0207010c01110205020b04000000000000000000000000000000003b2b00200d3c48180c02ec130105052500000000000000000000000c000000000000000000000000000000000000009f71110000c400000000000000000000000000000000000000000000000000000000000000000000000000000000
866,橋蕤,71,36,1:4 17:1 14:3 6:1 9:1 18:2 12:2 10:2 3:2,6203000004bef4eb42000000000000e7da429c00000000000000000000000000000000000000000000000000000000000000000000000000000000000000008000e835010411010e030601090112020c020a020302000000000000000000000000000000004716002b0f2426191002ca080102022400000000000000000000000900000000000000000000000000000000000000ab7b1600003201000000000000000000000000000000000000000000000000000000000000000000000000000000
867,穆順,77,36,5:1 11:2 18:2 2:1 13:3 3:2 1:3 7:2 14:2,6303000004bf70b6b6000000000000eada529c00000000000000000000000000000000000000000000000000000000000000000000000000000000000000008000682905010b02120202010d030302010307020e02000000000000000000000000000000004d12001c27261e151902d0070201022400000000000000000000000800000000000000000000000000000000000000b198120000cc02000000000000000000000000000000000000000000000000000000000000000000000000000000
868,閻柔,33,109,8:1 12:3 4:3 16:2 17:1 13:1 10:2 1:3 14:1,6403000004c046ac58000000000000dada5f9c00000000000000000000000000000000000000000000000000000000000000000000000000000000000000008000789b08010c030403100211010d010a0201030e0100000000000000000000000000000000212e000e0a404e09140144160304056d00000000000000000000001000000000000000000000000000000000000000856a040000d400000000000000000000000000000000000000000000000000000000000000000000000000000000
869,閻象,29,109,3:1 2:1 18:3 4:4 7:1 16:2 6:4 12:2 10:1,6503000004c046b648000000000000e2da5b9c00000000000000000000000000000000000000000000000000000000000000000000000000000000000000008000ec5e03010201120304040701100206040c020a01000000000000000000000000000000001d21000c094238081101290e0304046d00000000000000000000001000000000000000000000000000000000000000817f030000b200000000000000000000000000000000000000000000000000000000000000000000000000000000
870,鮑忠,75,37,15:2 4:1 6:1 5:3 17:1 1:4 11:1 7:1 2:3,6603000004c06aa9be000000000000cdda449c00000000000000000000000000000000000000000000000000000000000000000000000000000000000000008000ec5e0f02040106010503110101040b0107010203000000000000000000000000000000004b21002d0f2f381b1102290e0102022500000000000000000000000c00000000000000000000000000000000000000afbf1800004a01000000000000000000000000000000000000000000000000000000000000000000000000000000
871,鮑信,65,237,2:3 9:2 11:2 4:1 8:2 14:4 13:1 6:1 5:2,6703000004c06aab48000000000000d3da4f9c000000000000000000000000000000000000000000000000000000000000000000000000000000000000000080008ca0020309020b02040108020e040d010601050200000000000000000000000000000000412f00230f484f1a0d020c17010504ed00000000000000000000001200000000000000000000000000000000000000a5f0140000e100000000000000000000000000000000000000000000000000000000000000000000000000000000
872,戲志才,20,239,10:2 16:1 2:1 6:2 4:1 7:1 12:3 18:1 3:4,6803000006c0b8a7d3a47e00000000dbda559c0000000000000000000000000000000000000000000000000000000000000000000000000000000000000000800038630a02100102010602040107010c031201030400000000000000000000000000000000142200070b4739060601a60e040303ef0000000000000000000000160000000000000000000000000000000000000078720100006400000000000000000000000000000000000000000000000000000000000000000000000000000000
873,戴陵,69,37,12:2 1:4 16:1 15:1 14:3 17:1 18:1 4:1 2:2,6903000004c0b9b3ae00000000000008db439c00000000000000000000000000000000000000000000000000000000000000000000000000000000000000008000004b0c02010410010f010e03110112010401020200000000000000000000000000000000451c00290e2030191002b80b0102012500000000000000000000000b00000000000000000000000000000000000000a95e1500002601000000000000000000000000000000000000000000000000000000000000000000000000000000
874,薜則,68,38,9:1 11:4 7:2 8:3 13:2 5:4 12:1 10:1 15:2,6a03000004c1a3ab68000000000000ceda469c00000000000000000000000000000000000000000000000000000000000000000000000000000000000000008000f84309010b04070208030d0205040c010a010f0200000000000000000000000000000000441a00290e262c180f02be0a0102012600000000000000000000000b00000000000000000000000000000000000000a8d21400002001000000000000000000000000000000000000000000000000000000000000000000000000000000
875,韓德,79,37,1:4 2:3 14:2 17:1 16:1 4:1 12:2 18:2 10:1,6b03000004c1fabc7700000000000016524d9c00000000000000000000000000000000000000000000000000000000000000000000000000000000000000008000844e010402030e021101100104010c0212020a01000000000000000000000000000000004f1d002f1024311c1202350c0102022500000000000000000000000a00000000000000000000000000000000000000b3171b00006201000000000000000000000000000000000000000000000000000000000000000000000000000000
876,魏攸,33,237,17:4 18:1 9:2 13:1 4:1 10:2 15:3 8:1 5:1,6c03000004c351a7f1000000000000f1da579c00000000000000000000000000000000000000000000000000000000000000000000000000000000000000008000b4781104120109020d0104010a020f0308010501000000000000000000000000000000002127000b124a42090a011711040304ed00000000000000000000001200000000000000000000000000000000000000858e030000c200000000000000000000000000000000000000000000000000000000000000000000000000000000
877,魏邈,63,110,14:1 1:1 6:1 7:3 8:1 13:2 16:4 11:2 10:1,6d03000004c351c2e4000000000000d4da4f9c00000000000000000000000000000000000000000000000000000000000000000000000000000000000000008000b4780e0101010601070308010d0210040b020a01000000000000000000000000000000003f27001720344212140217110201056e00000000000000000000000f00000000000000000000000000000000000000a3b70c0000e501000000000000000000000000000000000000000000000000000000000000000000000000000000
878,龐會,73,39,17:1 3:2 15:1 14:2 10:2 16:1 8:3 6:1 7:2,6e03000004c365b77c000000000000c3da479c000000000000000000000000000000000000000000000000000000000000000000000000000000000000000080006874110103020f010e020a021001080306010702000000000000000000000000000000004926002c0f31401a11021d100102022700000000000000000000000e00000000000000000000000000000000000000ad9d1700003e01000000000000000000000000000000000000000000000000000000000000000000000000000000
879,龐羲,62,109,16:1 3:1 15:2 17:1 1:3 4:4 12:2 2:1 18:1,6f03000004c365bfaa000000000000dbda5a9c00000000000000000000000000000000000000000000000000000000000000000000000000000000000000008000d06b100103010f021101010304040c0202011201000000000000000000000000000000003e24001912483c0f2501a00f0304046d00000000000000000000001100000000000000000000000000000000000000a2560e00001902000000000000000000000000000000000000000000000000000000000000000000000000000000
880,邊章,70,109,14:2 12:2 10:1 5:3 9:2 4:3 6:1 8:1 3:4,7003000004c3e4b3b9000000000000c8da499c00000000000000000000000000000000000000000000000000000000000000000000000000000000000000008000d06b0e020c020a01050309020403060108010304000000000000000000000000000000004624001a232f3c131602a00f0201056d00000000000000000000000f00000000000000000000000000000000000000aa820f00004e02000000000000000000000000000000000000000000000000000000000000000000000000000000
881,關定,51,39,12:4 17:1 11:3 6:4 4:2 10:1 14:1 1:3 18:4,7103000004c3f6a97700000000000053cb699c0000000000000000000000000000000000000000000000000000000000000000000000000000000000000000800008520c0411010b03060404020a010e010103120400000000000000000000000000000000331e00150f32320d1f01b20c0304012700000000000000000000000d0000000000000000000000000000000000000097f10900008401000000000000000000000000000000000000000000000000000000000000000000000000000000
882,關統,62,39,6:2 2:1 8:1 10:1 4:4 3:3 7:1 15:1 5:1,7203000004c3f6b2ce000000000000f5da509c0000000000000000000000000000000000000000000000000000000000000000000000000000000000000000800050910602020108010a010404030307010f010501000000000000000000000000000000003e2c00171f344a111402ec130201052700000000000000000000000d00000000000000000000000000000000000000a2580c0000d601000000000000000000000000000000000000000000000000000000000000000000000000000000
883,關靖,57,237,9:3 18:2 10:2 12:4 8:1 13:1 2:2 15:1 14:1,7303000004c3f6b97400000000000013db599c00000000000000000000000000000000000000000000000000000000000000000000000000000000000000008000004b090312020a020c0408010d0102020f010e0100000000000000000000000000000000391c001711442f0e2201b80b030403ed000000000000000000000013000000000000000000000000000000000000009d3f0c0000d201000000000000000000000000000000000000000000000000000000000000000000000000000000
884,麴義,71,109,11:3 17:1 4:1 6:1 5:3 13:4 16:1 9:1 15:2,7403000004c454b871000000000000d2da4c9c00000000000000000000000000000000000000000000000000000000000000000000000000000000000000008000f03c0b0311010401060105030d04100109010f02000000000000000000000000000000004718002b0f2328191002c4090102036d00000000000000000000001000000000000000000000000000000000000000ab7b1600003201000000000000000000000000000000000000000000000000000000000000000000000000000000
885,司馬朗,31,44,2:1 6:2 7:3 1:2 10:1 3:4 12:3 15:1 18:2,7503000006a571b0a8aed40000000053cb750000000000000000000000000000000000000000000000000000000000000000000000000000000000000000008000007d02010602070301020a0103040c030f011202000000000000000000000000000000001f28000d094e4308130194110304062c00000000000000000000000d0000000000000000000000000000000000000083f2030000c200000000000000000000000000000000000000000000000000000000000000000000000000000000
886,李儒,31,238,13:1 9:1 4:3 8:2 7:2 15:4 17:1 18:1 12:2,7603000004a7f5bea700000000000015db689c00000000000000000000000000000000000000000000000000000000000000000000000000000000000000008000242c0d0109010403080207020f04110112010c02000000000000000000000000000000001f13000b114f21090901d007040306ee000000000000000000000017000000000000000000000000000000000000008320030000b200000000000000000000000000000000000000000000000000000000000000000000000000000000
887,尹賞,31,33,3:3 1:3 15:1 7:4 13:2 12:3 6:2 14:2 18:1,7703000004a4a8bde0000000000000dcda710000000000000000000000000000000000000000000000000000000000000000000000000000000000000000008000f023030301030f0107040d020c0306020e021201000000000000000000000000000000001f10000d09411b081301d007030406210000000000000000000000080000000000000000000000000000000000000083f2030000c200000000000000000000000000000000000000000000000000000000000000000000000000000000
888,劉巴,31,109,7:1 16:2 14:1 17:1 9:2 13:1 12:4 2:2 1:3,7803000004bc42a4da000000000000e1daca0000000000000000000000000000000000000000000000000000000000000000000000000000000000000000008000ec5e070110020e01110109020d010c0402020103000000000000000000000000000000001f21000e0b42380a0b01290e0106066d0000000000000000000000110000000000000000000000000000000000000083290400008800000000000000000000000000000000000000000000000000000000000000000000000000000000
889,曹髦,31,4,9:1 4:1 18:2 3:2 10:1 8:3 2:3 6:1 14:3,7903000004b1e4bbec0000000000000f52569c00000000000000000000000000000000000000000000000000000000000000000000000000000000000000008000007d09010401120203020a010803020306010e03000000000000000000000000000000001f28000b1017430a0a029411020106040000000000000000000000050000000000000000000000000000000000000083ca0300009e00000000000000000000000000000000000000000000000000000000000000000000000000000000
890,胡沖,31,110,7:1 10:2 9:1 4:3 12:3 16:1 18:4 17:3 14:1,7a03000004ad4aa852000000000000e1da569c00000000000000000000000000000000000000000000000000000000000000000000000000000000000000008000b47807010a02090104030c031001120411030e01000000000000000000000000000000001f27000d09484208130117110304066e0000000000000000000000100000000000000000000000000000000000000083f2030000c200000000000000000000000000000000000000000000000000000000000000000000000000000000
891,荀勗,31,239,7:1 4:2 6:1 1:2 12:3 9:2 14:1 11:1 17:4,7b03000004affbb1e500000000000014db5e9c00000000000000000000000000000000000000000000000000000000000000000000000000000000000000008000e83507010402060101020c0309020e010b011104000000000000000000000000000000001f16000b114c26090901ca08040306ef000000000000000000000015000000000000000000000000000000000000008320030000b200000000000000000000000000000000000000000000000000000000000000000000000000000000
892,陳琳,32,237,3:4 9:1 7:1 14:1 12:1 4:4 11:2 17:1 13:2,7c03000004b3afb559000000000000195208000000000000000000000000000000000000000000000000000000000000000000000000000000000000000000800074400304090107010e010c0104040b0211010d02000000000000000000000000000000002019000d0a442b091301410a030406ed00000000000000000000001300000000000000000000000000000000000000842e040000cb00000000000000000000000000000000000000000000000000000000000000000000000000000000
893,劉度,32,44,9:2 1:2 18:2 17:1 10:1 13:3 14:1 11:2 7:3,7d03000004bc42abd70000000000001952970000000000000000000000000000000000000000000000000000000000000000000000000000000000000000008000846709020102120211010a010d030e010b020703000000000000000000000000000000002023000d0a3a3b091301230f0304062c00000000000000000000000f00000000000000000000000000000000000000842e040000cb00000000000000000000000000000000000000000000000000000000000000000000000000000000
894,孫乾,32,109,1:2 6:1 8:1 11:1 14:2 2:1 3:4 4:1 17:1,7e03000004ae5db0ae0000000000000ddbcb0000000000000000000000000000000000000000000000000000000000000000000000000000000000000000008000b4aa0102060108010b010e020201030404011101000000000000000000000000000000002031000d0a49530913019c180304066d00000000000000000000001200000000000000000000000000000000000000842e040000cb00000000000000000000000000000000000000000000000000000000000000000000000000000000
895,夏侯玄,32,109,18:1 11:1 4:3 14:2 13:2 2:1 17:1 7:3 9:2,7f03000006ae4cab4aa5c80000000010db580000000000000000000000000000000000000000000000000000000000000000000000000000000000000000008000007d12010b0104030e020d020201110107030902000000000000000000000000000000002028000d0a534409130194110304066d00000000000000000000001000000000000000000000000000000000000000842e040000cb00000000000000000000000000000000000000000000000000000000000000000000000000000000
896,蔣濟,32,229,13:1 7:1 6:4 4:3 15:2 16:1 8:1 1:3 14:1,8003000004bdb1c0d9000000000000ddda70000000000000000000000000000000000000000000000000000000000000000000000000000000000000000000800008520d010701060404030f021001080101030e0100000000000000000000000000000000201e000e0b51320b0b01b20c010606e500000000000000000000001400000000000000000000000000000000000000846a0400008d00000000000000000000000000000000000000000000000000000000000000000000000000000000
897,薛綜,32,37,15:2 11:3 15:1 10:1 4:2 18:3 2:1 9:2 5:2,8103000004c1a7baee00000000000013db689c0000000000000000000000000000000000000000000000000000000000000000000000000000000000000000800008520f020b030f010a010402120302010902050200000000000000000000000000000000201e000e0b43330b0b01b20c0106062500000000000000000000000e00000000000000000000000000000000000000846a0400008d00000000000000000000000000000000000000000000000000000000000000000000000000000000
898,雌,32,44,4:2 15:1 18:2 2:1 8:1 3:4 14:1 1:3 10:1,8203000002bbdb000000000000000014db689c00000000000000000000000000000000000000000000000000000000000000000000000000000000000000008000545604020f0112020201080103040e0101030a0100000000000000000000000000000000201f000d0a3e340913012f0d0304062c00000000000000000000000c00000000000000000000000000000000000000842e040000cb00000000000000000000000000000000000000000000000000000000000000000000000000000000
899,荀顗,32,237,18:3 1:2 9:1 15:2 4:3 13:1 10:2 5:1 6:1,8303000004affbf3aa000000000000dfda659c0000000000000000000000000000000000000000000000000000000000000000000000000000000000000000800064961203010209010f0204030d010a020501060100000000000000000000000000000000202d000d0a4d4c0913017c15030406ed00000000000000000000001200000000000000000000000000000000000000842e040000cb00000000000000000000000000000000000000000000000000000000000000000000000000000000
900,王修,33,37,6:1 3:1 10:1 13:3 16:1 4:4 9:2 18:2 2:1,8403000004a4fdadd7000000000000dfda6d0000000000000000000000000000000000000000000000000000000000000000000000000000000000000000008000ec5e060103010a010d0310010404090212020201000000000000000000000000000000002121000e0a4037091401290e0304062500000000000000000000000e00000000000000000000000000000000000000856a040000d400000000000000000000000000000000000000000000000000000000000000000000000000000000
901,王甫,33,108,18:2 16:1 1:3 2:1 4:4 10:1 8:1 7:4 6:1,8503000004a4fda86a00000000000012db8800000000000000000000000000000000000000000000000000000000000000000000000000000000000000000080001c70120210010103020104040a01080107040601000000000000000000000000000000002125000e0a3d3e0914011d100304066c00000000000000000000001000000000000000000000000000000000000000856a040000d400000000000000000000000000000000000000000000000000000000000000000000000000000000
902,呂範,33,103,1:2 8:1 13:3 5:3 17:1 12:3 14:2 4:1 10:1,8603000004a766bd64000000000000f1da619c00000000000000000000000000000000000000000000000000000000000000000000000000000000000000008000007d010208010d03050311010c030e0204010a01000000000000000000000000000000002128000e0a474309140194110304066700000000000000000000001100000000000000000000000000000000000000856a040000d400000000000000000000000000000000000000000000000000000000000000000000000000000000
903,袁胤,33,45,9:1 14:3 15:1 12:1 5:1 2:3 16:1 6:1 1:1,8703000004b04bad4e000000000000e1da569c00000000000000000000000000000000000000000000000000000000000000000000000000000000000000008000545609010e030f010c010501020310010601010100000000000000000000000000000000211f000e0a35350914012f0d0204062d00000000000000000000000d00000000000000000000000000000000000000856a040000d400000000000000000000000000000000000000000000000000000000000000000000000000000000
904,陳壽,33,237,16:2 7:1 11:2 9:2 10:1 12:2 2:1 3:4 8:1,8803000004b3afb9d800000000000012db639c000000000000000000000000000000000000000000000000000000000000000000000000000000000000000080000852100207010b0209020a010c0202010304080100000000000000000000000000000000211e000e0a4932091401b20c030406ed00000000000000000000001400000000000000000000000000000000000000856a040000d400000000000000000000000000000000000000000000000000000000000000000000000000000000
905,邵悌,33,237,12:4 18:2 16:1 15:2 10:2 14:1 3:1 7:1 6:4,8903000004aaf2aead0000000000000e52559c00000000000000000000000000000000000000000000000000000000000000000000000000000000000000008000ec5e0c04120210010f020a020e01030107010604000000000000000000000000000000002121000e0a3e38091401290e030406ed00000000000000000000001400000000000000000000000000000000000000856a040000d400000000000000000000000000000000000000000000000000000000000000000000000000000000
906,馬日磾,33,39,4:4 10:2 15:2 12:2 14:1 11:2 7:1 13:1 6:4,8a03000006b0a8a4e9edad000000000e525a9c00000000000000000000000000000000000000000000000000000000000000000000000000000000000000008000148204040a020f020c020e010b0207010d010604000000000000000000000000000000002129000e0a3d450914015c120304062700000000000000000000000f00000000000000000000000000000000000000856a040000d400000000000000000000000000000000000000000000000000000000000000000000000000000000
907,廖立,33,39,6:4 9:2 16:2 15:2 8:1 14:1 17:3 2:2 13:1,8b03000004b9f9a5df00000000000015db639c0000000000000000000000000000000000000000000000000000000000000000000000000000000000000000800008520604090210020f0208010e01110302020d0100000000000000000000000000000000211e000e0a4c32091401b20c0304062700000000000000000000000e00000000000000000000000000000000000000856a040000d400000000000000000000000000000000000000000000000000000000000000000000000000000000
908,閻圃,34,109,4:4 3:1 18:3 8:1 14:1 12:1 11:2 1:1 9:1,8c03000004c046ae45000000000000f2da6e0000000000000000000000000000000000000000000000000000000000000000000000000000000000000000008000d06b04040301120308010e010c010b0201010901000000000000000000000000000000002224000f0c4c3c0b0c01a00f0106066d0000000000000000000000110000000000000000000000000000000000000086ec0400009800000000000000000000000000000000000000000000000000000000000000000000000000000000
909,楊松,34,32,9:1 15:1 6:1 4:1 3:1 10:2 14:3 12:1 18:2,8d03000004b7a8aa510000000000001852589c00000000000000000000000000000000000000000000000000000000000000000000000000000000000000008000dc0509010f010601040103010a020e030c011202000000000000000000000000000000002203000e0a3506091401d007020406200000000000000000000000060000000000000000000000000000000000000086a6040000dd00000000000000000000000000000000000000000000000000000000000000000000000000000000
910,孔岫,34,101,2:2 15:1 3:1 14:1 5:2 18:4 7:1 4:3 1:3,8e03000004a4d5a9a600000000000015db599c00000000000000000000000000000000000000000000000000000000000000000000000000000000000000008000ac2602020f0103010e0105021204070104030103000000000000000000000000000000002211000f0c321d0b0c01d007010606650000000000000000000000110000000000000000000000000000000000000086ec0400009800000000000000000000000000000000000000000000000000000000000000000000000000000000
911,桓範,34,237,1:1 18:3 11:1 16:2 12:3 17:2 13:1 3:2 5:1,8f03000004aed9bd640000000000000f526f00000000000000000000000000000000000000000000000000000000000000000000000000000000000000000080008467010112030b0110020c0311020d0103020501000000000000000000000000000000002223000b133f3b090a01230f040306ed0000000000000000000000140000000000000000000000000000000000000086c5030000ca00000000000000000000000000000000000000000000000000000000000000000000000000000000
912,張休,34,39,15:2 10:2 16:1 3:1 11:3 7:1 13:1 4:2 18:1,9003000004b169a5f00000000000000cdb11010000000000000000000000000000000000000000000000000000000000000000000000000000000000000000800038630f020a02100103010b0307010d0104021201000000000000000000000000000000002222000f0c433a0b0c01a60e0106062700000000000000000000000f0000000000000000000000000000000000000086ec0400009800000000000000000000000000000000000000000000000000000000000000000000000000000000
913,耿紀,35,101,14:1 18:1 5:1 16:4 7:2 1:2 8:1 11:1 4:4,9103000004afd5acf60000000000000cdb73000000000000000000000000000000000000000000000000000000000000000000000000000000000000000000800038630e011201050110040702010208010b010404000000000000000000000000000000002322000e0a3c39091501a60e030406650000000000000000000000100000000000000000000000000000000000000087e2040000e600000000000000000000000000000000000000000000000000000000000000000000000000000000
914,費詩,35,109,9:1 2:1 13:3 11:2 6:2 10:1 18:1 14:2 5:3,9203000004b64fb8d600000000000013db8900000000000000000000000000000000000000000000000000000000000000000000000000000000000000000080003863090102010d030b0206020a0112010e020503000000000000000000000000000000002322000e0a4a39091501a60e0304066d0000000000000000000000110000000000000000000000000000000000000087e2040000e600000000000000000000000000000000000000000000000000000000000000000000000000000000
915,周魴,35,102,11:3 10:1 18:2 15:1 3:1 9:1 6:3 16:1 13:1,9303000004a950e8db00000000000014db639c000000000000000000000000000000000000000000000000000000000000000000000000000000000000000080007c470b030a0112020f0103010901060310010d0100000000000000000000000000000000231b00100c3f2d0b0c013b0b0106066600000000000000000000001100000000000000000000000000000000000000872d0500009e00000000000000000000000000000000000000000000000000000000000000000000000000000000
916,吳質,36,45,2:1 16:2 12:2 3:4 17:1 18:2 10:1 7:1 8:1,9403000004a764bde80000000000001852670000000000000000000000000000000000000000000000000000000000000000000000000000000000000000008000ec5e020110020c020304110112020a0107010801000000000000000000000000000000002421000f0b4838091601290e0304062d00000000000000000000000f000000000000000000000000000000000000008828050000ef00000000000000000000000000000000000000000000000000000000000000000000000000000000
917,趙累,36,37,12:3 11:1 18:2 16:4 10:1 17:1 4:4 15:1 9:2,9503000004bbafb2d6000000000000e0dac80000000000000000000000000000000000000000000000000000000000000000000000000000000000000000008000ec5e0c030b01120210040a01110104040f010902000000000000000000000000000000002421000f0b3838091601290e0304062500000000000000000000000d000000000000000000000000000000000000008828050000ef00000000000000000000000000000000000000000000000000000000000000000000000000000000
918,吳綱,36,39,4:2 3:4 18:2 13:1 5:1 1:2 14:2 17:1 10:1,9603000004a764baf50000000000001852600000000000000000000000000000000000000000000000000000000000000000000000000000000000000000008000d06b0402030412020d01050101020e0211010a01000000000000000000000000000000002424000f0b3c3c091601a00f0304062700000000000000000000000d000000000000000000000000000000000000008828050000ef00000000000000000000000000000000000000000000000000000000000000000000000000000000
919,荀彧,37,255,5:2 8:1 12:1 11:2 3:1 2:2 17:3 13:1 4:4,9703000004affbd17b0000000000001952334e000000000000000000000000000000000000000000000000000000000000000000000000000000000000000080005cc1050208010c010b020301020211030d01040400000000000000000000000000000000253500110d5a590c0d01581b0b0606ff0000000000000000000000180000000000000000000000000000000000000089c3050000a900000000000000000000000000000000000000000000000000000000000000000000000000000000
920,陳群,37,229,5:1 4:4 7:1 12:3 1:2 17:1 11:2 6:3 10:1,9803000004b3afb8730000000000000f524f0000000000000000000000000000000000000000000000000000000000000000000000000000000000000000008000b4780501040407010c03010211010b0206030a0100000000000000000000000000000000252700110d5c420c0d011711010606e50000000000000000000000130000000000000000000000000000000000000089c3050000a900000000000000000000000000000000000000000000000000000000000000000000000000000000
921,王肅,37,239,4:2 9:1 12:4 18:2 11:3 13:1 2:2 1:1 10:1,9903000004a4fdb5c20000000000000cdb679c000000000000000000000000000000000000000000000000000000000000000000000000000000000000000080003c8c040209010c0412020b030d01020201010a0100000000000000000000000000000000252b00110d51480c0d01ec13010606ef0000000000000000000000160000000000000000000000000000000000000089c3050000a900000000000000000000000000000000000000000000000000000000000000000000000000000000
922,程昱,38,237,8:1 2:2 5:1 12:4 14:1 3:1 15:1 6:2 11:2,9a03000004b57bac520000000000001952344e00000000000000000000000000000000000000000000000000000000000000000000000000000000000000008000d06b0801020205010c040e0103010f0106020b0200000000000000000000000000000000262400110d4e3d0c0d01a00f0b0606ed000000000000000000000016000000000000000000000000000000000000008a0e060000ae00000000000000000000000000000000000000000000000000000000000000000000000000000000
923,孫登,38,103,15:3 4:3 5:1 10:2 3:2 17:2 8:4 1:1 12:1,9b03000004ae5db56e0000000000000edb589c000000000000000000000000000000000000000000000000000000000000000000000000000000000000000080008ca00f03040305010a0203021102080401010c0100000000000000000000000000000000262f000c153b4f0a0b010c1704030667000000000000000000000011000000000000000000000000000000000000008ab0040000ea00000000000000000000000000000000000000000000000000000000000000000000000000000000
924,滿寵,39,101,1:2 17:1 16:2 13:3 6:2 5:3 15:1 9:2 3:1,9c03000004baa1c3640000000000000fdb2e000000000000000000000000000000000000000000000000000000000000000000000000000000000000000000800050910102110110020d03060205030f010902030100000000000000000000000000000000272c00100c434a0a1701b41403040665000000000000000000000011000000000000000000000000000000000000008bfa0500000a01000000000000000000000000000000000000000000000000000000000000000000000000000000
925,賈詡,39,255,14:1 18:2 6:4 1:3 2:1 3:1 10:2 9:3 8:1,9d03000004b8ebe048000000000000324e324e0000000000000000000000000000000000000000000000000000000000000000000000000000000000000000800068740e01120206040103020103010a020903080100000000000000000000000000000000272600120d57400c0d019a100e0606ff000000000000000000000018000000000000000000000000000000000000008b59060000b400000000000000000000000000000000000000000000000000000000000000000000000000000000
926,趙範,39,37,5:2 2:2 3:1 9:1 6:1 11:3 8:1 17:1 16:1,9e03000004bbafbd64000000000000dada9300000000000000000000000000000000000000000000000000000000000000000000000000000000000000000080006c39050202020301090106010b03080111011001000000000000000000000000000000002717000e1431270c0d022e090201062500000000000000000000000d000000000000000000000000000000000000008b6e050000de00000000000000000000000000000000000000000000000000000000000000000000000000000000
927,劉焉,39,109,14:2 12:2 18:2 2:1 11:1 6:2 3:4 15:1 13:1,9f03000004bc42b26a00000000000053cb6a9c00000000000000000000000000000000000000000000000000000000000000000000000000000000000000008000b4aa0e020c02120202010b01060203040f010d0100000000000000000000000000000000273100100c4a520a17019c180304066d000000000000000000000011000000000000000000000000000000000000008bfa0500000a01000000000000000000000000000000000000000000000000000000000000000000000000000000
928,荀諶,39,239,17:1 1:1 4:2 18:2 15:3 2:4 16:2 14:1 5:1,a003000004affbbfdb0000000000000ddb629c00000000000000000000000000000000000000000000000000000000000000000000000000000000000000008000b47811010101040212020f03020410020e01050100000000000000000000000000000000272700120d48410c0d011711010606ef000000000000000000000014000000000000000000000000000000000000008b59060000b400000000000000000000000000000000000000000000000000000000000000000000000000000000
929,馬鈞,39,109,7:1 13:2 15:3 1:2 12:3 6:1 8:1 9:2 17:1,a103000004b0a8b67600000000000014db689c00000000000000000000000000000000000000000000000000000000000000000000000000000000000000008000f03c07010d020f0301020c030601080109021101000000000000000000000000000000002718000d163b290a0b01c4090403066d000000000000000000000011000000000000000000000000000000000000008bec040000f200000000000000000000000000000000000000000000000000000000000000000000000000000000
930,閻象,39,109,3:1 2:1 18:3 4:4 7:1 16:2 6:4 12:2 10:1,a203000004c046b648000000000000e2da5b9c00000000000000000000000000000000000000000000000000000000000000000000000000000000000000008000ec5e03010201120304040701100206040c020a0100000000000000000000000000000000272100100c42380a1701290e0304066d000000000000000000000010000000000000000000000000000000000000008bfa0500000a01000000000000000000000000000000000000000000000000000000000000000000000000000000
931,公孫恭,40,101,11:2 2:4 3:1 12:2 18:3 5:1 10:2 13:1 4:1,a303000006a4bdae5daea500000000efda669c0000000000000000000000000000000000000000000000000000000000000000000000000000000000000000800084670b02020403010c02120305010a020d010401000000000000000000000000000000002823000d161f3b0b0c01230f04030665000000000000000000000010000000000000000000000000000000000000008c28050000fa00000000000000000000000000000000000000000000000000000000000000000000000000000000
932,王戎,40,101,7:4 2:1 8:1 4:2 5:3 6:2 3:3 9:1 1:1,a403000004a4fda6a5000000000000e3da569c00000000000000000000000000000000000000000000000000000000000000000000000000000000000000008000844e07040201080104020503060203030901010100000000000000000000000000000000281d00100c33310a1801350c03040665000000000000000000000011000000000000000000000000000000000000008c400600001301000000000000000000000000000000000000000000000000000000000000000000000000000000
933,虞翻,41,231,12:4 5:2 7:1 17:1 18:3 8:1 2:1 1:3 4:3,a503000004b8b7c2bd0000000000000fdb629c000000000000000000000000000000000000000000000000000000000000000000000000000000000000000080003c8c0c040502070111011203080102010103040300000000000000000000000000000000292b00120e4f480d0e01ec13010606e7000000000000000000000012000000000000000000000000000000000000008df9060000c000000000000000000000000000000000000000000000000000000000000000000000000000000000
934,陶謙,41,37,18:2 1:1 13:1 11:1 8:1 3:3 10:1 16:4 4:2,a603000004b3b3c1be00000000000053cb699c000000000000000000000000000000000000000000000000000000000000000000000000000000000000000080003c8c120201010d010b01080103030a011004040200000000000000000000000000000000292b00110c41490a1901ec130304062500000000000000000000000f000000000000000000000000000000000000008d900600001d01000000000000000000000000000000000000000000000000000000000000000000000000000000
935,向寵,41,101,9:1 15:4 18:2 3:2 4:3 14:1 2:1 1:1 8:4,a703000004a656c36400000000000006dba800000000000000000000000000000000000000000000000000000000000000000000000000000000000000000080001c7009010f041202030204030e01020101010804000000000000000000000000000000002925000d173f3e0b0c011d1004030665000000000000000000000010000000000000000000000000000000000000008d690500000401000000000000000000000000000000000000000000000000000000000000000000000000000000
936,呂凱,41,45,6:2 14:2 7:3 15:1 12:2 1:3 13:2 2:1 17:1,a803000004a766b3cd000000000000eedac50000000000000000000000000000000000000000000000000000000000000000000000000000000000000000008000ec5e06020e0207030f010c0201030d020201110100000000000000000000000000000000292100110c41380a1901290e0304062d00000000000000000000000e000000000000000000000000000000000000008d900600001d01000000000000000000000000000000000000000000000000000000000000000000000000000000
937,滕胤,41,45,16:4 5:1 15:1 11:2 3:3 1:1 7:4 2:1 9:2,a903000004bcf0ad4e0000000000000e525f9c000000000000000000000000000000000000000000000000000000000000000000000000000000000000000080005456100405010f010b020303010107040201090200000000000000000000000000000000291f00110c42340a19012f0d0304062d00000000000000000000000f000000000000000000000000000000000000008d900600001d01000000000000000000000000000000000000000000000000000000000000000000000000000000
938,喬玄,41,37,10:1 3:3 13:1 2:1 1:3 16:4 15:1 5:3 18:1,aa03000004b3eca5c8000000000000e3da5b9c00000000000000000000000000000000000000000000000000000000000000000000000000000000000000008000789b0a0103030d010201010310040f010503120100000000000000000000000000000000292e00110c464d0a190144160304062500000000000000000000000e000000000000000000000000000000000000008d900600001d01000000000000000000000000000000000000000000000000000000000000000000000000000000
939,李勝,41,38,8:1 15:2 7:1 12:4 11:1 6:2 18:4 4:3 1:3,ab03000004a7f5b3d3000000000000f1da669c00000000000000000000000000000000000000000000000000000000000000000000000000000000000000008000545608010f0207010c040b01060212040403010300000000000000000000000000000000291f00110c4a350a19012f0d0304062600000000000000000000000c000000000000000000000000000000000000008d900600001d01000000000000000000000000000000000000000000000000000000000000000000000000000000
940,林芝,41,255,6:1 3:2 7:2 8:3 9:1 15:4 12:4 2:1 10:2,ac03000004aa4caadb00000000000022db789c000000000000000000000000000000000000000000000000000000000000000000000000000000000000000080002887060103020702080309010f040c0402010a0200000000000000000000000000000000292a00120e50460d0e012413010606ff000000000000000000000019000000000000000000000000000000000000008df9060000c000000000000000000000000000000000000000000000000000000000000000000000000000000000
941,韋昭,41,110,8:4 10:3 17:1 5:1 4:2 3:2 16:1 12:3 2:2,ad03000004adb3ac4c00000000000011db599c00000000000000000000000000000000000000000000000000000000000000000000000000000000000000008000148208040a03110105010402030210010c03020200000000000000000000000000000000292900120e49450d0e015c120106066e000000000000000000000010000000000000000000000000000000000000008df9060000c000000000000000000000000000000000000000000000000000000000000000000000000000000000
942,趙儀,41,239,4:3 13:1 5:1 10:4 18:1 11:1 8:2 14:2 17:2,ae03000004bbafbbf6000000000000e2da569c0000000000000000000000000000000000000000000000000000000000000000000000000000000000000000800038c704030d0105010a0412010b0108020e021102000000000000000000000000000000002936000d17505a0b0c01581b040306ef000000000000000000000015000000000000000000000000000000000000008d690500000401000000000000000000000000000000000000000000000000000000000000000000000000000000
943,傅巽,42,37,17:2 11:1 7:1 18:3 5:1 13:1 8:2 2:3 1:1,af03000004b3c5b453000000000000dcda170000000000000000000000000000000000000000000000000000000000000000000000000000000000000000008000004b11020b010701120305010d01080202030101000000000000000000000000000000002a1c000d17422f0b0c01b80b0403062500000000000000000000000f000000000000000000000000000000000000008eaa0500000e01000000000000000000000000000000000000000000000000000000000000000000000000000000
944,陳震,42,37,3:4 12:3 14:2 5:3 15:1 1:1 2:1 7:2 17:1,b003000004b3afbe5f000000000000ddda8b0000000000000000000000000000000000000000000000000000000000000000000000000000000000000000008000342103040c030e0205030f010101020107021101000000000000000000000000000000002a0f00110c43190b1901d0070304062500000000000000000000000f000000000000000000000000000000000000008ee00600002701000000000000000000000000000000000000000000000000000000000000000000000000000000
945,華歆,42,111,11:1 10:2 7:1 9:3 15:1 3:1 5:1 17:2 6:3,b103000004b5d8ddf500000000000053cb6b9c00000000000000000000000000000000000000000000000000000000000000000000000000000000000000008000b80b0b010a02070109030f010301050111020603000000000000000000000000000000002a0600130e4f0b0d0e01d0070106066f000000000000000000000012000000000000000000000000000000000000008e4e070000c600000000000000000000000000000000000000000000000000000000000000000000000000000000
946,蔡中,42,38,7:1 14:2 10:1 13:3 4:1 3:3 18:1 15:1 9:1,b203000004bdb2a4a4000000000000d3da4f9c00000000000000000000000000000000000000000000000000000000000000000000000000000000000000008000a00f07010e020a010d030401030312010f010901000000000000000000000000000000002a08000f151c0e0c0e02d0070201062600000000000000000000000b000000000000000000000000000000000000008e1d060000f800000000000000000000000000000000000000000000000000000000000000000000000000000000
947,程武,42,101,7:1 1:1 10:3 13:1 16:2 15:4 8:2 6:1 11:3,b303000004b57baa5a00000000000014db530000000000000000000000000000000000000000000000000000000000000000000000000000000000000000008000f03c070101010a030d0110020f04080206010b03000000000000000000000000000000002a18000d1742280b0c01c40904030665000000000000000000000011000000000000000000000000000000000000008eaa0500000e01000000000000000000000000000000000000000000000000000000000000000000000000000000
948,夏侯楙,42,36,13:2 6:1 16:1 14:3 1:2 9:1 10:1 8:1 11:2,b403000006ae4cab4addd500000000c2da6b0000000000000000000000000000000000000000000000000000000000000000000000000000000000000000008000f0230d02060110010e03010209010a0108010b02000000000000000000000000000000002a10000f15161b0c0e02d00702010624000000000000000000000007000000000000000000000000000000000000008e1d060000f800000000000000000000000000000000000000000000000000000000000000000000000000000000
949,王伉,42,44,16:2 4:1 10:1 7:4 8:1 5:3 6:2 15:1 3:4,b503000004a4fda5ea000000000000efdac70000000000000000000000000000000000000000000000000000000000000000000000000000000000000000008000a05a100204010a0107040801050306020f010304000000000000000000000000000000002a2000110c39360b1901ac0d0304062c00000000000000000000000d000000000000000000000000000000000000008ee00600002701000000000000000000000000000000000000000000000000000000000000000000000000000000
950,孫休,42,39,10:1 7:3 5:3 9:2 18:2 17:1 6:2 16:1 12:2,b603000004ae5da5f000000000000010db5d9c000000000000000000000000000000000000000000000000000000000000000000000000000000000000000080003c8c0a0107030503090212021101060210010c02000000000000000000000000000000002a2b00110c3a490b1901ec130304062700000000000000000000000e000000000000000000000000000000000000008ee00600002701000000000000000000000000000000000000000000000000000000000000000000000000000000
951,張魯,43,108,12:4 18:1 13:1 3:2 6:2 2:4 17:2 7:1 9:1,b703000004b169be7c000000000000dbda5f9c00000000000000000000000000000000000000000000000000000000000000000000000000000000000000008000b4aa0c0412010d01030206020204110207010901000000000000000000000000000000002b31000e183e530b0d019c180403066c000000000000000000000012000000000000000000000000000000000000008feb0500001801000000000000000000000000000000000000000000000000000000000000000000000000000000
952,張紹,43,37,2:2 4:3 6:2 9:1 10:3 7:2 3:1 12:4 11:1,b803000004b169b2d0000000000000dcdac60000000000000000000000000000000000000000000000000000000000000000000000000000000000000000008000ec5e02020403060209010a03070203010c040b01000000000000000000000000000000002b21000e1836380b0d01290e0403062500000000000000000000000f000000000000000000000000000000000000008feb0500001801000000000000000000000000000000000000000000000000000000000000000000000000000000
953,駱統,43,103,6:2 10:1 9:1 4:3 14:2 8:1 17:1 18:2 3:4,b903000004c064b2ce0000000000000edb070100000000000000000000000000000000000000000000000000000000000000000000000000000000000000008000007d06020a01090104030e020801110112020304000000000000000000000000000000002b2800120d46440b1a01941103040667000000000000000000000010000000000000000000000000000000000000008f300700003101000000000000000000000000000000000000000000000000000000000000000000000000000000
954,閻柔,43,109,8:1 12:3 4:3 16:2 17:1 13:1 10:2 1:3 14:1,ba03000004c046ac58000000000000dada5f9c00000000000000000000000000000000000000000000000000000000000000000000000000000000000000008000789b08010c030403100211010d010a0201030e01000000000000000000000000000000002b2e00120d404e0b1a0144160304066d000000000000000000000010000000000000000000000000000000000000008f300700003101000000000000000000000000000000000000000000000000000000000000000000000000000000
955,魏攸,43,237,17:4 18:1 9:2 13:1 4:1 10:2 15:3 8:1 5:1,bb03000004c351a7f1000000000000f1da579c00000000000000000000000000000000000000000000000000000000000000000000000000000000000000008000b4781104120109020d0104010a020f0308010501000000000000000000000000000000002b27000e184a420b0d011711040306ed000000000000000000000012000000000000000000000000000000000000008feb0500001801000000000000000000000000000000000000000000000000000000000000000000000000000000
956,簡雍,44,237,9:2 5:1 16:3 3:2 7:2 12:1 17:1 15:1 6:1,bc03000004c2b2b96c0000000000000e52d20000000000000000000000000000000000000000000000000000000000000000000000000000000000000000008000ec5e090205011003030207020c0111010f010601000000000000000000000000000000002c2100120d4e370b1a01290e030406ed0000000000000000000000120000000000000000000000000000000000000090800700003b01000000000000000000000000000000000000000000000000000000000000000000000000000000
957,李肅,44,111,12:1 1:2 9:1 7:4 13:2 17:1 4:1 6:2 15:1,bd03000004a7f5b5c200000000000010db629c00000000000000000000000000000000000000000000000000000000000000000000000000000000000000008000844e0c010102090107040d021101040106020f01000000000000000000000000000000002c1d00120d48310b1a01350c0304066f0000000000000000000000120000000000000000000000000000000000000090800700003b01000000000000000000000000000000000000000000000000000000000000000000000000000000
958,諸葛均,44,229,1:1 5:1 18:3 9:1 14:1 15:4 12:4 11:2 17:1,be03000006bdd1b8afa7a100000000e0dabe0000000000000000000000000000000000000000000000000000000000000000000000000000000000000000008000687401010501120309010e010f040c040b021101000000000000000000000000000000002c26000e183e400c0d019a10030306e500000000000000000000001200000000000000000000000000000000000000902c0600002201000000000000000000000000000000000000000000000000000000000000000000000000000000
959,司馬攸,44,109,4:1 15:2 8:3 17:2 12:4 1:1 9:1 14:1 2:3,bf03000006a571b0a8a7f1000000001852629c00000000000000000000000000000000000000000000000000000000000000000000000000000000000000008000a0a504010f02080311020c04010109010e010203000000000000000000000000000000002c30000e183a510c0d01d4170403066d00000000000000000000001100000000000000000000000000000000000000902c0600002201000000000000000000000000000000000000000000000000000000000000000000000000000000
960,何晏,44,111,14:2 16:1 15:2 7:1 9:1 11:1 12:2 10:4 2:2,c003000004a6f3aecb0000000000000cdb5d9c0000000000000000000000000000000000000000000000000000000000000000000000000000000000000000800094110e0210010f02070109010b010c020a040202000000000000000000000000000000002c09000e1826100c0d01d0070403066f00000000000000000000001200000000000000000000000000000000000000902c0600002201000000000000000000000000000000000000000000000000000000000000000000000000000000
961,黃權,45,109,11:3 10:1 12:1 6:1 3:3 4:1 9:4 2:1 17:2,c103000004b6c0c5760000000000001152010000000000000000000000000000000000000000000000000000000000000000000000000000000000000000008000d06b0b030a010c01060103030401090402011102000000000000000000000000000000002d24001b093e3c110a02a00f0102066d000000000000000000000011000000000000000000000000000000000000009138090000a500000000000000000000000000000000000000000000000000000000000000000000000000000000
962,董昭,45,45,10:1 14:1 6:1 16:2 4:4 17:3 15:1 13:1 1:3,c203000004b8b3ac4c000000000000f1da6200000000000000000000000000000000000000000000000000000000000000000000000000000000000000000080007c470a010e0106011002040411030f010d010103000000000000000000000000000000002d1b00150f422e0e0f013b0b0106062d00000000000000000000000d00000000000000000000000000000000000000914d080000da00000000000000000000000000000000000000000000000000000000000000000000000000000000
963,田豐,45,255,12:4 9:1 2:1 4:2 5:2 1:1 17:2 10:1 13:1,c303000004a5d0c2d7000000000000dcda5a9c00000000000000000000000000000000000000000000000000000000000000000000000000000000000000008000007d0c040901020104020502010111020a010d01000000000000000000000000000000002d2800150f4c430e0f019411010606ff00000000000000000000001700000000000000000000000000000000000000914d080000da00000000000000000000000000000000000000000000000000000000000000000000000000000000
964,傅幹,45,231,18:3 10:2 11:2 6:2 2:3 7:1 15:2 8:4 4:3,c403000004b3c5b746000000000000e2da5b9c00000000000000000000000000000000000000000000000000000000000000000000000000000000000000008000148212030a020b020602020307010f0208040403000000000000000000000000000000002d29000e1947450c0d015c12040306e700000000000000000000001300000000000000000000000000000000000000916d0600002c01000000000000000000000000000000000000000000000000000000000000000000000000000000
965,龔景,45,231,2:3 4:3 1:1 15:3 16:2 13:1 11:2 6:2 5:1,c503000004c5c7b4ba000000000000deda5a9c0000000000000000000000000000000000000000000000000000000000000000000000000000000000000000800014820203040301010f0310020d010b0206020501000000000000000000000000000000002d29000e1942450c0d015c12040306e700000000000000000000001300000000000000000000000000000000000000916d0600002c01000000000000000000000000000000000000000000000000000000000000000000000000000000
966,許攸,46,37,9:1 17:2 12:2 13:1 16:2 6:1 15:4 1:1 11:3,c603000004b35ca7f100000000000018520900000000000000000000000000000000000000000000000000000000000000000000000000000000000000000080003421090111020c020d01100206010f0401010b03000000000000000000000000000000002e0f000e1a4a1a0c0d01d0070403062500000000000000000000000e0000000000000000000000000000000000000092b80600003601000000000000000000000000000000000000000000000000000000000000000000000000000000
967,魯肅,46,255,14:1 10:3 15:1 16:1 8:4 1:1 3:2 5:1 12:2,c703000004be7cb5c20000000000001952424e00000000000000000000000000000000000000000000000000000000000000000000000000000000000000008000a4b50e010a030f01100108040101030205010c02000000000000000000000000000000002e33000e1a55550c0d01581b040306ff0000000000000000000000170000000000000000000000000000000000000092b80600003601000000000000000000000000000000000000000000000000000000000000000000000000000000
968,蔡和,46,38,5:3 7:2 18:2 11:1 3:1 16:1 17:1 8:1 2:1,c803000004bdb2a94d000000000000e7da429c00000000000000000000000000000000000000000000000000000000000000000000000000000000000000008000ac0d0503070212020b0103011001110108010201000000000000000000000000000000002e070011171f0c0d0f02d0070201062600000000000000000000000a00000000000000000000000000000000000000921c0700001c01000000000000000000000000000000000000000000000000000000000000000000000000000000
969,王經,46,45,14:2 10:1 3:3 8:2 9:1 7:2 13:1 6:1 4:2,c903000004a4fdb8670000000000000f525a0000000000000000000000000000000000000000000000000000000000000000000000000000000000000000008000d06b0e020a0103030802090107020d0106010402000000000000000000000000000000002e24001c0a413c110b02a00f0102062d00000000000000000000000e0000000000000000000000000000000000000092b0090000aa00000000000000000000000000000000000000000000000000000000000000000000000000000000
970,万彧,46,38,4:1 6:1 14:1 7:3 3:4 10:1 11:2 1:3 17:1,ca03000004c945d17b00000000000011db689c000000000000000000000000000000000000000000000000000000000000000000000000000000000000000080007c47040106010e01070303040a010b0201031101000000000000000000000000000000002e1b00130e362d0c1c013b0b0304062600000000000000000000000e00000000000000000000000000000000000000922a0800004f01000000000000000000000000000000000000000000000000000000000000000000000000000000
971,孔融,47,101,6:1 7:2 8:3 1:1 9:1 12:3 2:2 13:1 18:3,cb03000004a4d5bfc400000000000012520500000000000000000000000000000000000000000000000000000000000000000000000000000000000000000080008467060107020803010109010c0302020d011203000000000000000000000000000000002f23000f1a533b0c0e01230f040306650000000000000000000000130000000000000000000000000000000000000093030700004001000000000000000000000000000000000000000000000000000000000000000000000000000000
972,賈範,47,109,12:3 10:3 15:1 1:1 16:2 4:3 18:2 11:3 5:1,cc03000004b8ebbd64000000000000f6da509c00000000000000000000000000000000000000000000000000000000000000000000000000000000000000008000b4780c030a030f0101011002040312020b030501000000000000000000000000000000002f27000f1a31410c0e0117110403066d0000000000000000000000100000000000000000000000000000000000000093030700004001000000000000000000000000000000000000000000000000000000000000000000000000000000
973,蔣舒,47,36,10:1 12:1 5:2 15:1 4:1 8:1 3:1 17:1 1:3,cd03000004bdb1b5ce000000000000d0da4f9c00000000000000000000000000000000000000000000000000000000000000000000000000000000000000008000f4010a010c0105020f0104010801030111010103000000000000000000000000000000002f010011180d030e0f02d007020106240000000000000000000000060000000000000000000000000000000000000093670700002501000000000000000000000000000000000000000000000000000000000000000000000000000000
974,張緝,47,237,5:1 15:2 8:1 2:1 18:1 13:1 17:3 4:4 9:2,ce03000004b169bd720000000000000e52649c00000000000000000000000000000000000000000000000000000000000000000000000000000000000000008000004b05010f020801020112010d01110304040902000000000000000000000000000000002f1c00130e4a300c1c01b80b030406ed0000000000000000000000130000000000000000000000000000000000000093840800005901000000000000000000000000000000000000000000000000000000000000000000000000000000
975,楊陵,47,39,4:2 8:1 14:2 11:1 9:2 12:3 16:1 1:2 3:2,cf03000004b7a8b3ae000000000000e1da5b9c00000000000000000000000000000000000000000000000000000000000000000000000000000000000000008000004b040208010e020b0109020c03100101020302000000000000000000000000000000002f1c000f1a2e2f0c0e01b80b0403062700000000000000000000000e0000000000000000000000000000000000000093030700004001000000000000000000000000000000000000000000000000000000000000000000000000000000
976,金旋,48,36,5:3 15:2 7:1 16:1 3:3 4:1 12:1 10:2 6:1,d003000004aaf7b1db000000000000f1da5c9c00000000000000000000000000000000000000000000000000000000000000000000000000000000000000008000242c05030f0207011001030304010c010a02060100000000000000000000000000000000301300140e1e210c1d01d007020406240000000000000000000000070000000000000000000000000000000000000094de0800006301000000000000000000000000000000000000000000000000000000000000000000000000000000
977,尹大目,48,100,4:4 14:1 8:1 1:3 11:2 2:1 6:1 17:1 13:1,d103000006a4a8a46aa5d800000000eeda4e0000000000000000000000000000000000000000000000000000000000000000000000000000000000000000008000682904040e01080101030b020201060111010d0100000000000000000000000000000000301200140e461f0c1d01d0070304066400000000000000000000000f0000000000000000000000000000000000000094de0800006301000000000000000000000000000000000000000000000000000000000000000000000000000000
978,張悌,48,164,12:1 10:1 11:2 9:1 3:4 14:2 15:1 1:3 5:1,d203000004b169aead000000000000f2da619c000000000000000000000000000000000000000000000000000000000000000000000000000000000000000080001c700c010a010b02090103040e020f010103050100000000000000000000000000000000302500140e413f0c1d011d10030406a400000000000000000000000d0000000000000000000000000000000000000094de0800006301000000000000000000000000000000000000000000000000000000000000000000000000000000
979,全尚,48,34,5:1 17:3 15:2 11:3 18:4 13:1 9:2 2:2 12:4,d303000004a5fea97c00000000000013db639c00000000000000000000000000000000000000000000000000000000000000000000000000000000000000008000ec5e050111030f020b0312040d01090202020c0400000000000000000000000000000000302100140e2e380c1d01290e030406220000000000000000000000080000000000000000000000000000000000000094de0800006301000000000000000000000000000000000000000000000000000000000000000000000000000000
980,荀攸,49,231,13:1 1:2 17:1 5:2 18:4 3:1 15:1 11:3 8:1,d403000004affba7f10000000000000e52270000000000000000000000000000000000000000000000000000000000000000000000000000000000000000008000789b0d01010211010502120403010f010b03080100000000000000000000000000000000312e001611564d0f11014416010606e70000000000000000000000160000000000000000000000000000000000000095c9090000f400000000000000000000000000000000000000000000000000000000000000000000000000000000
981,李恢,49,109,13:1 8:4 10:1 16:2 2:3 1:1 14:1 12:4 6:2,d503000004a7f5abec000000000000c3da8500000000000000000000000000000000000000000000000000000000000000000000000000000000000000000080001c700d0108040a011002020301010e010c040602000000000000000000000000000000003125000f1b433e0d0e011d100403066d0000000000000000000000110000000000000000000000000000000000000095990700005401000000000000000000000000000000000000000000000000000000000000000000000000000000
982,董厥,49,101,16:2 13:1 7:2 17:2 9:1 12:4 18:2 4:1 5:1,d603000004b8b3b3d6000000000000dbdab50000000000000000000000000000000000000000000000000000000000000000000000000000000000000000008000085210020d010702110209010c0412020401050100000000000000000000000000000000311e000f1b3e320d0e01b20c040306650000000000000000000000110000000000000000000000000000000000000095990700005401000000000000000000000000000000000000000000000000000000000000000000000000000000
983,孔冑,49,110,9:1 17:2 6:2 1:1 18:2 10:3 8:4 3:1 7:2,d703000004a4d5ab600000000000001852679c00000000000000000000000000000000000000000000000000000000000000000000000000000000000000008000d06b090111020602010112020a030804030107020000000000000000000000000000000031240016114e3d0f1101a00f0106066e0000000000000000000000110000000000000000000000000000000000000095c9090000f400000000000000000000000000000000000000000000000000000000000000000000000000000000
984,鄧芝,50,109,5:1 12:1 7:4 17:1 9:1 1:3 3:3 16:4 14:1,d803000004be48aadb0000000000000e52aa0000000000000000000000000000000000000000000000000000000000000000000000000000000000000000008000649605010c010704110109010103030310040e0100000000000000000000000000000000322d00140f464b0c1e017c150304066d0000000000000000000000120000000000000000000000000000000000000096920900007701000000000000000000000000000000000000000000000000000000000000000000000000000000
985,諸葛瑾,50,231,16:2 12:4 2:1 9:3 11:1 6:1 4:4 14:1 7:1,d903000006bdd1b8afbd40000000001952454e00000000000000000000000000000000000000000000000000000000000000000000000000000000000000008000c8af10020c04020109030b01060104040e0107010000000000000000000000000000000032320017115b540f110164190b0606e70000000000000000000000160000000000000000000000000000000000000096280a0000fa00000000000000000000000000000000000000000000000000000000000000000000000000000000
986,張邈,50,37,12:2 11:3 2:2 16:1 17:1 18:2 5:1 10:1 8:2,da03000004b169c2e40000000000001552709c00000000000000000000000000000000000000000000000000000000000000000000000000000000000000008000ec5e0c020b03020210011101120205010a01080200000000000000000000000000000000322100121922380e1002290e0201062500000000000000000000000a0000000000000000000000000000000000000096480800004001000000000000000000000000000000000000000000000000000000000000000000000000000000
987,辛評,50,37,1:1 17:2 16:2 15:4 18:3 3:1 6:1 4:1 7:2,db03000004a8afb5fb000000000000eada459c00000000000000000000000000000000000000000000000000000000000000000000000000000000000000008000b4780101110210020f041203030106010401070200000000000000000000000000000000322700121939420e10021711040106250000000000000000000000100000000000000000000000000000000000000096480800004001000000000000000000000000000000000000000000000000000000000000000000000000000000
988,閻宇,50,4,1:2 11:1 15:1 6:1 14:1 2:3 4:1 8:2 10:1,dc03000004c046a674000000000000d2dac10000000000000000000000000000000000000000000000000000000000000000000000000000000000000000008000d00701020b010f0106010e010203040108020a01000000000000000000000000000000003204001e0a2807120b02d007010206040000000000000000000000020000000000000000000000000000000000000096900b0000be00000000000000000000000000000000000000000000000000000000000000000000000000000000
989,濮陽興,50,38,1:3 16:3 17:1 5:2 10:1 9:1 3:3 12:2 8:1,dd03000006c0e4b6a7bfb30000000012525c9c00000000000000000000000000000000000000000000000000000000000000000000000000000000000000008000ec5e01031003110105020a01090103030c02080100000000000000000000000000000000322100140f43370c1e01290e0304062600000000000000000000000f0000000000000000000000000000000000000096920900007701000000000000000000000000000000000000000000000000000000000000000000000000000000
990,逢紀,51,101,14:1 13:1 11:3 16:2 5:1 10:2 15:4 9:1 4:3,de03000004b37bacf600000000000010db589c000000000000000000000000000000000000000000000000000000000000000000000000000000000000000080007c470e010d010b03100205010a020f040901040300000000000000000000000000000000331b00101c392e0d0f013b0b040306650000000000000000000000120000000000000000000000000000000000000097340800006a01000000000000000000000000000000000000000000000000000000000000000000000000000000
991,樂綝,51,1,2:3 15:1 6:1 7:2 12:2 8:1 11:3 17:1 13:1,df03000004bcd6e36a000000000000f8da630000000000000000000000000000000000000000000000000000000000000000000000000000000000000000008000342102030f01060107020c0208010b0311010d0100000000000000000000000000000000330f00131a0a190f1002d007020106010000000000000000000000060000000000000000000000000000000000000097980800004c01000000000000000000000000000000000000000000000000000000000000000000000000000000
992,高翔,51,41,7:1 9:1 3:2 12:2 10:1 18:1 6:1 14:1 8:3,e003000004b0aab5be000000000000cedacc0000000000000000000000000000000000000000000000000000000000000000000000000000000000000000008000e8350701090103020c020a01120106010e01080300000000000000000000000000000000331600131a37260f1002ca080201062900000000000000000000000a0000000000000000000000000000000000000097980800004c01000000000000000000000000000000000000000000000000000000000000000000000000000000
993,黨均,51,101,3:2 2:2 17:2 16:2 6:2 14:1 12:4 1:1 4:2,e103000004c4d2a7a100000000000011db639c000000000000000000000000000000000000000000000000000000000000000000000000000000000000000080007440030202021102100206020e010c040101040200000000000000000000000000000000331900101c282a0d0f01410a040306650000000000000000000000100000000000000000000000000000000000000097340800006a01000000000000000000000000000000000000000000000000000000000000000000000000000000
994,諸葛瞻,51,229,16:1 4:3 9:1 15:2 5:1 3:2 2:4 7:2 14:1,e203000006bdd1b8afc2a400000000fada4e9c00000000000000000000000000000000000000000000000000000000000000000000000000000000000000008000789b1001040309010f0205010302020407020e0100000000000000000000000000000000332e00101c414d0d0f014416040306e50000000000000000000000130000000000000000000000000000000000000097340800006a01000000000000000000000000000000000000000000000000000000000000000000000000000000
995,蔣容,51,237,5:2 8:1 4:3 10:2 7:1 1:2 18:2 17:1 11:2,e303000004bdb1ae6500000000000020db7d9c00000000000000000000000000000000000000000000000000000000000000000000000000000000000000008000a0a50502080104030a0207010102120211010b0200000000000000000000000000000000333000150f5a500d1f01d417030406ed0000000000000000000000120000000000000000000000000000000000000097f10900008401000000000000000000000000000000000000000000000000000000000000000000000000000000
996,諸葛恪,52,231,14:1 17:3 10:1 4:2 15:2 13:1 9:3 6:2 8:1,e403000006bdd1b8afabf1000000000ddb00010000000000000000000000000000000000000000000000000000000000000000000000000000000000000000800014820e0111030a0104020f020d010903060208010000000000000000000000000000000034290018124d451012015c12010606e70000000000000000000000160000000000000000000000000000000000000098f00a00000a01000000000000000000000000000000000000000000000000000000000000000000000000000000
997,馬邈,52,44,7:1 13:1 1:2 16:1 6:1 11:2 8:2 9:1 4:1,e503000004b0a8c2e400000000000013db599c00000000000000000000000000000000000000000000000000000000000000000000000000000000000000008000881307010d010102100106010b0208020901040100000000000000000000000000000000340a00131a2f120f1102d0070201062c00000000000000000000000b0000000000000000000000000000000000000098e80800005801000000000000000000000000000000000000000000000000000000000000000000000000000000
998,滕脩,52,38,13:1 15:2 6:4 9:3 11:3 18:4 12:2 17:3 14:1,e603000004bcf0b2e70000000000000edb629c0000000000000000000000000000000000000000000000000000000000000000000000000000000000000000800084670d010f02060409030b0312040c0211030e0100000000000000000000000000000000342300150f483b0d1f01230f0304062600000000000000000000000d0000000000000000000000000000000000000098500a00009101000000000000000000000000000000000000000000000000000000000000000000000000000000
999,鞏志,53,44,13:2 14:3 15:1 4:1 10:2 1:4 7:2 11:2 3:2,e703000004be64a7d3000000000000dfda940000000000000000000000000000000000000000000000000000000000000000000000000000000000000000008000ac260d020e030f0104010a02010407020b02030200000000000000000000000000000000351100131b321d0f1102d0070201062c00000000000000000000000e0000000000000000000000000000000000000099380900006401000000000000000000000000000000000000000000000000000000000000000000000000000000
1000,盧植,53,229,12:4 11:3 17:3 9:2 16:1 13:1 4:4 10:2 15:1,e803000004bf63b4d3000000000000e0da5b9c00000000000000000000000000000000000000000000000000000000000000000000000000000000000000008000a0a50c040b031103090210010d0104040a020f010000000000000000000000000000000035300018124550101201d417010606e50000000000000000000000130000000000000000000000000000000000000099540b00001201000000000000000000000000000000000000000000000000000000000000000000000000000000
1001,雷薄,53,1,12:1 11:2 1:2 17:1 16:3 3:2 10:1 5:1 4:2,e903000004b970c1a10000000000001152604e00000000000000000000000000000000000000000000000000000000000000000000000000000000000000008000f4010c010b0201021101100303020a010501040200000000000000000000000000000000350100200b1503130c02d0070b0206010000000000000000000000060000000000000000000000000000000000000099070d0000cd00000000000000000000000000000000000000000000000000000000000000000000000000000000
1002,沮授,53,239,11:2 12:4 15:1 7:1 6:3 9:1 8:1 2:2 16:1,ea03000004aa71b1c2000000000000dada5f9c000000000000000000000000000000000000000000000000000000000000000000000000000000000000000080003c8c0b020c040f0107010603090108010202100100000000000000000000000000000000352b0018124e48101201ec13010606ef0000000000000000000000150000000000000000000000000000000000000099540b00001201000000000000000000000000000000000000000000000000000000000000000000000000000000
1003,孫匡,53,38,1:2 2:1 4:2 11:1 3:4 17:1 7:1 12:1 14:2,eb03000004ae5da64a000000000000f7da509c000000000000000000000000000000000000000000000000000000000000000000000000000000000000000080001c700102020104020b010304110107010c010e020000000000000000000000000000000035250016103c3f0d20011d100304062600000000000000000000000c0000000000000000000000000000000000000099af0a00009e01000000000000000000000000000000000000000000000000000000000000000000000000000000
1004,孫朗,53,1,6:1 7:1 1:1 15:1 9:1 8:3 10:1 4:1 13:3,ec03000004ae5daed40000000000001152529c0000000000000000000000000000000000000000000000000000000000000000000000000000000000000000800054560601070101010f01090108030a0104010d0300000000000000000000000000000000351f00131b34350f11022f0d020106010000000000000000000000050000000000000000000000000000000000000099380900006401000000000000000000000000000000000000000000000000000000000000000000000000000000
1005,劉諶,53,109,8:4 10:2 11:2 1:1 9:1 15:1 4:3 3:2 18:1,ed03000004bc42bfdb00000000000012db5e9c00000000000000000000000000000000000000000000000000000000000000000000000000000000000000008000c8af08040a020b02010109010f0104030302120100000000000000000000000000000000353200111d28540e0f0164190403066d0000000000000000000000110000000000000000000000000000000000000099d40800008201000000000000000000000000000000000000000000000000000000000000000000000000000000
1006,楊祚,53,37,11:1 17:1 3:2 15:2 8:1 10:2 2:1 1:4 7:1,ee03000004b7a8afae000000000000dcda5f9c00000000000000000000000000000000000000000000000000000000000000000000000000000000000000008000d0070b01110103020f0208010a0202010104070100000000000000000000000000000000350400131b1e080f1102d0070201062500000000000000000000000d0000000000000000000000000000000000000099380900006401000000000000000000000000000000000000000000000000000000000000000000000000000000
1007,徐邈,53,39,7:1 15:2 14:1 11:2 4:3 9:1 6:4 16:1 2:2,ef03000004ae7dc2e4000000000000efda5c9c00000000000000000000000000000000000000000000000000000000000000000000000000000000000000008000789b07010f020e010b020403090106041001020200000000000000000000000000000000352e001610534e0d200144160304062700000000000000000000000f0000000000000000000000000000000000000099af0a00009e01000000000000000000000000000000000000000000000000000000000000000000000000000000
1008,賈逵,54,237,7:4 12:3 15:1 16:3 18:2 2:1 8:1 5:2 9:1,f003000004b8ebb666000000000000f0da5d0000000000000000000000000000000000000000000000000000000000000000000000000000000000000000008000ec5e07040c030f011003120202010801050209010000000000000000000000000000000036210016104c370d2001290e030406ed000000000000000000000013000000000000000000000000000000000000009a0e0b0000ab01000000000000000000000000000000000000000000000000000000000000000000000000000000
1009,曹宇,54,37,12:2 7:3 18:1 4:4 14:2 6:2 2:1 5:3 15:1,f103000004b1e4a6740000000000000edb450000000000000000000000000000000000000000000000000000000000000000000000000000000000000000008000007d0c020703120104040e020602020105030f010000000000000000000000000000000036280016103f440d200194110304062500000000000000000000000e000000000000000000000000000000000000009a0e0b0000ab01000000000000000000000000000000000000000000000000000000000000000000000000000000
1010,曹叡,54,237,13:1 15:3 5:1 2:4 7:1 3:2 16:1 1:1 17:1,f203000004b1e4e8fb000000000000dcda570000000000000000000000000000000000000000000000000000000000000000000000000000000000000000008000b4aa0d010f03050102040701030210010101110100000000000000000000000000000000363100111e40520e10019c18040306ed000000000000000000000012000000000000000000000000000000000000009a240900008e01000000000000000000000000000000000000000000000000000000000000000000000000000000
1011,蔣琬,54,237,18:2 11:2 6:2 10:1 12:3 7:3 8:1 9:2 15:1,f303000004bdb1da7b000000000000dadaad0000000000000000000000000000000000000000000000000000000000000000000000000000000000000000008000288712020b0206020a010c030703080109020f0100000000000000000000000000000000362a00161058460d20012413030406ed000000000000000000000013000000000000000000000000000000000000009a0e0b0000ab01000000000000000000000000000000000000000000000000000000000000000000000000000000
1012,于詮,54,5,5:1 14:3 15:1 4:2 3:1 17:1 10:1 8:2 9:2,f403000004a45fb8e000000000000009db439c00000000000000000000000000000000000000000000000000000000000000000000000000000000000000008000242c05010e030f010402030111010a010802090200000000000000000000000000000000361300200b1c21140c02d00701020605000000000000000000000008000000000000000000000000000000000000009a840d0000d200000000000000000000000000000000000000000000000000000000000000000000000000000000
1013,朱異,54,39,15:1 17:1 12:1 2:2 8:1 5:1 9:4 3:3 18:1,f503000004a6b6b2a7000000000000ebda529c0000000000000000000000000000000000000000000000000000000000000000000000000000000000000000800034210f0111010c0102020801050109040303120100000000000000000000000000000000360f00200b1d19140c02d0070102062700000000000000000000000d000000000000000000000000000000000000009a840d0000d200000000000000000000000000000000000000000000000000000000000000000000000000000000
1014,袁燿,54,37,11:3 3:1 2:2 7:1 9:1 17:1 4:3 18:2 15:2,f603000004b04beffa000000000000e0da609c000000000000000000000000000000000000000000000000000000000000000000000000000000000000000080001c700b0303010202070109011101040312020f02000000000000000000000000000000003625001610343e0d20011d100304062500000000000000000000000a000000000000000000000000000000000000009a0e0b0000ab01000000000000000000000000000000000000000000000000000000000000000000000000000000
1015,陳宮,55,237,9:3 10:2 4:2 1:2 14:1 16:2 5:1 18:1 15:1,f703000004b3afae63000000000000e3da280000000000000000000000000000000000000000000000000000000000000000000000000000000000000000008000386309030a02040201020e011002050112010f01000000000000000000000000000000003722001913433a111301a60e0b0606ed000000000000000000000016000000000000000000000000000000000000009b1c0c00002201000000000000000000000000000000000000000000000000000000000000000000000000000000
1016,毛玠,55,37,16:4 15:1 8:1 6:2 9:2 11:1 5:3 17:1 18:2,f803000004a4f2cd6b00000000000011db610000000000000000000000000000000000000000000000000000000000000000000000000000000000000000008000545610040f010801060209020b0105031101120200000000000000000000000000000000371f0016104f350d21012f0d0304062500000000000000000000000e000000000000000000000000000000000000009b6d0b0000b801000000000000000000000000000000000000000000000000000000000000000000000000000000
1017,孫靜,55,37,12:2 1:3 7:1 13:2 2:3 16:1 14:2 15:2 18:1,f903000004ae5dc0520000000000000952db000000000000000000000000000000000000000000000000000000000000000000000000000000000000000000800008520c02010307010d02020310010e020f02120100000000000000000000000000000000371e00141c3232101202b20c0201062500000000000000000000000d000000000000000000000000000000000000009bd80900007c01000000000000000000000000000000000000000000000000000000000000000000000000000000
1018,高沛,55,12,15:1 12:1 11:2 13:2 18:1 7:1 2:3 6:1 10:1,fa03000004b0aaa84b000000000000f3da509c0000000000000000000000000000000000000000000000000000000000000000000000000000000000000000800068290f010c010b020d0212010701020306010a0100000000000000000000000000000000371200141c211e101202d0070201060c000000000000000000000005000000000000000000000000000000000000009bd80900007c01000000000000000000000000000000000000000000000000000000000000000000000000000000
1019,劉賢,55,36,3:4 4:3 18:2 5:2 1:1 11:2 13:1 2:1 8:1,fb03000004bc42bde5000000000000d7da9800000000000000000000000000000000000000000000000000000000000000000000000000000000000000000080003863030404031202050201010b020d010201080100000000000000000000000000000000372200161038390d2101a60e0304062400000000000000000000000b000000000000000000000000000000000000009b6d0b0000b801000000000000000000000000000000000000000000000000000000000000000000000000000000
1020,楊儀,55,45,9:2 10:1 14:1 5:3 15:1 16:4 2:1 11:1 1:1,fc03000004b7a8bbf6000000000000dfdab40000000000000000000000000000000000000000000000000000000000000000000000000000000000000000008000001909020a010e0105030f01100402010b01010100000000000000000000000000000000370c0016103f150d2101d0070304062d00000000000000000000000f000000000000000000000000000000000000009b6d0b0000b801000000000000000000000000000000000000000000000000000000000000000000000000000000
1021,李豐,55,45,16:4 5:1 13:2 17:1 3:3 4:3 18:1 8:1 11:2,fd03000004a7f5c2d7000000000000dbdabf00000000000000000000000000000000000000000000000000000000000000000000000000000000000000000080007c47100405010d02110103030403120108010b0200000000000000000000000000000000371b001610382e0d21013b0b0304062d00000000000000000000000d000000000000000000000000000000000000009b6d0b0000b801000000000000000000000000000000000000000000000000000000000000000000000000000000
1022,唐咨,55,36,2:1 15:1 5:1 16:3 13:2 18:1 9:2 7:3 1:1,fe03000004adf0ab74000000000000e6da419c00000000000000000000000000000000000000000000000000000000000000000000000000000000000000008000682902010f01050110030d02120109020703010100000000000000000000000000000000371200210b241e140d02d00701020624000000000000000000000009000000000000000000000000000000000000009b010e0000d700000000000000000000000000000000000000000000000000000000000000000000000000000000
1023,劉岱,56,37,3:2 13:1 7:3 18:2 9:1 16:4 5:1 12:2 11:2,ff03000004bc42a9a700000000000004db060000000000000000000000000000000000000000000000000000000000000000000000000000000000000000008000941103020d01070312020901100405010c020b0200000000000000000000000000000000380900141c070f101202d0070201062500000000000000000000000d000000000000000000000000000000000000009c320a00008801000000000000000000000000000000000000000000000000000000000000000000000000000000
1024,曹純,56,101,15:1 13:1 3:2 9:3 11:2 14:3 6:1 18:1 16:2,0004000004b1e4afc2000000000000115246000000000000000000000000000000000000000000000000000000000000000000000000000000000000000000800084670f010d01030209030b020e0306011201100200000000000000000000000000000000382300220c3c3b140d02230f01020665000000000000000000000010000000000000000000000000000000000000009c830e0000dc00000000000000000000000000000000000000000000000000000000000000000000000000000000
1025,高幹,56,41,18:1 8:3 5:4 17:1 1:4 12:2 7:1 11:3 10:2,0104000004b0aab746000000000000d0da4c9c000000000000000000000000000000000000000000000000000000000000000000000000000000000000000080005456120108030504110101040c0207010b030a0200000000000000000000000000000000381f00141c14351012022f0d0201062900000000000000000000000a000000000000000000000000000000000000009c320a00008801000000000000000000000000000000000000000000000000000000000000000000000000000000
1026,袁熙,56,109,7:1 18:3 11:1 8:4 13:1 12:4 3:1 2:4 14:1,0204000004b04bbab3000000000000d1da4c9c000000000000000000000000000000000000000000000000000000000000000000000000000000000000000080001c70070112030b0108040d010c04030102040e01000000000000000000000000000000003825001e0d373f170c021d100405066d000000000000000000000010000000000000000000000000000000000000009cbe0f0000b800000000000000000000000000000000000000000000000000000000000000000000000000000000
1027,劉表,56,38,3:4 10:1 11:2 13:1 1:2 16:2 8:1 2:1 5:3,0304000004bc42aaed0000000000003b52694e00000000000000000000000000000000000000000000000000000000000000000000000000000000000000008000649603040a010b020d010102100208010201050300000000000000000000000000000000382d001710434b0e22017c150d04062600000000000000000000000f000000000000000000000000000000000000009cd60b0000c501000000000000000000000000000000000000000000000000000000000000000000000000000000
1028,王昶,56,37,6:1 16:1 15:2 4:4 1:1 9:3 14:1 11:2 18:4,0404000004a4fdceeb000000000000c9da3a0000000000000000000000000000000000000000000000000000000000000000000000000000000000000000008000004b060110010f020404010109030e010b02120400000000000000000000000000000000381c001a131c30111301b80b0106062500000000000000000000000b000000000000000000000000000000000000009c8a0c00002a01000000000000000000000000000000000000000000000000000000000000000000000000000000
1029,田續,56,37,10:1 5:2 8:1 9:1 12:2 16:1 15:2 7:1 4:1,0504000004a5d0c4f2000000000000e9da47000000000000000000000000000000000000000000000000000000000000000000000000000000000000000000800088130a010502080109010c0210010f020701040100000000000000000000000000000000380a00141c1311101202d0070201062500000000000000000000000a000000000000000000000000000000000000009c320a00008801000000000000000000000000000000000000000000000000000000000000000000000000000000
1030,曹羲,56,37,6:2 8:4 15:4 9:1 7:2 4:3 11:3 13:1 17:2,0604000004b1e4bfaa000000000000e3da490000000000000000000000000000000000000000000000000000000000000000000000000000000000000000008000a05a060208040f040901070204030b030d01110200000000000000000000000000000000382000121f3a360f1001ac0d0203062500000000000000000000000f000000000000000000000000000000000000009cc9090000a601000000000000000000000000000000000000000000000000000000000000000000000000000000
1031,陶濬,56,38,8:1 15:2 16:1 2:3 3:1 4:1 13:2 11:2 7:1,0704000004b3b3c0e0000000000000c5da479c00000000000000000000000000000000000000000000000000000000000000000000000000000000000000008000b80b08010f0210010203030104010d020b02070100000000000000000000000000000000380600141c1a0b101202d0070201062600000000000000000000000a000000000000000000000000000000000000009c320a00008801000000000000000000000000000000000000000000000000000000000000000000000000000000
1032,王頎,56,33,17:1 12:1 7:4 4:3 2:1 11:2 10:1 5:3 8:1,0804000004a4fde0e00000000000001bdb729c00000000000000000000000000000000000000000000000000000000000000000000000000000000000000008000bc1b11010c010704040302010b020a010503080100000000000000000000000000000000380d00171017170e2201d00703040621000000000000000000000009000000000000000000000000000000000000009cd60b0000c501000000000000000000000000000000000000000000000000000000000000000000000000000000
1033,諸葛靚,56,38,5:1 18:3 3:2 16:2 4:3 14:1 13:1 1:1 6:2,0904000006bdd1b8afe8b000000000d4da4c9c000000000000000000000000000000000000000000000000000000000000000000000000000000000000000080001c70050112030302100204030e010d010101060200000000000000000000000000000000382500121f333e0f10011d100403062600000000000000000000000d000000000000000000000000000000000000009cc9090000a601000000000000000000000000000000000000000000000000000000000000000000000000000000
1034,朱靈,57,33,5:2 18:1 9:3 2:3 13:1 6:1 15:1 3:1 11:2,0a04000004a6b6c64600000000000009db0f0000000000000000000000000000000000000000000000000000000000000000000000000000000000000000008000881305021201090302030d0106010f0103010b0200000000000000000000000000000000390a00220c1611150d02d00701020621000000000000000000000007000000000000000000000000000000000000009d050f0000e100000000000000000000000000000000000000000000000000000000000000000000000000000000
1035,胡班,57,37,18:1 2:3 12:1 17:1 13:2 11:2 5:1 3:2 10:2,0b04000004ad4aaf5a000000000000c2dabb00000000000000000000000000000000000000000000000000000000000000000000000000000000000000000080007440120102030c0111010d020b02050103020a0200000000000000000000000000000000391900151d272a101202410a02010625000000000000000000000009000000000000000000000000000000000000009d8c0a00009401000000000000000000000000000000000000000000000000000000000000000000000000000000
1036,陳橫,57,36,5:3 11:1 14:3 4:1 2:1 13:3 3:2 15:2 1:2,0c04000004b3afbeee0000000000000adb439c00000000000000000000000000000000000000000000000000000000000000000000000000000000000000008000e83505030b010e03040102010d0303020f02010200000000000000000000000000000000391600151d1c25101202ca0802010624000000000000000000000009000000000000000000000000000000000000009d8c0a00009401000000000000000000000000000000000000000000000000000000000000000000000000000000
1037,喬瑁,57,38,9:1 6:1 17:1 8:2 13:1 16:1 5:2 7:1 12:1,0d04000004b3ecb7e8000000000000cdda469c00000000000000000000000000000000000000000000000000000000000000000000000000000000000000008000004b09010601110108020d011001050207010c0100000000000000000000000000000000391c00151d1f30101202b80b0201062600000000000000000000000d000000000000000000000000000000000000009d8c0a00009401000000000000000000000000000000000000000000000000000000000000000000000000000000
1038,倫直,57,37,10:3 3:1 6:1 9:1 18:1 11:2 13:1 15:4 7:2,0e04000004addbaabd000000000000e3da609c00000000000000000000000000000000000000000000000000000000000000000000000000000000000000008000f8430a0303010601090112010b020d010f04070200000000000000000000000000000000391a001220302c0f1101be0a0403062500000000000000000000000d000000000000000000000000000000000000009d1e0a0000b201000000000000000000000000000000000000000000000000000000000000000000000000000000
1039,蔣斌,57,237,1:3 12:1 2:2 11:2 10:1 4:4 14:1 5:1 18:3,0f04000004bdb1d97900000000000019525e9c00000000000000000000000000000000000000000000000000000000000000000000000000000000000000008000509101030c0102020b020a0104040e010501120300000000000000000000000000000000392c0017114c4a0e2201ec13030406ed000000000000000000000012000000000000000000000000000000000000009d3f0c0000d201000000000000000000000000000000000000000000000000000000000000000000000000000000
1040,衛瓘,57,239,17:2 9:1 6:2 12:3 1:1 8:4 16:2 4:2 18:3,1004000004bdc3f6f0000000000000f1da5c9c0000000000000000000000000000000000000000000000000000000000000000000000000000000000000000800074401102090106020c0301010804100204021203000000000000000000000000000000003919001a134f2a111301410a010606ef000000000000000000000015000000000000000000000000000000000000009df80c00003201000000000000000000000000000000000000000000000000000000000000000000000000000000
1041,張允,58,38,12:1 17:1 15:1 18:1 2:3 6:1 11:1 10:1 9:4,1104000004b169a4b90000000000001752150000000000000000000000000000000000000000000000000000000000000000000000000000000000000000008000e8350c0111010f011201020306010b010a010904000000000000000000000000000000003a1600230c3525150d02ca080102062600000000000000000000000d000000000000000000000000000000000000009e870f0000e600000000000000000000000000000000000000000000000000000000000000000000000000000000
1042,傅士仁,58,36,14:1 10:2 7:2 17:1 6:1 15:1 8:3 12:1 5:4,1204000006b3c5a468a4af00000000e9da7c0000000000000000000000000000000000000000000000000000000000000000000000000000000000000000008000f4010e010a020702110106010f0108030c010504000000000000000000000000000000003a0100151d2502101302d0070201062400000000000000000000000a000000000000000000000000000000000000009ee60a0000a001000000000000000000000000000000000000000000000000000000000000000000000000000000
1043,法正,58,255,11:3 9:1 17:1 10:1 7:1 4:4 14:1 12:1 1:2,1304000004aa6ba5bf00000000000012db7d00000000000000000000000000000000000000000000000000000000000000000000000000000000000000000080001c700b03090111010a01070104040e010c010102000000000000000000000000000000003a25001a14513e1214011d10010606ff000000000000000000000017000000000000000000000000000000000000009e660d00003a01000000000000000000000000000000000000000000000000000000000000000000000000000000
1044,闞澤,58,239,12:4 7:1 4:2 3:1 11:3 6:2 10:2 8:1 1:2,1404000004f545bf4100000000000018525d9c0000000000000000000000000000000000000000000000000000000000000000000000000000000000000000800064960c040701040203010b0306020a0208010102000000000000000000000000000000003a2d001a14544b1214017c15010606ef000000000000000000000015000000000000000000000000000000000000009e660d00003a01000000000000000000000000000000000000000000000000000000000000000000000000000000
1045,袁術,58,37,15:2 6:1 7:1 9:1 12:2 13:4 14:2 3:3 4:1,1504000004b04bb34e00000000000037525e4e00000000000000000000000000000000000000000000000000000000000000000000000000000000000000008000a0a50f020601070109010c020d040e0203030401000000000000000000000000000000003a3000151d0151101302d4170c01062500000000000000000000000f000000000000000000000000000000000000009ee60a0000a001000000000000000000000000000000000000000000000000000000000000000000000000000000
1046,韓馥,58,36,17:1 2:1 16:1 5:1 10:1 11:4 7:1 18:2 3:2,1604000004c1fac34c00000000000015db639c00000000000000000000000000000000000000000000000000000000000000000000000000000000000000008000545611010201100105010a010b04070112020302000000000000000000000000000000003a1f00181133350e23012f0d02040624000000000000000000000008000000000000000000000000000000000000009ea80c0000df01000000000000000000000000000000000000000000000000000000000000000000000000000000
1047,袁譚,58,44,15:2 12:1 1:1 7:1 18:2 10:1 8:1 13:4 3:1,1704000004b04bc3d3000000000000e5da429c00000000000000000000000000000000000000000000000000000000000000000000000000000000000000008000b4780f020c010101070112020a0108010d040301000000000000000000000000000000003a2700151d1a4210130217110201062c00000000000000000000000b000000000000000000000000000000000000009ee60a0000a001000000000000000000000000000000000000000000000000000000000000000000000000000000
1048,蔣義渠,58,4,11:4 8:2 4:1 9:1 3:1 14:1 10:2 13:4 16:1,1804000006bdb1b871b4eb00000000cbda449c0000000000000000000000000000000000000000000000000000000000000000000000000000000000000000800008520b0408020401090103010e010a020d041001000000000000000000000000000000003a1e00151d2332101302b20c02010604000000000000000000000006000000000000000000000000000000000000009ee60a0000a001000000000000000000000000000000000000000000000000000000000000000000000000000000
1049,笮融,58,1,12:2 10:2 16:1 17:1 18:2 4:1 2:1 5:2 6:1,1904000004b2c8bfc4000000000000fbda4e9c00000000000000000000000000000000000000000000000000000000000000000000000000000000000000008000f0230c020a021001110112020401020105020601000000000000000000000000000000003a1000151d3b1b101302d00702010601000000000000000000000003000000000000000000000000000000000000009ee60a0000a001000000000000000000000000000000000000000000000000000000000000000000000000000000
1050,州泰,59,37,13:1 4:1 10:1 3:2 17:1 16:2 7:1 8:1 2:3,1a04000004a67baef5000000000000c1da4c0000000000000000000000000000000000000000000000000000000000000000000000000000000000000000008000a05a0d0104010a01030211011002070108010203000000000000000000000000000000003b2000230c3236150d02ac0d0102062500000000000000000000000e000000000000000000000000000000000000009f09100000eb00000000000000000000000000000000000000000000000000000000000000000000000000000000
1051,孫瑜,59,46,10:1 8:1 4:1 3:3 18:1 2:1 14:3 6:1 17:1,1b04000004ae5db7ec00000000000011523c4e00000000000000000000000000000000000000000000000000000000000000000000000000000000000000008000007d0a01080104010303120102010e0306011101000000000000000000000000000000003b2800230c2e43150d0294110b02062e00000000000000000000000e000000000000000000000000000000000000009f09100000eb00000000000000000000000000000000000000000000000000000000000000000000000000000000
1052,傅嬰,59,37,14:2 5:1 17:1 18:1 2:2 15:2 3:1 1:1 7:2,1c04000004b3c5c0a60000000000001152ff0000000000000000000000000000000000000000000000000000000000000000000000000000000000000000008000f03c0e0205011101120102020f02030101010702000000000000000000000000000000003b1800161e2928111302c4090201062500000000000000000000000c000000000000000000000000000000000000009f400b0000ac01000000000000000000000000000000000000000000000000000000000000000000000000000000
1053,朱治,59,39,7:1 10:2 16:2 12:4 15:3 1:1 18:3 4:2 6:1,1d04000004a6b6aa760000000000000adb439c00000000000000000000000000000000000000000000000000000000000000000000000000000000000000008000386307010a0210020c040f030101120304020601000000000000000000000000000000003b2200200d283a180c02a60e0405062700000000000000000000000d000000000000000000000000000000000000009f71110000c400000000000000000000000000000000000000000000000000000000000000000000000000000000
1054,馬休,59,32,3:3 5:1 6:1 10:1 13:2 8:2 15:1 2:2 16:1,1e04000004b0a8a5f00000000000001352594e00000000000000000000000000000000000000000000000000000000000000000000000000000000000000008000004b0303050106010a010d0208020f0102021001000000000000000000000000000000003b1c00230c0f2f150d02b80b0b020620000000000000000000000006000000000000000000000000000000000000009f09100000eb00000000000000000000000000000000000000000000000000000000000000000000000000000000
1055,馬鐵,59,1,1:3 3:1 12:1 14:2 10:1 13:2 17:1 18:1 5:2,1f04000004b0a8c54b000000000000e8da419c000000000000000000000000000000000000000000000000000000000000000000000000000000000000000080007440010303010c010e020a010d02110112010502000000000000000000000000000000003b1900230c162b150d02410a01020601000000000000000000000005000000000000000000000000000000000000009f09100000eb00000000000000000000000000000000000000000000000000000000000000000000000000000000
1056,霍弋,59,44,4:1 16:1 12:1 3:1 11:3 6:1 15:2 7:2 10:1,2004000004c04ea47c000000000000ebdab300000000000000000000000000000000000000000000000000000000000000000000000000000000000000000080000852040110010c0103010b0306010f0207020a01000000000000000000000000000000003b1e00161e2533111302b20c0201062c00000000000000000000000e000000000000000000000000000000000000009f400b0000ac01000000000000000000000000000000000000000000000000000000000000000000000000000000
1057,關彝,59,37,13:2 1:4 10:2 7:2 18:2 4:1 3:2 8:1 11:4,2104000004c3f6c255000000000000cada499c00000000000000000000000000000000000000000000000000000000000000000000000000000000000000008000ec5e0d0201040a02070212020401030208010b04000000000000000000000000000000003b2100161e1a37111302290e0201062500000000000000000000000c000000000000000000000000000000000000009f400b0000ac01000000000000000000000000000000000000000000000000000000000000000000000000000000
1058,卓膺,59,37,8:1 15:1 14:1 10:2 7:1 17:1 5:1 16:1 12:1,2204000004a8f4c174000000000000e4da429c00000000000000000000000000000000000000000000000000000000000000000000000000000000000000008000f03c08010f010e010a0207011101050110010c01000000000000000000000000000000003b1800161e2428111302c4090201062500000000000000000000000c000000000000000000000000000000000000009f400b0000ac01000000000000000000000000000000000000000000000000000000000000000000000000000000
1059,胡奮,59,37,4:2 12:1 8:2 10:1 9:4 18:1 14:3 15:1 7:3,2304000004ad4abec40000000000001752549c00000000000000000000000000000000000000000000000000000000000000000000000000000000000000008000744004020c0108020a01090412010e030f010703000000000000000000000000000000003b1900230c182a150d02410a0102062500000000000000000000000d000000000000000000000000000000000000009f09100000eb00000000000000000000000000000000000000000000000000000000000000000000000000000000
1060,崔琰,59,237,6:2 9:1 5:1 11:3 12:3 10:2 18:2 13:1 4:4,2404000004b15ada7c00000000000053cb6c9c000000000000000000000000000000000000000000000000000000000000000000000000000000000000000080003c8c0602090105010b030c030a0212020d010404000000000000000000000000000000003b2b00181157480e2301ec13030406ed000000000000000000000012000000000000000000000000000000000000009f110d0000ec01000000000000000000000000000000000000000000000000000000000000000000000000000000
1061,楊弘,59,239,10:4 9:1 16:1 18:1 12:3 15:1 1:2 3:1 5:1,2504000004b7a8a5b0000000000000dada5a9c00000000000000000000000000000000000000000000000000000000000000000000000000000000000000008000f8430a040901100112010c030f01010203010501000000000000000000000000000000003b1a0013213e2c0f1101be0a040306ef000000000000000000000015000000000000000000000000000000000000009fc80a0000ca01000000000000000000000000000000000000000000000000000000000000000000000000000000
1062,張勳,60,37,2:2 12:1 6:1 1:3 8:1 16:2 18:1 7:3 9:1,2604000004b169beb1000000000000ceda0b0000000000000000000000000000000000000000000000000000000000000000000000000000000000000000008000004b02020c010601010308011002120107030901000000000000000000000000000000003c1c00240c212f160e02b80b0102062500000000000000000000000d00000000000000000000000000000000000000a08b100000f000000000000000000000000000000000000000000000000000000000000000000000000000000000
1063,夏侯恩,60,36,9:1 15:1 14:1 12:1 8:3 10:1 3:3 16:1 18:2,2704000006ae4cab4aaea600000000e4da5f0000000000000000000000000000000000000000000000000000000000000000000000000000000000000000008000242c09010f010e010c0108030a01030310011202000000000000000000000000000000003c1300161e2d21111302d0070201062400000000000000000000000700000000000000000000000000000000000000a09a0b0000b801000000000000000000000000000000000000000000000000000000000000000000000000000000
1064,劉循,60,37,13:1 15:2 2:4 9:1 10:3 1:1 3:2 14:1 17:1,2804000004bc42b46000000000000008db8400000000000000000000000000000000000000000000000000000000000000000000000000000000000000000080001c700d010f02020409010a03010103020e011101000000000000000000000000000000003c25001321203f1011011d100403062500000000000000000000000b00000000000000000000000000000000000000a01d0b0000d601000000000000000000000000000000000000000000000000000000000000000000000000000000
1065,韓玄,60,8,15:1 4:1 7:1 1:1 12:1 11:2 18:2 14:1 5:2,2904000004c1faa5c80000000000001952689c00000000000000000000000000000000000000000000000000000000000000000000000000000000000000008000ac0d0f010401070101010c010b0212020e010502000000000000000000000000000000003c07001812090c0f2401d0070204060800000000000000000000000300000000000000000000000000000000000000a07a0d0000f901000000000000000000000000000000000000000000000000000000000000000000000000000000
1066,司馬望,60,45,15:2 14:1 2:1 17:2 10:2 13:1 8:4 6:1 4:3,2a04000006a571b0a8b1e600000000e3da3f000000000000000000000000000000000000000000000000000000000000000000000000000000000000000000800038630f020e01020111020a020d01080406010403000000000000000000000000000000003c220013214539101101a60e0403062d00000000000000000000000e00000000000000000000000000000000000000a01d0b0000d601000000000000000000000000000000000000000000000000000000000000000000000000000000
1067,陳登,61,37,17:3 2:1 16:2 11:2 7:1 10:1 12:3 14:1 15:2,2b04000004b3afb56e000000000000e0dab800000000000000000000000000000000000000000000000000000000000000000000000000000000000000000080001c701103020110020b0207010a010c030e010f02000000000000000000000000000000003d25001c15403f1215011d100106062500000000000000000000000f00000000000000000000000000000000000000a1b50e00005501000000000000000000000000000000000000000000000000000000000000000000000000000000
1068,侯成,61,1,17:1 13:4 18:2 10:1 12:2 11:2 9:1 2:2 6:1,2c04000004ab4aa6a80000000000000b52449c00000000000000000000000000000000000000000000000000000000000000000000000000000000000000008000441611010d0412020a010c020b02090102020601000000000000000000000000000000003d0b00161f2113111402d0070201060100000000000000000000000600000000000000000000000000000000000000a1f90b0000c701000000000000000000000000000000000000000000000000000000000000000000000000000000
1069,呂威璜,61,5,13:2 3:3 6:1 16:1 14:1 17:1 8:1 18:2 2:2,2d04000006a766abc2bf5800000000c7da499c0000000000000000000000000000000000000000000000000000000000000000000000000000000000000000800088130d020303060110010e011101080112020202000000000000000000000000000000003d0a00161f1211111402d0070201060500000000000000000000000700000000000000000000000000000000000000a1f90b0000c701000000000000000000000000000000000000000000000000000000000000000000000000000000
1070,張角,61,255,3:2 11:3 12:4 10:3 8:2 2:3 6:2 9:1 16:2,2e04000004b169a8a40000000000003d52729c0000000000000000000000000000000000000000000000000000000000000000000000000000000000000000800084e403020b030c040a0308020203060209011002000000000000000000000000000000003d3b0013225863101201581b0e0306ff00000000000000000000001800000000000000000000000000000000000000a1770b0000e501000000000000000000000000000000000000000000000000000000000000000000000000000000
1071,韓暹,61,36,9:1 18:2 7:1 3:2 15:1 5:2 6:1 11:1 10:2,2f04000004c1fabee6000000000000eada529c00000000000000000000000000000000000000000000000000000000000000000000000000000000000000008000941109011202070103020f01050206010b010a02000000000000000000000000000000003d0900161f0910111402d0070201062400000000000000000000000600000000000000000000000000000000000000a1f90b0000c701000000000000000000000000000000000000000000000000000000000000000000000000000000
1072,王基,61,109,17:2 18:1 4:2 13:2 16:3 8:1 6:1 10:1 2:1,3004000004a4fdb0f200000000000003db360000000000000000000000000000000000000000000000000000000000000000000000000000000000000000008000004b1102120104020d021003080106010a010201000000000000000000000000000000003d1c00250d2930160e02b80b0102066d00000000000000000000001200000000000000000000000000000000000000a112110000f600000000000000000000000000000000000000000000000000000000000000000000000000000000
1073,曹爽,61,4,10:1 2:1 4:1 13:4 11:2 14:3 15:2 7:1 18:2,3104000004b1e4b26e000000000000d0da410000000000000000000000000000000000000000000000000000000000000000000000000000000000000000008000ec5e0a01020104010d040b020e030f0207011202000000000000000000000000000000003d210019123b370f2501290e0204060400000000000000000000000500000000000000000000000000000000000000a1e80d00000902000000000000000000000000000000000000000000000000000000000000000000000000000000
1074,張虎,61,37,12:1 8:2 16:2 9:1 15:1 11:3 4:2 1:4 2:1,3204000004b169aaea000000000000e6da59000000000000000000000000000000000000000000000000000000000000000000000000000000000000000000800008520c010802100209010f010b03040201040201000000000000000000000000000000003d1e00250d2633160e02b20c0102062500000000000000000000000b00000000000000000000000000000000000000a112110000f600000000000000000000000000000000000000000000000000000000000000000000000000000000
1075,馬忠,61,33,3:2 16:2 12:1 2:3 11:4 17:1 6:1 9:4 15:1,3304000004b0a8a9be000000000000e8dab10000000000000000000000000000000000000000000000000000000000000000000000000000000000000000008000f843030210020c0102030b041101060109040f01000000000000000000000000000000003d1a00250d192c160e02be0a0102062100000000000000000000000a00000000000000000000000000000000000000a112110000f600000000000000000000000000000000000000000000000000000000000000000000000000000000
1076,范疆,61,33,5:3 14:1 16:1 10:1 17:1 2:1 1:2 4:1 12:2,3404000004ad53c3a600000000000005db489c00000000000000000000000000000000000000000000000000000000000000000000000000000000000000008000001905030e0110010a0111010201010204010c02000000000000000000000000000000003d0c00161f2315111402d0070201062100000000000000000000000900000000000000000000000000000000000000a1f90b0000c701000000000000000000000000000000000000000000000000000000000000000000000000000000
1077,孫秀,61,38,16:1 8:1 6:1 2:1 12:3 11:2 18:2 17:1 7:4,3504000004ae5da87100000000000007db549c00000000000000000000000000000000000000000000000000000000000000000000000000000000000000008000d06b10010801060102010c030b02120211010704000000000000000000000000000000003d24001912443d0f2501a00f0304062600000000000000000000000e00000000000000000000000000000000000000a1e80d00000902000000000000000000000000000000000000000000000000000000000000000000000000000000
1078,孫異,61,38,11:1 14:3 13:2 10:1 17:1 8:3 7:2 4:1 12:2,3604000004ae5db2a7000000000000ddda5f9c0000000000000000000000000000000000000000000000000000000000000000000000000000000000000000800084670b010e030d020a0111010803070204010c02000000000000000000000000000000003d2300161f2b3b111402230f0201062600000000000000000000000c00000000000000000000000000000000000000a1f90b0000c701000000000000000000000000000000000000000000000000000000000000000000000000000000
1079,翠闌,61,255,9:1 17:1 2:4 10:2 3:2 13:1 12:4 5:1 15:4,3704000004bb41c1f10000000000001c52769c00000000000000000000000000000000000000000000000000000000000000000000000000000000000000008000d06b0901110102040a0203020d010c0405010f04000000000000000000000000000000003d24001c15503c121501a00f010606ff00000000000000000000001700000000000000000000000000000000000000a1b50e00005501000000000000000000000000000000000000000000000000000000000000000000000000000000
1080,劉泌,61,39,18:1 17:4 7:1 9:2 5:1 12:2 10:4 8:2 16:1,3804000004bc42aa6300000000000053cb6d9c000000000000000000000000000000000000000000000000000000000000000000000000000000000000000080000852120111040701090205010c020a0408021001000000000000000000000000000000003d1e0013223232101201b20c0403062700000000000000000000000d00000000000000000000000000000000000000a1770b0000e501000000000000000000000000000000000000000000000000000000000000000000000000000000
1081,關定,61,39,12:4 17:1 11:3 6:4 4:2 10:1 14:1 1:3 18:4,3904000004c3f6a97700000000000053cb699c0000000000000000000000000000000000000000000000000000000000000000000000000000000000000000800008520c0411010b03060404020a010e0101031204000000000000000000000000000000003d1e00191232320f2501b20c0304062700000000000000000000000d00000000000000000000000000000000000000a1e80d00000902000000000000000000000000000000000000000000000000000000000000000000000000000000
1082,廖化,62,37,9:4 2:3 13:1 4:1 3:3 1:2 18:1 12:1 7:3,3a04000004b9f9a4c60000000000001a52534e00000000000000000000000000000000000000000000000000000000000000000000000000000000000000008000ec5e090402030d0104010303010212010c010703000000000000000000000000000000003e2100250d2837160e02290e0b02062500000000000000000000000e00000000000000000000000000000000000000a299110000fc00000000000000000000000000000000000000000000000000000000000000000000000000000000
1083,諸葛亮,62,255,11:3 2:2 8:1 7:1 3:1 16:1 18:4 1:3 12:3,3b04000006bdd1b8afab47000000003552544e00000000000000000000000000000000000000000000000000000000000000000000000000000000000000008000f0d20b0302020801070103011001120401030c03000000000000000000000000000000003e38001d15615e131501581b0b0606ff00000000000000000000001900000000000000000000000000000000000000a2280f00006001000000000000000000000000000000000000000000000000000000000000000000000000000000
1084,蘇飛,62,36,10:1 18:1 17:2 14:2 1:2 16:3 15:1 6:1 5:2,3c04000004c4acadb8000000000000d3dade000000000000000000000000000000000000000000000000000000000000000000000000000000000000000000800084670a01120111020e02010210030f0106010502000000000000000000000000000000003e2300250d123b160e02230f0302062400000000000000000000000a00000000000000000000000000000000000000a299110000fc00000000000000000000000000000000000000000000000000000000000000000000000000000000
1085,徐榮,62,4,7:2 8:2 1:4 15:2 17:1 14:2 5:2 4:1 13:3,3d04000004ae7dba61000000000000e9da459c00000000000000000000000000000000000000000000000000000000000000000000000000000000000000008000f0230702080201040f0211010e02050204010d03000000000000000000000000000000003e1000171f271c111402d0070201060400000000000000000000000600000000000000000000000000000000000000a2580c0000d601000000000000000000000000000000000000000000000000000000000000000000000000000000
1086,皇甫嵩,62,101,8:1 9:3 18:1 3:2 17:1 12:1 10:1 16:2 13:2,3e04000006acd3a86ab743000000001752439c000000000000000000000000000000000000000000000000000000000000000000000000000000000000000080003c8c080109031201030211010c010a0110020d02000000000000000000000000000000003e2b00250d4248160e02ec130102066500000000000000000000001000000000000000000000000000000000000000a299110000fc00000000000000000000000000000000000000000000000000000000000000000000000000000000
1087,公孫越,62,36,5:3 14:2 4:1 7:1 6:1 16:1 9:1 17:1 13:2,3f04000006a4bdae5db65600000000ecda529c000000000000000000000000000000000000000000000000000000000000000000000000000000000000000080007c4705030e020401070106011001090111010d02000000000000000000000000000000003e1b00171f252e1114023b0b0201062400000000000000000000000900000000000000000000000000000000000000a2580c0000d601000000000000000000000000000000000000000000000000000000000000000000000000000000
1088,宋憲,62,5,16:1 13:1 2:3 6:1 9:1 10:1 7:2 18:1 8:2,4004000004a7babecb000000000000edda459c00000000000000000000000000000000000000000000000000000000000000000000000000000000000000008000941110010d010203060109010a01070212010802000000000000000000000000000000003e0900171f270f111402d0070201060500000000000000000000000800000000000000000000000000000000000000a2580c0000d601000000000000000000000000000000000000000000000000000000000000000000000000000000
1089,司馬昭,62,105,18:3 6:2 15:1 12:2 17:1 4:4 9:2 7:1 16:2,4104000006a571b0a8ac4c00000000d3da1e00000000000000000000000000000000000000000000000000000000000000000000000000000000000000000080001482120306020f010c0211010404090207011002000000000000000000000000000000003e29001d154f451315015c120106066900000000000000000000001300000000000000000000000000000000000000a2280f00006001000000000000000000000000000000000000000000000000000000000000000000000000000000
1090,馬遵,62,45,9:1 10:2 18:1 7:1 14:3 4:1 15:2 5:1 13:3,4204000004b0a8bfed00000000000007db640000000000000000000000000000000000000000000000000000000000000000000000000000000000000000008000ec5e09010a02120107010e0304010f0205010d03000000000000000000000000000000003e2100171f2f37111402290e0201062d00000000000000000000000d00000000000000000000000000000000000000a2580c0000d601000000000000000000000000000000000000000000000000000000000000000000000000000000
1091,張達,62,36,11:3 7:2 16:1 12:2 13:1 1:1 8:1 15:1 18:1,4304000004b169b94600000000000008db439c00000000000000000000000000000000000000000000000000000000000000000000000000000000000000008000781e0b03070210010c020d01010108010f011201000000000000000000000000000000003e0e00171f1618111402d0070201062400000000000000000000000900000000000000000000000000000000000000a2580c0000d601000000000000000000000000000000000000000000000000000000000000000000000000000000
1092,曹訓,62,4,9:1 14:3 11:1 6:1 4:1 8:1 10:2 15:1 17:1,4404000004b1e4b05600000000000016524d9c00000000000000000000000000000000000000000000000000000000000000000000000000000000000000008000085209010e030b010601040108010a020f011101000000000000000000000000000000003e1e00171f2232111402b20c0201060400000000000000000000000500000000000000000000000000000000000000a2580c0000d601000000000000000000000000000000000000000000000000000000000000000000000000000000
1093,孫歆,62,2,3:3 9:1 2:2 1:3 14:2 12:1 7:2 11:4 5:2,4504000004ae5dddf500000000000009db439c00000000000000000000000000000000000000000000000000000000000000000000000000000000000000008000342103030901020201030e020c0107020b040502000000000000000000000000000000003e0f00171f1419111402d0070201060200000000000000000000000600000000000000000000000000000000000000a2580c0000d601000000000000000000000000000000000000000000000000000000000000000000000000000000
1094,申耽,62,37,18:2 3:1 11:3 15:2 1:3 8:1 2:2 17:1 5:4,4604000004a5d3afd4000000000000ecda459c000000000000000000000000000000000000000000000000000000000000000000000000000000000000000080007c47120203010b030f0201030801020211010504000000000000000000000000000000003e1b00171f322e1114023b0b0201062500000000000000000000000d00000000000000000000000000000000000000a2580c0000d601000000000000000000000000000000000000000000000000000000000000000000000000000000
1095,魏續,63,37,9:1 10:2 17:1 15:1 16:1 18:1 11:4 5:2 13:4,4704000004c351c4f20000000000000952070000000000000000000000000000000000000000000000000000000000000000000000000000000000000000008000bc1b09010a0211010f01100112010b0405020d04000000000000000000000000000000003f0d0017202217121402d0070201062500000000000000000000000900000000000000000000000000000000000000a3b70c0000e501000000000000000000000000000000000000000000000000000000000000000000000000000000
1096,董和,63,41,10:1 2:1 7:3 4:3 8:1 14:2 3:4 6:1 9:2,4804000004b8b3a94d000000000000125287000000000000000000000000000000000000000000000000000000000000000000000000000000000000000000800068290a0102010703040308010e02030406010902000000000000000000000000000000003f12001a123e1f0f2601d0070304062900000000000000000000000b00000000000000000000000000000000000000a3c40e00002902000000000000000000000000000000000000000000000000000000000000000000000000000000
1097,馮習,63,33,15:2 13:2 11:2 16:1 2:1 18:2 10:2 9:1 12:1,4904000004b6beb2df00000000000007dbd00000000000000000000000000000000000000000000000000000000000000000000000000000000000000000008000f03c0f020d020b021001020112020a0209010c01000000000000000000000000000000003f180017201629121402c4090201062100000000000000000000000900000000000000000000000000000000000000a3b70c0000e501000000000000000000000000000000000000000000000000000000000000000000000000000000
1098,馬玩,63,4,8:1 1:1 11:1 14:3 18:2 3:1 13:1 10:2 9:1,4a04000004b0a8aab10000000000001a525d4e00000000000000000000000000000000000000000000000000000000000000000000000000000000000000008000dc05080101010b010e03120203010d010a020901000000000000000000000000000000003f030017200906121402d0070c01060400000000000000000000000400000000000000000000000000000000000000a3b70c0000e501000000000000000000000000000000000000000000000000000000000000000000000000000000
1099,成宜,63,1,7:2 6:1 16:1 17:1 15:1 1:2 5:3 11:4 4:1,4b04000004a6a8a979000000000000f4da509c00000000000000000000000000000000000000000000000000000000000000000000000000000000000000008000342107020601100111010f01010205030b040401000000000000000000000000000000003f0f001720161a121402d0070201060100000000000000000000000300000000000000000000000000000000000000a3b70c0000e501000000000000000000000000000000000000000000000000000000000000000000000000000000
1100,司馬師,63,239,10:1 6:2 17:3 15:1 18:4 3:1 4:4 8:1 2:1,4c04000006a571b0a8ae7600000000e2da230000000000000000000000000000000000000000000000000000000000000000000000000000000000000000008000007d0a01060211030f0112040301040408010201000000000000000000000000000000003f28001d1549441315019411010606ef00000000000000000000001400000000000000000000000000000000000000a39b0f00006b01000000000000000000000000000000000000000000000000000000000000000000000000000000
1101,趙統,63,36,6:1 7:3 15:1 13:2 10:1 3:2 8:2 4:1 12:1,4d04000004bbafb2ce0000000000001052b70000000000000000000000000000000000000000000000000000000000000000000000000000000000000000008000a05a060107030f010d020a010302080204010c01000000000000000000000000000000003f2000260d2636170e02ac0d0102062400000000000000000000000b00000000000000000000000000000000000000a3201200000201000000000000000000000000000000000000000000000000000000000000000000000000000000
1102,楊鋒,63,36,1:1 6:1 2:3 3:3 8:2 16:1 11:1 17:1 12:2,4e04000004b7a8be5700000000000018dbc40000000000000000000000000000000000000000000000000000000000000000000000000000000000000000008000a00f0101060102030303080210010b0111010c02000000000000000000000000000000003f08001720180e121402d0070201062400000000000000000000000700000000000000000000000000000000000000a3b70c0000e501000000000000000000000000000000000000000000000000000000000000000000000000000000
1103,鄧賢,63,44,14:2 2:2 5:2 16:1 1:4 17:1 9:1 18:2 6:1,4f04000004be48bde5000000000000d1da4f9c0000000000000000000000000000000000000000000000000000000000000000000000000000000000000000800084670e0202020502100101041101090112020601000000000000000000000000000000003f230017203a3b121402230f0201062c00000000000000000000000e00000000000000000000000000000000000000a3b70c0000e501000000000000000000000000000000000000000000000000000000000000000000000000000000
1104,忙牙長,63,4,16:1 7:1 14:3 5:3 11:1 4:9 9:1 6:1 13:1,5004000006a6a3a4faaaf8000000001edb729c00000000000000000000000000000000000000000000000000000000000000000000000000000000000000008000dc05100107010e0305030b010409090106010d01000000000000000000000000000000003f030017201705121402d0070201060400000000000000000000000300000000000000000000000000000000000000a3b70c0000e501000000000000000000000000000000000000000000000000000000000000000000000000000000
1105,王含,63,39,18:2 9:1 15:1 17:1 12:3 11:2 8:1 10:2 6:4,5104000004a4fda7740000000000001252619c00000000000000000000000000000000000000000000000000000000000000000000000000000000000000008000a05a120209010f0111010c030b0208010a020604000000000000000000000000000000003f20001a123a360f2601ac0d0304062700000000000000000000000f00000000000000000000000000000000000000a3c40e00002902000000000000000000000000000000000000000000000000000000000000000000000000000000
1106,張既,63,238,14:1 17:3 10:2 5:2 15:1 4:3 8:1 12:4 6:2,5204000004b169ac4a000000000000eeda619c00000000000000000000000000000000000000000000000000000000000000000000000000000000000000008000a4b50e0111030a0205020f01040308010c040602000000000000000000000000000000003f33001a125c550f2601581b030406ee00000000000000000000001400000000000000000000000000000000000000a3c40e00002902000000000000000000000000000000000000000000000000000000000000000000000000000000
1107,劉虞,63,237,9:1 2:2 14:1 8:1 15:2 10:1 11:3 4:4 18:3,5304000004bc42b8b70000000000000edb589c00000000000000000000000000000000000000000000000000000000000000000000000000000000000000008000ccd8090102020e0108010f020a010b0304041203000000000000000000000000000000003f39001a12495f0f2601581b030406ed00000000000000000000001200000000000000000000000000000000000000a3c40e00002902000000000000000000000000000000000000000000000000000000000000000000000000000000
1108,樓玄,63,238,14:1 12:4 17:1 7:1 5:2 4:3 1:1 2:2 16:2,5404000004bcd3a5c800000000000053cb6a9c00000000000000000000000000000000000000000000000000000000000000000000000000000000000000008000a0a50e010c041101070105020403010102021002000000000000000000000000000000003f30001a124b500f2601d417030406ee00000000000000000000001200000000000000000000000000000000000000a3c40e00002902000000000000000000000000000000000000000000000000000000000000000000000000000000
1109,卞喜,64,4,17:1 3:3 4:1 1:3 9:1 8:1 18:2 16:1 12:1,5504000004a4cbb3df000000000000c5da190000000000000000000000000000000000000000000000000000000000000000000000000000000000000000008000a00f110103030401010309010801120210010c010000000000000000000000000000000040080017201b0e121502d0070201060400000000000000000000000400000000000000000000000000000000000000a4160d0000f401000000000000000000000000000000000000000000000000000000000000000000000000000000
1110,糜芳,64,36,3:1 2:3 17:1 11:4 15:2 12:2 5:1 4:1 8:1,5604000004c153aada000000000000cddac20000000000000000000000000000000000000000000000000000000000000000000000000000000000000000008000d0070301020311010b040f020c020501040108010000000000000000000000000000000040040017200607121502d0070201062400000000000000000000000700000000000000000000000000000000000000a4160d0000f401000000000000000000000000000000000000000000000000000000000000000000000000000000
1111,張濟,64,37,1:3 17:1 5:4 5:1 14:3 9:1 3:1 2:2 13:3,5704000004b169c0d9000000000000e7da419c00000000000000000000000000000000000000000000000000000000000000000000000000000000000000008000846701031101050405010e030901030102020d030000000000000000000000000000000040230017203a3b121502230f0201062500000000000000000000000c00000000000000000000000000000000000000a4160d0000f401000000000000000000000000000000000000000000000000000000000000000000000000000000
1112,董旻,64,36,1:2 5:2 13:1 8:1 14:2 16:1 2:3 3:2 17:1,5804000004b8b3ccc900000000000004db489c000000000000000000000000000000000000000000000000000000000000000000000000000000000000000080004416010205020d0108010e02100102030302110100000000000000000000000000000000400b0017200a13121502d0070201062400000000000000000000000a00000000000000000000000000000000000000a4160d0000f401000000000000000000000000000000000000000000000000000000000000000000000000000000
1113,黃祖,64,2,11:4 7:1 14:1 16:1 6:1 8:3 10:2 4:1 13:3,5904000004b6c0afaa000000000000e9da529c00000000000000000000000000000000000000000000000000000000000000000000000000000000000000008000f03c0b0407010e011001060108030a0204010d030000000000000000000000000000000040180017202128121502c4090201060200000000000000000000000400000000000000000000000000000000000000a4160d0000f401000000000000000000000000000000000000000000000000000000000000000000000000000000
1114,嚴綱,64,36,5:1 8:1 1:1 11:2 9:4 10:1 13:2 16:2 17:1,5a04000004c459baf50000000000000c524f9c0000000000000000000000000000000000000000000000000000000000000000000000000000000000000000800000190501080101010b0209040a010d021002110100000000000000000000000000000000400c00260d1d15170f02d0070102062400000000000000000000000900000000000000000000000000000000000000a4a71200000801000000000000000000000000000000000000000000000000000000000000000000000000000000
1115,張英,64,36,1:1 17:2 14:2 7:1 11:3 4:1 12:1 15:1 8:2,5b04000004b169ad5e00000000000002db4d9c000000000000000000000000000000000000000000000000000000000000000000000000000000000000000080006432010111020e0207010b0304010c010f01080200000000000000000000000000000000401500260d2324170f024d080102062400000000000000000000000800000000000000000000000000000000000000a4a71200000801000000000000000000000000000000000000000000000000000000000000000000000000000000
1116,胡遵,64,33,10:1 5:2 18:1 9:2 15:1 3:3 1:2 4:1 8:2,5c04000004ad4abfed000000000000c7da420000000000000000000000000000000000000000000000000000000000000000000000000000000000000000008000004b0a010502120109020f01030301020401080200000000000000000000000000000000401c00260d2a30170f02b80b0102062100000000000000000000000900000000000000000000000000000000000000a4a71200000801000000000000000000000000000000000000000000000000000000000000000000000000000000
1117,帶來洞主,64,8,9:2 2:1 6:1 13:1 15:2 1:3 7:2 4:1 10:2,5d04000008b161a8d3ac7da54400001b529b000000000000000000000000000000000000000000000000000000000000000000000000000000000000000000800088130902020106010d010f020103070204010a0200000000000000000000000000000000400a0017201d12121502d0070201060800000000000000000000000400000000000000000000000000000000000000a4160d0000f401000000000000000000000000000000000000000000000000000000000000000000000000000000
1118,高定,64,44,17:1 16:1 3:2 8:3 13:4 5:4 14:3 9:1 2:1,5e04000004b0aaa977000000000000cfdab20000000000000000000000000000000000000000000000000000000000000000000000000000000000000000008000545611011001030208030d0405040e030901020100000000000000000000000000000000401f00172020341215022f0d0201062c00000000000000000000000b00000000000000000000000000000000000000a4160d0000f401000000000000000000000000000000000000000000000000000000000000000000000000000000
1119,劉封,64,37,9:2 8:1 5:2 3:3 2:1 12:1 16:2 18:1 17:2,5f04000004bc42abca000000000000f6dabd00000000000000000000000000000000000000000000000000000000000000000000000000000000000000000080003863090208010502030302010c0110021201110200000000000000000000000000000000402200260d1c3a170f02a60e0102062500000000000000000000000d00000000000000000000000000000000000000a4a71200000801000000000000000000000000000000000000000000000000000000000000000000000000000000
1120,吾彥,64,38,3:1 14:1 8:4 11:2 7:1 15:4 16:1 18:3 4:2,6004000004a75eabdb000000000000c9da499c00000000000000000000000000000000000000000000000000000000000000000000000000000000000000008000846703010e0108040b0207010f04100112030402000000000000000000000000000000004023001424313b111301230f0403062600000000000000000000000c00000000000000000000000000000000000000a4850c00001202000000000000000000000000000000000000000000000000000000000000000000000000000000
1121,卑衍,64,37,15:1 9:4 3:2 2:3 4:2 11:1 13:1 16:2 1:3,6104000004a8f5ad6c000000000000ceda449c00000000000000000000000000000000000000000000000000000000000000000000000000000000000000008000f03c0f0109040302020304020b010d011002010300000000000000000000000000000000401800260d2828170f02c4090102062500000000000000000000000b00000000000000000000000000000000000000a4a71200000801000000000000000000000000000000000000000000000000000000000000000000000000000000
1122,何植,64,38,7:1 5:2 9:2 10:2 3:1 12:4 11:3 4:1 15:2,6204000004a6f3b4d300000000000013db689c0000000000000000000000000000000000000000000000000000000000000000000000000000000000000000800034210701050209020a0203010c040b0304010f0200000000000000000000000000000000400f001a13241a0f2601d0070304062600000000000000000000000d00000000000000000000000000000000000000a4320f00003902000000000000000000000000000000000000000000000000000000000000000000000000000000
1123,董承,65,37,14:1 3:1 11:3 5:3 4:1 8:1 12:2 1:4 7:1,6304000004b8b3a9d30000000000000b52040000000000000000000000000000000000000000000000000000000000000000000000000000000000000000008000b4780e0103010b030503040108010c02010407010000000000000000000000000000000041270018212f4112150217110201062500000000000000000000000e00000000000000000000000000000000000000a5750d00000302000000000000000000000000000000000000000000000000000000000000000000000000000000
1124,張燕,65,33,4:2 16:3 13:2 17:2 12:1 6:1 8:2 10:1 5:2,6404000004b169bf500000000000001452180000000000000000000000000000000000000000000000000000000000000000000000000000000000000000008000d06b040210030d0211020c01060108020a01050200000000000000000000000000000000412400270d1f3d170f02a00f0102062100000000000000000000000900000000000000000000000000000000000000a52e1300000e01000000000000000000000000000000000000000000000000000000000000000000000000000000
1125,車胄,65,40,17:1 11:4 8:2 2:2 12:1 3:3 1:3 5:3 4:1,6504000004a8aead480000000000000bdb560000000000000000000000000000000000000000000000000000000000000000000000000000000000000000008000744011010b04080202020c010303010305030401000000000000000000000000000000004119001821392a121502410a0201062800000000000000000000000d00000000000000000000000000000000000000a5750d00000302000000000000000000000000000000000000000000000000000000000000000000000000000000
1126,吳班,65,36,6:1 5:2 14:3 3:2 17:2 7:3 12:1 16:2 8:1,6604000004a764af5a0000000000000952800000000000000000000000000000000000000000000000000000000000000000000000000000000000000000008000a05a060105020e030302110207030c011002080100000000000000000000000000000000412000270d2e36170f02ac0d0102062400000000000000000000000900000000000000000000000000000000000000a52e1300000e01000000000000000000000000000000000000000000000000000000000000000000000000000000
1127,孟達,65,109,18:1 2:3 10:2 11:3 4:1 17:1 1:1 15:1 16:1,6704000004a973b946000000000000deda820000000000000000000000000000000000000000000000000000000000000000000000000000000000000000008000e803120102030a020b030401110101010f0110010000000000000000000000000000000041020018212e04121502d0070201066d00000000000000000000001000000000000000000000000000000000000000a5750d00000302000000000000000000000000000000000000000000000000000000000000000000000000000000
1128,蔣欽,65,38,10:3 6:2 9:2 8:1 1:1 17:2 15:3 16:1 18:1,6804000004bdb1b4dc000000000000edda529c0000000000000000000000000000000000000000000000000000000000000000000000000000000000000000800008520a03060209020801010111020f031001120100000000000000000000000000000000411e00230f29331a0d02b20c0105062600000000000000000000000e00000000000000000000000000000000000000a5f0140000e100000000000000000000000000000000000000000000000000000000000000000000000000000000
1129,審配,65,109,3:3 11:2 2:1 16:4 15:1 18:2 9:1 6:2 14:1,6904000004bc66b074000000000000ceda469c00000000000000000000000000000000000000000000000000000000000000000000000000000000000000008000288703030b02020110040f011202090106020e0100000000000000000000000000000000412a001821514612150224130301066d00000000000000000000001100000000000000000000000000000000000000a5750d00000302000000000000000000000000000000000000000000000000000000000000000000000000000000
1130,周昕,65,4,5:1 2:3 6:1 16:3 1:2 13:2 15:1 9:2 12:1,6a04000004a950a9fd000000000000cfda449c00000000000000000000000000000000000000000000000000000000000000000000000000000000000000008000b80b050102030601100301020d020f0109020c0100000000000000000000000000000000410600270d1f0a170f02d0070102060400000000000000000000000500000000000000000000000000000000000000a52e1300000e01000000000000000000000000000000000000000000000000000000000000000000000000000000
1131,鍾會,65,255,10:2 4:3 12:4 7:1 13:1 14:1 15:2 6:4 2:1,6b04000004c1e9b77c000000000000dfda5b9c000000000000000000000000000000000000000000000000000000000000000000000000000000000000000080003c8c0a0204030c0407010d010e010f020604020100000000000000000000000000000000412b001e165048141601ec13010606ff00000000000000000000001700000000000000000000000000000000000000a5811000008101000000000000000000000000000000000000000000000000000000000000000000000000000000
1132,張布,65,38,13:2 5:1 16:4 1:1 14:2 11:1 18:1 12:1 7:2,6c04000004b169a5ac000000000000c2da519c0000000000000000000000000000000000000000000000000000000000000000000000000000000000000000800088130d020501100401010e020b0112010c01070200000000000000000000000000000000410a001a133e11102701d0070304062600000000000000000000000a00000000000000000000000000000000000000a5a00f00004902000000000000000000000000000000000000000000000000000000000000000000000000000000
1133,呂曠,66,4,11:4 9:1 10:1 13:1 8:3 5:1 14:2 6:1 15:2,6d04000004a766c36d000000000000ecda0e000000000000000000000000000000000000000000000000000000000000000000000000000000000000000000800088130b0409010a010d01080305010e0206010f0200000000000000000000000000000000420a0018211312121502d0070201060400000000000000000000000400000000000000000000000000000000000000a6de0d00001202000000000000000000000000000000000000000000000000000000000000000000000000000000
1134,楊秋,66,4,7:1 11:1 18:2 1:4 12:1 5:3 13:1 16:1 15:2,6e04000004b7a8acee0000000000000d52130000000000000000000000000000000000000000000000000000000000000000000000000000000000000000008000b80b07010b01120201040c0105030d0110010f020000000000000000000000000000000042060018210c0b121502d0070201060400000000000000000000000200000000000000000000000000000000000000a6de0d00001202000000000000000000000000000000000000000000000000000000000000000000000000000000
1135,曹真,66,45,13:2 1:1 5:2 2:1 7:1 11:4 12:1 4:1 16:3,6f04000004b1e4af75000000000000fbda2600000000000000000000000000000000000000000000000000000000000000000000000000000000000000000080001c700d0201010502020107010b040c010401100300000000000000000000000000000000422500280e2c3f180f021d100102062d00000000000000000000000e00000000000000000000000000000000000000a6ba1300001401000000000000000000000000000000000000000000000000000000000000000000000000000000
1136,韓當,66,37,9:4 7:3 3:2 17:2 14:1 18:1 10:1 4:1 12:1,7004000004c1fab7ed000000000000d8da4a9c00000000000000000000000000000000000000000000000000000000000000000000000000000000000000008000ec5e09040703030211020e0112010a0104010c0100000000000000000000000000000000422100280e2637180f02290e0102062500000000000000000000000e00000000000000000000000000000000000000a6ba1300001401000000000000000000000000000000000000000000000000000000000000000000000000000000
1137,楊懷,66,12,1:4 2:3 8:3 13:4 10:2 6:1 4:1 9:1 14:2,7104000004b7a8c3680000000000000bdb439c00000000000000000000000000000000000000000000000000000000000000000000000000000000000000008000e02e0104020308030d040a020601040109010e020000000000000000000000000000000042140018211922121502d0070201060c00000000000000000000000800000000000000000000000000000000000000a6de0d00001202000000000000000000000000000000000000000000000000000000000000000000000000000000
1138,袁紹,66,101,9:1 11:3 3:2 10:1 14:1 15:1 12:4 6:2 5:1,7204000004b04bb2d00000000000003852634e0000000000000000000000000000000000000000000000000000000000000000000000000000000000000000800038c709010b0303020a010e010f010c04060205010000000000000000000000000000000042360015252f5a111301581b0e03066500000000000000000000001100000000000000000000000000000000000000a63e0d00003002000000000000000000000000000000000000000000000000000000000000000000000000000000
1139,淳于瓊,66,38,6:1 16:3 14:3 10:1 5:2 18:1 2:1 7:2 17:1,7304000006b245a45fc3a30000000003db489c00000000000000000000000000000000000000000000000000000000000000000000000000000000000000008000a05a060110030e030a010502120102010702110100000000000000000000000000000000422000280e3236180f02ac0d0102062600000000000000000000000d00000000000000000000000000000000000000a6ba1300001401000000000000000000000000000000000000000000000000000000000000000000000000000000
1140,郭氾,66,1,9:1 2:3 1:4 11:3 14:1 8:3 12:2 5:3 7:2,7404000004b3a2a5c60000000000000d524a9c0000000000000000000000000000000000000000000000000000000000000000000000000000000000000000800034210901020301040b030e0108030c020503070200000000000000000000000000000000420f0018210219121502d0070201060100000000000000000000000500000000000000000000000000000000000000a6de0d00001202000000000000000000000000000000000000000000000000000000000000000000000000000000
1141,郭圖,66,109,11:2 17:3 5:1 15:1 7:1 13:1 12:4 8:1 3:1,7504000004b3a2b9cf0000000000000fdb679c00000000000000000000000000000000000000000000000000000000000000000000000000000000000000008000f0230b02110305010f0107010d010c0408010301000000000000000000000000000000004210001e16211b141601d0070106066d00000000000000000000001200000000000000000000000000000000000000a6fe1000008c01000000000000000000000000000000000000000000000000000000000000000000000000000000
1142,程銀,66,1,17:1 15:2 1:1 13:1 18:2 3:3 14:1 7:2 16:1,7604000004b57bbbc8000000000000d5da4a9c00000000000000000000000000000000000000000000000000000000000000000000000000000000000000008000342111010f0201010d01120203030e010702100100000000000000000000000000000000420f0018211e1a121502d0070201060100000000000000000000000500000000000000000000000000000000000000a6de0d00001202000000000000000000000000000000000000000000000000000000000000000000000000000000
1143,張橫,66,4,12:1 17:1 10:2 7:2 1:4 11:3 15:2 16:1 14:2,7704000004b169beee000000000000e6da429c00000000000000000000000000000000000000000000000000000000000000000000000000000000000000008000b80b0c0111010a02070201040b030f0210010e02000000000000000000000000000000004206001821170a121502d0070201060400000000000000000000000400000000000000000000000000000000000000a6de0d00001202000000000000000000000000000000000000000000000000000000000000000000000000000000
1144,田疇,66,44,13:2 2:3 10:1 9:1 3:3 16:1 1:4 8:2 11:4,7804000004a5d0c3a50000000000000edb5d9c0000000000000000000000000000000000000000000000000000000000000000000000000000000000000000800084670d0202030a01090103031001010408020b04000000000000000000000000000000004223001b13323b102801230f0204062c00000000000000000000000a00000000000000000000000000000000000000a6181000005902000000000000000000000000000000000000000000000000000000000000000000000000000000
1145,雍闓,66,37,15:1 2:1 14:2 6:1 4:1 13:2 1:4 18:1 10:2,7904000004b96cf16d0000000000001652c00000000000000000000000000000000000000000000000000000000000000000000000000000000000000000008000242c0f0102010e02060104010d02010412010a020000000000000000000000000000000042130018211621121502d0070201062500000000000000000000000a00000000000000000000000000000000000000a6de0d00001202000000000000000000000000000000000000000000000000000000000000000000000000000000
1146,申儀,66,38,13:3 10:1 2:1 7:4 12:2 15:1 11:1 9:2 18:1,7a04000004a5d3bbf60000000000000c524c9c00000000000000000000000000000000000000000000000000000000000000000000000000000000000000008000004b0d030a01020107040c020f010b010902120100000000000000000000000000000000421c001821382f121502b80b0201062600000000000000000000000e00000000000000000000000000000000000000a6de0d00001202000000000000000000000000000000000000000000000000000000000000000000000000000000
1147,許貢,66,37,11:2 18:1 6:3 4:2 10:1 2:2 16:1 1:2 3:1,7b04000004b35cb05e00000000000012db599c0000000000000000000000000000000000000000000000000000000000000000000000000000000000000000800038630b021201060304020a010202100101020301000000000000000000000000000000004222001b132939102801a60e0304062500000000000000000000000b00000000000000000000000000000000000000a6181000005902000000000000000000000000000000000000000000000000000000000000000000000000000000
1148,呂翔,67,4,2:3 10:1 7:1 6:1 8:2 15:2 14:1 1:4 3:3,7c04000004a766b5be0000000000000a520d0000000000000000000000000000000000000000000000000000000000000000000000000000000000000000008000941102030a010701060108020f020e01010403030000000000000000000000000000000043090018221010131502d0070201060400000000000000000000000400000000000000000000000000000000000000a7470e00002102000000000000000000000000000000000000000000000000000000000000000000000000000000
1149,呂虔,67,32,15:1 7:4 13:2 3:3 12:3 8:1 2:1 11:2 9:2,7d04000004a766b04000000000000053cb660000000000000000000000000000000000000000000000000000000000000000000000000000000000000000008000f03c0f0107040d0203030c03080102010b020902000000000000000000000000000000004318001b143429102801c4090304062000000000000000000000000500000000000000000000000000000000000000a7901000006902000000000000000000000000000000000000000000000000000000000000000000000000000000
1150,梁興,67,1,13:3 9:1 17:1 10:1 18:1 4:1 7:1 5:3 2:1,7e04000004b1e7bfb3000000000000d2da4f9c000000000000000000000000000000000000000000000000000000000000000000000000000000000000000080007c470d03090111010a011201040107010503020100000000000000000000000000000000431b0018220d2e1315023b0b0201060100000000000000000000000200000000000000000000000000000000000000a7470e00002102000000000000000000000000000000000000000000000000000000000000000000000000000000
1151,何儀,67,1,16:1 12:2 10:2 15:1 2:1 4:1 9:1 11:1 14:1,7f04000004a6f3bbf6000000000000e5da419c00000000000000000000000000000000000000000000000000000000000000000000000000000000000000008000d00710010c020a020f010201040109010b010e010000000000000000000000000000000043040018220508131502d0070201060100000000000000000000000400000000000000000000000000000000000000a7470e00002102000000000000000000000000000000000000000000000000000000000000000000000000000000
1152,毌丘儉,67,109,14:1 13:2 12:1 1:3 4:2 15:1 10:1 16:3 11:1,8004000006c960a543bbfc00000000c6da3e0000000000000000000000000000000000000000000000000000000000000000000000000000000000000000008000ec5e0e010d020c01010304020f010a0110030b0100000000000000000000000000000000432100280e3137180f02290e0102066d00000000000000000000001100000000000000000000000000000000000000a7461400001a01000000000000000000000000000000000000000000000000000000000000000000000000000000
1153,張翼,67,44,13:2 2:1 7:3 5:2 18:1 17:2 8:1 12:1 15:1,8104000004b169c16c000000000000d1daa90000000000000000000000000000000000000000000000000000000000000000000000000000000000000000008000ec5e0d020201070305021201110208010c010f0100000000000000000000000000000000432100280e3038180f02290e0102062c00000000000000000000000d00000000000000000000000000000000000000a7461400001a01000000000000000000000000000000000000000000000000000000000000000000000000000000
1154,留略,67,38,9:1 12:1 7:1 6:1 11:3 8:3 10:2 17:1 18:1,8204000004af64b2a4000000000000eddaf10000000000000000000000000000000000000000000000000000000000000000000000000000000000000000008000643209010c01070106010b0308030a021101120100000000000000000000000000000000431500182222241315024d080201062600000000000000000000000d00000000000000000000000000000000000000a7470e00002102000000000000000000000000000000000000000000000000000000000000000000000000000000
1155,馬忠,67,37,9:1 4:1 14:3 18:1 8:2 12:2 15:1 17:1 2:1,8304000004b0a8a9be0000000000000c52010100000000000000000000000000000000000000000000000000000000000000000000000000000000000000008000bc1b090104010e03120108020c020f011101020100000000000000000000000000000000430d0018222616131502d0070201062500000000000000000000000a00000000000000000000000000000000000000a7470e00002102000000000000000000000000000000000000000000000000000000000000000000000000000000
1156,司馬冑,67,109,10:4 3:3 9:1 11:1 12:3 6:3 4:3 2:2 13:1,8404000006a571b0a8ab60000000000f52659c0000000000000000000000000000000000000000000000000000000000000000000000000000000000000000800068740a04030309010b010c030603040302020d0100000000000000000000000000000000432600152536401113011d100403066d00000000000000000000001000000000000000000000000000000000000000a79d0d00003f02000000000000000000000000000000000000000000000000000000000000000000000000000000
1157,袁遺,67,237,4:3 16:2 14:1 9:1 8:2 15:4 6:1 10:3 5:1,8504000004b04bbff200000000000014db639c00000000000000000000000000000000000000000000000000000000000000000000000000000000000000008000b478040310020e01090108020f0406010a030501000000000000000000000000000000004327001f174c421417011711010606ed00000000000000000000001200000000000000000000000000000000000000a77b1100009701000000000000000000000000000000000000000000000000000000000000000000000000000000
1158,崔諒,67,38,12:2 1:2 11:3 2:2 4:4 18:2 6:4 7:1 9:3,8604000004b15abdcc000000000000f0da5c9c0000000000000000000000000000000000000000000000000000000000000000000000000000000000000000800074400c0201020b03020204041202060407010903000000000000000000000000000000004319001b14202b102801410a0304062600000000000000000000000d00000000000000000000000000000000000000a7901000006902000000000000000000000000000000000000000000000000000000000000000000000000000000
1159,楊阜,67,239,11:3 16:1 5:2 7:1 1:2 4:4 12:1 9:3 13:1,8704000004b7a8aafa000000000000f0da579c0000000000000000000000000000000000000000000000000000000000000000000000000000000000000000800064960b03100105020701010204040c0109030d0100000000000000000000000000000000432d001b14524b1028017c15030406ef00000000000000000000001500000000000000000000000000000000000000a7901000006902000000000000000000000000000000000000000000000000000000000000000000000000000000
1160,關靖,67,237,9:3 18:2 10:2 12:4 8:1 13:1 2:2 15:1 14:1,8804000004c3f6b97400000000000013db599c00000000000000000000000000000000000000000000000000000000000000000000000000000000000000008000004b090312020a020c0408010d0102020f010e0100000000000000000000000000000000431c001b14442f102801b80b030406ed00000000000000000000001300000000000000000000000000000000000000a7901000006902000000000000000000000000000000000000000000000000000000000000000000000000000000
1161,曹洪,68,36,14:3 3:3 10:1 4:2 9:4 16:3 5:1 2:1 6:1,8904000004b1e4ac780000000000000d522a4e00000000000000000000000000000000000000000000000000000000000000000000000000000000000000008000d06b0e0303030a0104020904100305010201060100000000000000000000000000000000442400290e343c180f02a00f0b02062400000000000000000000000900000000000000000000000000000000000000a8d21400002001000000000000000000000000000000000000000000000000000000000000000000000000000000
1162,霍峻,68,108,18:1 4:3 8:3 9:1 7:2 13:1 16:2 2:4 11:1,8a04000004c04eae6d000000000000c9da920000000000000000000000000000000000000000000000000000000000000000000000000000000000000000008000ec5e120104030803090107020d01100202040b010000000000000000000000000000000044210016262d38121401290e0403066c00000000000000000000001000000000000000000000000000000000000000a8fc0d00004e02000000000000000000000000000000000000000000000000000000000000000000000000000000
1163,傅彤,68,37,6:1 3:2 14:2 18:1 13:4 11:1 10:2 15:1 7:1,8b04000004b3c5a7cd00000000000002dbc30000000000000000000000000000000000000000000000000000000000000000000000000000000000000000008000ec5e060103020e0212010d040b010a020f0107010000000000000000000000000000000044210019223338131602290e0201062500000000000000000000000f00000000000000000000000000000000000000a8b00e00003002000000000000000000000000000000000000000000000000000000000000000000000000000000
1164,程普,68,110,5:1 9:2 12:3 10:4 15:1 1:2 11:1 13:2 3:2,8c04000004b57bb4b60000000000000c523d4e000000000000000000000000000000000000000000000000000000000000000000000000000000000000000080006496050109020c030a040f0101020b010d02030200000000000000000000000000000000442d00250f454c1b0e027c150105066e00000000000000000000001200000000000000000000000000000000000000a8d0160000f000000000000000000000000000000000000000000000000000000000000000000000000000000000
1165,董襲,68,34,11:1 18:1 17:2 10:1 9:2 3:3 13:2 8:2 14:4,8d04000004b8b3c5a7000000000000c1da05010000000000000000000000000000000000000000000000000000000000000000000000000000000000000000800064320b01120111020a01090203030d0208020e0400000000000000000000000000000000441500290e2124180f024d080102062200000000000000000000000700000000000000000000000000000000000000a8d21400002001000000000000000000000000000000000000000000000000000000000000000000000000000000
1166,曹性,68,36,9:1 2:3 6:1 8:1 1:4 14:4 13:1 4:1 5:1,8e04000004b1e4a9ca00000000000009db549c000000000000000000000000000000000000000000000000000000000000000000000000000000000000000080003421090102030601080101040e040d010401050100000000000000000000000000000000440f00290e3619180f02d0070102062400000000000000000000000a00000000000000000000000000000000000000a8d21400002001000000000000000000000000000000000000000000000000000000000000000000000000000000
1167,蔡瑁,68,46,4:3 18:3 17:2 9:1 7:1 16:1 12:4 15:3 14:1,8f04000004bdb2b7e8000000000000c5da519c00000000000000000000000000000000000000000000000000000000000000000000000000000000000000008000004b0403120311020901070110010c040f030e0100000000000000000000000000000000441c00250f422f1b0e02b80b0405062e00000000000000000000000f00000000000000000000000000000000000000a8d0160000f000000000000000000000000000000000000000000000000000000000000000000000000000000000
1168,張闓,68,1,8:3 18:2 7:2 13:2 5:4 12:2 16:1 9:1 4:1,9004000004b169f16d00000000000007db439c00000000000000000000000000000000000000000000000000000000000000000000000000000000000000008000d0070803120207020d0205040c021001090104010000000000000000000000000000000044040019221507131602d0070201060100000000000000000000000200000000000000000000000000000000000000a8b00e00003002000000000000000000000000000000000000000000000000000000000000000000000000000000
1169,裴元紹,68,1,14:2 2:2 1:1 17:1 8:2 5:1 13:3 11:4 10:2,9104000006bb70a4b8b2d00000000019526e9c00000000000000000000000000000000000000000000000000000000000000000000000000000000000000008000ac0d0e02020201011101080205010d030b040a02000000000000000000000000000000004407001922190d131602d0070201060100000000000000000000000600000000000000000000000000000000000000a8b00e00003002000000000000000000000000000000000000000000000000000000000000000000000000000000
1170,馬謖,68,237,15:2 14:1 7:1 9:3 1:2 6:1 12:1 4:4 11:2,9204000004b0a8eea20000000000001952574e00000000000000000000000000000000000000000000000000000000000000000000000000000000000000008000ec5e0f020e0107010903010206010c0104040b02000000000000000000000000000000004421001f174338141701290e0b0606ed00000000000000000000001300000000000000000000000000000000000000a8f8110000a201000000000000000000000000000000000000000000000000000000000000000000000000000000
1171,孫峻,68,35,6:1 11:2 5:1 10:1 8:1 13:2 4:1 17:1 14:3,9304000004ae5dae6d000000000000d9da4a9c00000000000000000000000000000000000000000000000000000000000000000000000000000000000000008000001906010b0205010a0108010d02040111010e0300000000000000000000000000000000440c0019223114131602d0070201062300000000000000000000000a00000000000000000000000000000000000000a8b00e00003002000000000000000000000000000000000000000000000000000000000000000000000000000000
1172,陸抗,68,231,13:3 5:2 2:1 8:1 9:2 1:3 18:1 4:2 17:1,9404000004b3b0a7dc000000000000cfda469c000000000000000000000000000000000000000000000000000000000000000000000000000000000000000080008ca00d030502020108010902010312010402110100000000000000000000000000000000442f001c14504f1029010c17030406e700000000000000000000001500000000000000000000000000000000000000a8081100007902000000000000000000000000000000000000000000000000000000000000000000000000000000
1173,沮鵠,68,109,16:2 2:4 7:2 8:1 17:1 13:1 3:1 5:1 11:2,9504000004aa71c35b000000000000deda559c000000000000000000000000000000000000000000000000000000000000000000000000000000000000000080006874100202040702080111010d01030105010b020000000000000000000000000000000044260016261f401214019a100403066d00000000000000000000001000000000000000000000000000000000000000a8fc0d00004e02000000000000000000000000000000000000000000000000000000000000000000000000000000
1174,張象,68,4,9:1 14:3 13:1 12:2 18:2 8:3 2:3 4:1 10:2,9604000004b169b64800000000000000db709c00000000000000000000000000000000000000000000000000000000000000000000000000000000000000008000e83509010e030d010c0212020803020304010a020000000000000000000000000000000044160019223125131602ca080201060400000000000000000000000600000000000000000000000000000000000000a8b00e00003002000000000000000000000000000000000000000000000000000000000000000000000000000000
1175,全禕,68,37,11:2 9:1 15:1 13:3 5:1 10:1 16:1 7:1 14:1,9704000004a5fee2fc000000000000c5da479c0000000000000000000000000000000000000000000000000000000000000000000000000000000000000000800008520b0209010f010d0305010a01100107010e0100000000000000000000000000000000441e0019221b33131602b20c0201062500000000000000000000000d00000000000000000000000000000000000000a8b00e00003002000000000000000000000000000000000000000000000000000000000000000000000000000000
1176,蔡勳,68,36,17:1 18:2 1:3 3:3 2:1 9:2 6:1 11:2 10:1,9804000004bdb2beb10000000000001052419c000000000000000000000000000000000000000000000000000000000000000000000000000000000000000080006c3911011202010303030201090206010b020a01000000000000000000000000000000004417001922242713160247090201062400000000000000000000000800000000000000000000000000000000000000a8b00e00003002000000000000000000000000000000000000000000000000000000000000000000000000000000
1177,曹昂,69,37,16:1 6:1 10:1 8:3 2:2 17:1 7:1 5:3 11:2,9904000004b1e4a9f9000000000000e7da650000000000000000000000000000000000000000000000000000000000000000000000000000000000000000008000789b100106010a01080302021101070105030b0200000000000000000000000000000000452e001923264d13160244160201062500000000000000000000000e00000000000000000000000000000000000000a9190f00003f02000000000000000000000000000000000000000000000000000000000000000000000000000000
1178,徐庶,69,255,17:2 10:1 8:1 2:1 6:1 11:3 4:3 18:4 14:1,9a04000004ae7db1660000000000001952564e00000000000000000000000000000000000000000000000000000000000000000000000000000000000000008000a0a511020a010801020106010b03040312040e010000000000000000000000000000000045300020174e50151701d417010606ff00000000000000000000001800000000000000000000000000000000000000a975120000ad01000000000000000000000000000000000000000000000000000000000000000000000000000000
1179,曹豹,69,1,1:1 6:1 7:2 17:1 14:2 11:1 10:2 9:1 5:4,9b04000004b1e4b05c00000000000002dbd10000000000000000000000000000000000000000000000000000000000000000000000000000000000000000008000e80301010601070211010e020b010a02090105040000000000000000000000000000000045020019230204131602d0070201060100000000000000000000000200000000000000000000000000000000000000a9190f00003f02000000000000000000000000000000000000000000000000000000000000000000000000000000
1180,張衛,69,8,7:1 4:1 9:4 18:1 6:1 10:1 1:3 16:3 11:4,9c04000004b169bdc30000000000000adb549c000000000000000000000000000000000000000000000000000000000000000000000000000000000000000080005456070104010904120106010a01010310030b0400000000000000000000000000000000451f00290e19341910022f0d0102060800000000000000000000000500000000000000000000000000000000000000a95e1500002601000000000000000000000000000000000000000000000000000000000000000000000000000000
1181,陳騫,69,37,6:1 14:4 15:1 11:4 5:2 3:3 4:1 18:1 17:2,9d04000004b3afc4ca00000000000016524d00000000000000000000000000000000000000000000000000000000000000000000000000000000000000000080006c3906010e040f010b040502030304011201110200000000000000000000000000000000451700290e28271910022e090102062500000000000000000000000d00000000000000000000000000000000000000a95e1500002601000000000000000000000000000000000000000000000000000000000000000000000000000000
1182,王匡,69,109,8:1 9:3 1:3 18:4 6:4 11:1 17:1 10:2 4:2,9e04000004a4fda64a000000000000efda579c00000000000000000000000000000000000000000000000000000000000000000000000000000000000000008000b478080109030103120406040b0111010a020402000000000000000000000000000000004527001c14474210290117110304066d00000000000000000000001000000000000000000000000000000000000000a9801100008902000000000000000000000000000000000000000000000000000000000000000000000000000000
1183,橋瑁,69,37,2:1 3:3 15:1 14:2 7:1 12:1 17:2 5:2 11:4,9f04000004bef4b7e800000000000053cb6c9c000000000000000000000000000000000000000000000000000000000000000000000000000000000000000080003c8c020103030f010e0207010c01110205020b0400000000000000000000000000000000452b0025103c481c0e02ec130105062500000000000000000000000c00000000000000000000000000000000000000a970170000f500000000000000000000000000000000000000000000000000000000000000000000000000000000
1184,龐統,70,255,15:2 17:1 10:2 9:2 5:2 12:4 16:1 11:1 18:3,a004000004c365b2ce0000000000001952554e00000000000000000000000000000000000000000000000000000000000000000000000000000000000000008000a0a50f0211010a02090205020c0410010b0112030000000000000000000000000000000046300020185550151801d417010606ff00000000000000000000001900000000000000000000000000000000000000aaf2120000b801000000000000000000000000000000000000000000000000000000000000000000000000000000
1185,謝旌,70,32,14:1 4:1 9:1 15:1 3:2 6:1 8:3 15:1 7:2,a104000004c1c2b1dc000000000000cbda469c00000000000000000000000000000000000000000000000000000000000000000000000000000000000000008000b80b0e01040109010f010302060108030f010702000000000000000000000000000000004606001a23160b131602d0070201062000000000000000000000000300000000000000000000000000000000000000aa820f00004e02000000000000000000000000000000000000000000000000000000000000000000000000000000
1186,蹋頓,70,4,16:2 11:2 6:1 14:1 2:3 3:2 13:2 1:1 5:2,a204000004c1cfb97900000000000019db719c00000000000000000000000000000000000000000000000000000000000000000000000000000000000000008000bc1b10020b0206010e01020303020d020101050200000000000000000000000000000000460d002a0e0c17191002d0070102060400000000000000000000000500000000000000000000000000000000000000aaea1500002c01000000000000000000000000000000000000000000000000000000000000000000000000000000
1187,木鹿大王,70,52,11:3 13:2 16:3 6:1 10:1 3:2 15:1 9:3 1:1,a304000008a4ecb3c0a46aa4fd00001cdb729c0000000000000000000000000000000000000000000000000000000000000000000000000000000000000000800034210b030d02100306010a0103020f010903010100000000000000000000000000000000460f002a0e1319191002d0070102063400000000000000000000000e00000000000000000000000000000000000000aaea1500002c01000000000000000000000000000000000000000000000000000000000000000000000000000000
1188,夏侯和,70,109,4:4 12:4 11:3 1:2 14:1 5:2 13:1 15:1 7:1,a404000006ae4cab4aa94d0000000010db330000000000000000000000000000000000000000000000000000000000000000000000000000000000000000008000d06b04040c040b0301020e0105020d010f0107010000000000000000000000000000000046240020183f3d151801a00f0106066d00000000000000000000001200000000000000000000000000000000000000aaf2120000b801000000000000000000000000000000000000000000000000000000000000000000000000000000
1189,董荼那,70,1,16:1 8:3 17:1 4:1 12:2 6:1 2:3 15:1 10:2,a504000006b8b3b2fea8ba000000001ddb729c00000000000000000000000000000000000000000000000000000000000000000000000000000000000000008000c40910010803110104010c02060102030f010a02000000000000000000000000000000004605001a230c09131602d0070201060100000000000000000000000400000000000000000000000000000000000000aa820f00004e02000000000000000000000000000000000000000000000000000000000000000000000000000000
1190,楊濟,70,239,6:1 8:2 1:1 10:1 16:2 2:4 17:2 5:1 7:1,a604000004b7a8c0d90000000000000f525b9c0000000000000000000000000000000000000000000000000000000000000000000000000000000000000000800084670601080201010a01100202041102050107010000000000000000000000000000000046230016272b3b121401230f040306ef00000000000000000000001500000000000000000000000000000000000000aaba0e00006c02000000000000000000000000000000000000000000000000000000000000000000000000000000
1191,孫綝,70,33,5:3 12:2 16:1 7:2 13:3 3:1 11:2 15:1 10:1,a704000004ae5de36a00000000000003db4d9c00000000000000000000000000000000000000000000000000000000000000000000000000000000000000008000ac0d05030c02100107020d0303010b020f010a01000000000000000000000000000000004607001a23050d131602d0070201062100000000000000000000000800000000000000000000000000000000000000aa820f00004e02000000000000000000000000000000000000000000000000000000000000000000000000000000
1192,郭石,70,37,2:3 15:1 6:1 9:3 12:1 1:4 17:1 5:2 7:3,a804000004b3a2a5db000000000000cdda469c00000000000000000000000000000000000000000000000000000000000000000000000000000000000000008000f03c02030f01060109030c0101041101050207030000000000000000000000000000000046180026102a291c0e02c4090105062500000000000000000000000d00000000000000000000000000000000000000aa10180000fa00000000000000000000000000000000000000000000000000000000000000000000000000000000
1193,楊醜,70,37,5:3 14:1 7:1 2:1 12:2 4:3 1:2 18:2 13:3,a904000004b7a8c1e0000000000000c2da479c00000000000000000000000000000000000000000000000000000000000000000000000000000000000000008000242c05030e01070102010c020403010212020d03000000000000000000000000000000004613001a232021131602d0070201062500000000000000000000000b00000000000000000000000000000000000000aa820f00004e02000000000000000000000000000000000000000000000000000000000000000000000000000000
1194,張繡,71,45,4:3 16:1 15:3 1:1 17:1 2:2 10:3 11:3 3:2,aa04000004b169c2b80000000000000fdb0200000000000000000000000000000000000000000000000000000000000000000000000000000000000000000080001c70040310010f030101110102020a030b030302000000000000000000000000000000004725001727333f1215011d100403062d00000000000000000000000f00000000000000000000000000000000000000ab1e0f00008002000000000000000000000000000000000000000000000000000000000000000000000000000000
1195,高覽,71,37,5:1 13:2 4:2 3:2 6:1 1:4 16:2 7:1 8:1,ab04000004b0aac4fd00000000000013520c0000000000000000000000000000000000000000000000000000000000000000000000000000000000000000008000085205010d02040203020601010410020701080100000000000000000000000000000000471e002b0f1b32191002b20c0102062500000000000000000000000c00000000000000000000000000000000000000ab7b1600003201000000000000000000000000000000000000000000000000000000000000000000000000000000
1196,夏侯尚,71,101,13:1 17:1 7:1 16:2 5:1 18:1 15:1 2:1 1:1,ac04000006ae4cab4aa97c00000000f4da430000000000000000000000000000000000000000000000000000000000000000000000000000000000000000008000004b0d01110107011002050112010f010201010100000000000000000000000000000000471c002b0f2130191002b80b0102066500000000000000000000000f00000000000000000000000000000000000000ab7b1600003201000000000000000000000000000000000000000000000000000000000000000000000000000000
1197,孫禮,71,108,7:3 15:1 3:3 17:1 10:1 9:3 14:2 4:1 2:2,ad04000004ae5dc2a7000000000000e4da4800000000000000000000000000000000000000000000000000000000000000000000000000000000000000000080001c7007030f01030311010a0109030e0204010202000000000000000000000000000000004725002b0f403e1910021d100102066c00000000000000000000001100000000000000000000000000000000000000ab7b1600003201000000000000000000000000000000000000000000000000000000000000000000000000000000
1198,呂義,71,37,14:1 8:2 5:1 18:1 16:3 4:2 6:1 2:1 3:2,ae04000004a766b871000000000000d5da86000000000000000000000000000000000000000000000000000000000000000000000000000000000000000000800064320e0108020501120110030402060102010302000000000000000000000000000000004715002b0f29241910024d080102062500000000000000000000000e00000000000000000000000000000000000000ab7b1600003201000000000000000000000000000000000000000000000000000000000000000000000000000000
1199,朱然,71,38,6:1 1:3 12:1 7:2 10:1 13:1 9:4 4:2 16:3,af04000004a6b6b54d000000000000f9daf000000000000000000000000000000000000000000000000000000000000000000000000000000000000000000080000852060101030c0107020a010d0109040402100300000000000000000000000000000000471e002b0f0e32191002b20c0102062600000000000000000000000a00000000000000000000000000000000000000ab7b1600003201000000000000000000000000000000000000000000000000000000000000000000000000000000
1200,袁尚,71,37,9:2 7:3 18:1 10:1 16:2 17:1 12:1 2:1 14:4,b004000004b04ba97c00000000000005db4d9c0000000000000000000000000000000000000000000000000000000000000000000000000000000000000000800014820902070312010a01100211010c0102010e04000000000000000000000000000000004729002b0f18451910025c120102062500000000000000000000000f00000000000000000000000000000000000000ab7b1600003201000000000000000000000000000000000000000000000000000000000000000000000000000000
1201,朵思大王,71,45,12:3 2:2 15:1 8:4 10:2 17:2 11:3 16:1 9:1,b104000008a6b7abe4a46aa4fd0000c2da479c00000000000000000000000000000000000000000000000000000000000000000000000000000000000000008000f0230c0302020f0108040a0211020b03100109010000000000000000000000000000000047100026102e1c1c0f02d0070405062d00000000000000000000000e00000000000000000000000000000000000000abba180000ff00000000000000000000000000000000000000000000000000000000000000000000000000000000
1202,公孫康,71,36,8:2 6:1 9:4 17:1 1:1 14:1 16:3 13:2 3:1,b204000006a4bdae5db16400000000c1da519c000000000000000000000000000000000000000000000000000000000000000000000000000000000000000080008467080206010904110101010e0110030d020301000000000000000000000000000000004723002b0f2b3b191002230f0102062400000000000000000000000d00000000000000000000000000000000000000ab7b1600003201000000000000000000000000000000000000000000000000000000000000000000000000000000
1203,公孫度,71,12,15:1 2:3 9:4 18:1 4:2 11:4 12:1 13:2 17:1,b304000006a4bdae5dabd7000000000b52469c0000000000000000000000000000000000000000000000000000000000000000000000000000000000000000800038630f0102030904120104020b040c010d021101000000000000000000000000000000004722002b0f1d39191002a60e0102060c00000000000000000000000800000000000000000000000000000000000000ab7b1600003201000000000000000000000000000000000000000000000000000000000000000000000000000000
1204,牽弘,71,37,18:1 2:2 6:1 12:1 16:2 4:2 14:2 17:1 11:3,b404000004b26fa5b00000000000000bdb549c00000000000000000000000000000000000000000000000000000000000000000000000000000000000000008000b4781201020206010c01100204020e0211010b03000000000000000000000000000000004727002b0f344119100217110102062500000000000000000000000d00000000000000000000000000000000000000ab7b1600003201000000000000000000000000000000000000000000000000000000000000000000000000000000
1205,沈瑩,71,38,4:2 2:3 18:1 15:1 3:1 16:1 13:2 1:1 5:1,b504000004a848bcfc000000000000cada499c00000000000000000000000000000000000000000000000000000000000000000000000000000000000000008000844e0402020312010f01030110010d020101050100000000000000000000000000000000471d002b0f1d31191002350c0102062600000000000000000000000a00000000000000000000000000000000000000ab7b1600003201000000000000000000000000000000000000000000000000000000000000000000000000000000
1206,王忠,71,33,17:1 9:2 6:2 8:1 16:3 5:2 10:1 3:2 4:4,b604000004a4fda9be000000000000fcda4e9c000000000000000000000000000000000000000000000000000000000000000000000000000000000000000080006c391101090206020801100305020a0103020404000000000000000000000000000000004717001a24222714170247090201062100000000000000000000000900000000000000000000000000000000000000abf00f00006002000000000000000000000000000000000000000000000000000000000000000000000000000000
1207,丘建,71,109,11:2 12:4 18:2 16:2 2:2 6:3 8:1 1:2 15:2,b704000004a543abd8000000000000deda5f9c000000000000000000000000000000000000000000000000000000000000000000000000000000000000000080003c8c0b020c041202100202020603080101020f0200000000000000000000000000000000472b001d154048112b01ec130304066d00000000000000000000001100000000000000000000000000000000000000ab75120000af02000000000000000000000000000000000000000000000000000000000000000000000000000000
1208,單經,71,38,15:2 10:2 8:3 17:1 3:3 14:2 11:4 1:1 7:2,b804000004b3e6b867000000000000d2da4f9c0000000000000000000000000000000000000000000000000000000000000000000000000000000000000000800038630f020a020803110103030e020b0401010702000000000000000000000000000000004722002b0f3139191002a60e0102062600000000000000000000000c00000000000000000000000000000000000000ab7b1600003201000000000000000000000000000000000000000000000000000000000000000000000000000000
1209,諸葛緒,71,37,4:4 16:1 3:1 15:1 17:3 2:1 1:3 9:3 11:1,b904000006bdd1b8afbafc00000000d1da4c9c0000000000000000000000000000000000000000000000000000000000000000000000000000000000000000800038630404100103010f0111030201010309030b01000000000000000000000000000000004722001d154439112b01a60e0304062500000000000000000000000a00000000000000000000000000000000000000ab75120000af02000000000000000000000000000000000000000000000000000000000000000000000000000000
1210,韓浩,72,12,16:4 14:1 15:1 7:3 10:1 9:2 6:1 18:1 12:2,ba04000004c1faaf450000000000000fdb500000000000000000000000000000000000000000000000000000000000000000000000000000000000000000008000ec5e10040e010f0107030a010902060112010c02000000000000000000000000000000004821001d154438112b01290e0304060c00000000000000000000000900000000000000000000000000000000000000acf2120000c502000000000000000000000000000000000000000000000000000000000000000000000000000000
1211,龔都,72,1,18:1 17:2 4:1 10:1 2:2 6:1 14:4 9:1 13:2,bb04000004c5c7b3a300000000000006db4d9c00000000000000000000000000000000000000000000000000000000000000000000000000000000000000008000781e1201110204010a01020206010e0409010d0200000000000000000000000000000000480e002b0f1c181a1002d0070102060100000000000000000000000200000000000000000000000000000000000000ac0c1700003801000000000000000000000000000000000000000000000000000000000000000000000000000000
1212,武安國,72,1,8:1 1:4 6:1 9:1 3:3 11:1 18:1 7:3 2:1,bc04000006aa5aa677b0ea00000000f7da509c00000000000000000000000000000000000000000000000000000000000000000000000000000000000000008000d007080101040601090103030b01120107030201000000000000000000000000000000004804002b0f09071a1002d0070102060100000000000000000000000200000000000000000000000000000000000000ac0c1700003801000000000000000000000000000000000000000000000000000000000000000000000000000000
1213,全端,72,38,2:2 1:3 12:1 3:3 6:1 18:1 13:2 9:1 7:2,bd04000004a5febadd000000000000ecda529c00000000000000000000000000000000000000000000000000000000000000000000000000000000000000008000004b020201030c010303060112010d020901070200000000000000000000000000000000481c002b0f1c301a1002b80b0102062600000000000000000000000d00000000000000000000000000000000000000ac0c1700003801000000000000000000000000000000000000000000000000000000000000000000000000000000
1214,龐羲,72,109,16:1 3:1 15:2 17:1 1:3 4:4 12:2 2:1 18:1,be04000004c365bfaa000000000000dbda5a9c00000000000000000000000000000000000000000000000000000000000000000000000000000000000000008000d06b100103010f021101010304040c0202011201000000000000000000000000000000004824001d15483c112b01a00f0304066d00000000000000000000001100000000000000000000000000000000000000acf2120000c502000000000000000000000000000000000000000000000000000000000000000000000000000000
1215,關統,72,39,6:2 2:1 8:1 10:1 4:4 3:3 7:1 15:1 5:1,bf04000004c3f6b2ce000000000000f5da509c0000000000000000000000000000000000000000000000000000000000000000000000000000000000000000800050910602020108010a010404030307010f01050100000000000000000000000000000000482c001a24344a141702ec130201062700000000000000000000000d00000000000000000000000000000000000000ac5e1000007202000000000000000000000000000000000000000000000000000000000000000000000000000000
1216,夏侯德,73,33,13:2 14:3 9:1 16:3 12:1 5:2 10:1 8:2 7:3,c004000006ae4cab4abc770000000006db4400000000000000000000000000000000000000000000000000000000000000000000000000000000000000000080007c470d020e03090110030c0105020a010802070300000000000000000000000000000000491b002c0f262d1a11023b0b0102062100000000000000000000000700000000000000000000000000000000000000ad9d1700003e01000000000000000000000000000000000000000000000000000000000000000000000000000000
1217,潘璋,73,34,8:1 3:2 4:2 9:4 7:1 2:2 6:1 10:1 12:1,c104000004bcefbcfd000000000000c8da7b0000000000000000000000000000000000000000000000000000000000000000000000000000000000000000008000ac2608010302040209040701020206010a010c01000000000000000000000000000000004911002c0f151d1a1102d0070102062200000000000000000000000600000000000000000000000000000000000000ad9d1700003e01000000000000000000000000000000000000000000000000000000000000000000000000000000
1218,陳武,73,46,7:3 12:1 4:1 1:2 9:3 8:2 1:1 3:2 17:2,c204000004b3afaa5a000000000000c6dafe0000000000000000000000000000000000000000000000000000000000000000000000000000000000000000008000ec5e07030c010401010209030802010103021102000000000000000000000000000000004921002c0f2d381a1102290e0102062e00000000000000000000000c00000000000000000000000000000000000000ad9d1700003e01000000000000000000000000000000000000000000000000000000000000000000000000000000
1219,鮑隆,73,1,9:3 5:1 1:4 11:1 7:3 16:2 15:1 18:1 3:1,c304000004c06ab6a9000000000000fbda539c0000000000000000000000000000000000000000000000000000000000000000000000000000000000000000800094110903050101040b01070310020f0112010301000000000000000000000000000000004909002c0f13101a1102d0070102060100000000000000000000000300000000000000000000000000000000000000ad9d1700003e01000000000000000000000000000000000000000000000000000000000000000000000000000000
1220,孫仲,73,5,17:2 2:2 11:2 18:1 8:2 15:1 5:1 7:3 10:1,c404000004ae5da5f2000000000000c8da499c000000000000000000000000000000000000000000000000000000000000000000000000000000000000000080006432110202020b02120108020f01050107030a01000000000000000000000000000000004915002c0f15241a11024d080102060500000000000000000000000800000000000000000000000000000000000000ad9d1700003e01000000000000000000000000000000000000000000000000000000000000000000000000000000
1221,徹里吉,73,4,11:2 7:3 13:1 5:1 1:3 4:1 10:1 8:2 6:1,c504000006b9fda8bda64e00000000c4da479c00000000000000000000000000000000000000000000000000000000000000000000000000000000000000008000f03c0b0207030d010501010304010a0108020601000000000000000000000000000000004918002c0f09291a1102c4090102060400000000000000000000000500000000000000000000000000000000000000ad9d1700003e01000000000000000000000000000000000000000000000000000000000000000000000000000000
1222,雅丹,73,37,11:3 18:1 15:1 1:1 12:1 14:1 5:2 8:2 4:1,c604000004b6aea4a6000000000000145268000000000000000000000000000000000000000000000000000000000000000000000000000000000000000000800094110b0312010f0101010c010e01050208020401000000000000000000000000000000004909002c0f2a0f1a1102d0070102062500000000000000000000000d00000000000000000000000000000000000000ad9d1700003e01000000000000000000000000000000000000000000000000000000000000000000000000000000
1223,傅僉,73,33,5:1 1:4 17:2 6:1 9:1 18:1 10:1 11:4 16:1,c704000004b3c5dcc2000000000000c5daba000000000000000000000000000000000000000000000000000000000000000000000000000000000000000000800008520501010411020601090112010a010b04100100000000000000000000000000000000491e002c0f26321a1102b20c0102062100000000000000000000000900000000000000000000000000000000000000ad9d1700003e01000000000000000000000000000000000000000000000000000000000000000000000000000000
1224,許儀,73,37,9:4 4:2 13:2 12:1 8:1 1:4 2:2 6:1 16:3,c804000004b35cbbf60000000000001352509c00000000000000000000000000000000000000000000000000000000000000000000000000000000000000008000242c090404020d020c0108010104020206011003000000000000000000000000000000004913002c0f1e201a1102d0070102062500000000000000000000000900000000000000000000000000000000000000ad9d1700003e01000000000000000000000000000000000000000000000000000000000000000000000000000000
1225,阿會喃,73,1,8:2 2:3 11:2 5:2 14:3 4:2 12:1 18:1 7:1,c904000006aafcb77cb3e400000000fcda4e9c00000000000000000000000000000000000000000000000000000000000000000000000000000000000000008000dc05080202030b0205020e0304020c0112010701000000000000000000000000000000004903002c0f09061a1102d0070102060100000000000000000000000500000000000000000000000000000000000000ad9d1700003e01000000000000000000000000000000000000000000000000000000000000000000000000000000
1226,杜遠,73,1,7:1 5:2 14:3 13:2 8:1 18:1 1:2 11:3 9:3,ca04000004a7f9bbb7000000000000f9da4e9c00000000000000000000000000000000000000000000000000000000000000000000000000000000000000008000ac26070105020e030d020801120101020b030903000000000000000000000000000000004911002c0f111d1a1102d0070102060100000000000000000000000500000000000000000000000000000000000000ad9d1700003e01000000000000000000000000000000000000000000000000000000000000000000000000000000
1227,牛輔,73,33,11:1 4:3 9:2 1:3 10:1 16:4 2:1 3:1 12:2,cb04000004a4fbbbb20000000000000b52449c00000000000000000000000000000000000000000000000000000000000000000000000000000000000000008000e02e0b010403090201030a011004020103010c02000000000000000000000000000000004914001b251c22141702d0070201062100000000000000000000000800000000000000000000000000000000000000adcc1000008402000000000000000000000000000000000000000000000000000000000000000000000000000000
1228,吳巨,73,36,4:4 13:1 14:2 17:1 3:2 10:1 11:2 7:4 9:1,cc04000004a764a5a80000000000001752439c00000000000000000000000000000000000000000000000000000000000000000000000000000000000000008000085204040d010e02110103020a010b020704090100000000000000000000000000000000491e001b252a32141702b20c0201062400000000000000000000000a00000000000000000000000000000000000000adcc1000008402000000000000000000000000000000000000000000000000000000000000000000000000000000
1229,留贊,73,38,12:2 17:1 4:1 9:1 11:3 13:3 2:1 10:1 5:4,cd04000004af64c3d9000000000000ccda469c00000000000000000000000000000000000000000000000000000000000000000000000000000000000000008000004b0c021101040109010b030d0302010a01050400000000000000000000000000000000491c002c0f352f1a1102b80b0102062600000000000000000000000c00000000000000000000000000000000000000ad9d1700003e01000000000000000000000000000000000000000000000000000000000000000000000000000000
1230,梁緒,73,109,6:4 17:1 11:2 3:1 4:3 18:3 12:3 14:1 15:1,ce04000004b1e7bafc0000000000001552709c00000000000000000000000000000000000000000000000000000000000000000000000000000000000000008000d06b060411010b020301040312030c030e010f01000000000000000000000000000000004924001e15423c112c01a00f0304066d00000000000000000000001100000000000000000000000000000000000000ad6f130000db02000000000000000000000000000000000000000000000000000000000000000000000000000000
1231,楊柏,73,36,10:2 11:3 13:2 18:1 1:2 14:3 16:1 3:3 6:1,cf04000004b7a8ac66000000000000e8da419c0000000000000000000000000000000000000000000000000000000000000000000000000000000000000000800034210a020b030d02120101020e0310010303060100000000000000000000000000000000490f002c0f241a1a1102d0070102062400000000000000000000000800000000000000000000000000000000000000ad9d1700003e01000000000000000000000000000000000000000000000000000000000000000000000000000000
1232,魏邈,73,110,14:1 1:1 6:1 7:3 8:1 13:2 16:4 11:2 10:1,d004000004c351c2e4000000000000d4da4f9c00000000000000000000000000000000000000000000000000000000000000000000000000000000000000008000b4780e0101010601070308010d0210040b020a01000000000000000000000000000000004927001b25344214170217110201066e00000000000000000000000f00000000000000000000000000000000000000adcc1000008402000000000000000000000000000000000000000000000000000000000000000000000000000000
1233,司馬懿,74,255,12:4 7:1 2:1 4:1 9:2 10:2 3:1 11:3 16:2,d104000006a571b0a8c574000000001952304e0000000000000000000000000000000000000000000000000000000000000000000000000000000000000000800064960c0407010201040109020a0203010b031002000000000000000000000000000000004a2d002219564b1619017c150b0606ff00000000000000000000001900000000000000000000000000000000000000aefa140000f001000000000000000000000000000000000000000000000000000000000000000000000000000000
1234,朱雋,74,37,2:1 1:3 16:4 14:2 3:3 13:3 7:2 10:1 18:2,d204000004a6b6b96d000000000000e1da5b9c0000000000000000000000000000000000000000000000000000000000000000000000000000000000000000800028870201010310040e0203030d0307020a011202000000000000000000000000000000004a2a001e164147122c0124130304062500000000000000000000000e00000000000000000000000000000000000000aeec130000f102000000000000000000000000000000000000000000000000000000000000000000000000000000
1235,潘鳳,74,32,6:1 13:1 16:2 1:4 10:1 12:1 11:3 9:4 3:2,d304000004bcefbbf1000000000000d4da4f9c00000000000000000000000000000000000000000000000000000000000000000000000000000000000000008000d00706010d01100201040a010c010b0309040302000000000000000000000000000000004a04002c0f18081a1102d0070102062000000000000000000000000200000000000000000000000000000000000000ae2e1800004401000000000000000000000000000000000000000000000000000000000000000000000000000000
1236,郭淮,74,45,6:1 15:1 10:1 18:1 4:1 11:2 2:3 12:1 17:2,d404000004b3a2b2610000000000000adb320000000000000000000000000000000000000000000000000000000000000000000000000000000000000000008000386306010f010a01120104010b0202030c011102000000000000000000000000000000004a22002c0f3b3a1a1102a60e0102062d00000000000000000000000f00000000000000000000000000000000000000ae2e1800004401000000000000000000000000000000000000000000000000000000000000000000000000000000
1237,趙廣,74,37,13:2 7:1 18:1 3:1 16:1 11:3 5:2 4:2 12:1,d504000004bbafbc73000000000000c4dab60000000000000000000000000000000000000000000000000000000000000000000000000000000000000000008000d06b0d0207011201030110010b03050204020c01000000000000000000000000000000004a24002c0f2c3c1a1102a00f0102062500000000000000000000000d00000000000000000000000000000000000000ae2e1800004401000000000000000000000000000000000000000000000000000000000000000000000000000000
1238,孫桓,74,39,3:2 16:1 7:3 18:1 10:1 5:2 8:1 17:1 2:3,d604000004ae5daed900000000000003dbe80000000000000000000000000000000000000000000000000000000000000000000000000000000000000000008000b47803021001070312010a010502080111010203000000000000000000000000000000004a27002c0f32421a110217110102062700000000000000000000000f00000000000000000000000000000000000000ae2e1800004401000000000000000000000000000000000000000000000000000000000000000000000000000000
1239,李異,74,2,6:1 4:2 17:2 18:1 2:3 3:3 11:4 13:2 7:2,d704000004a7f5b2a700000000000008db549c00000000000000000000000000000000000000000000000000000000000000000000000000000000000000008000a00f0601040211021201020303030b040d020702000000000000000000000000000000004a08002c0f0c0e1a1102d0070102060200000000000000000000000300000000000000000000000000000000000000ae2e1800004401000000000000000000000000000000000000000000000000000000000000000000000000000000
1240,迷當大王,74,4,16:1 2:2 14:4 18:1 3:2 15:1 7:1 5:2 12:1,d804000008b067b7eda46aa4fd000016db719c00000000000000000000000000000000000000000000000000000000000000000000000000000000000000008000781e100102020e04120103020f01070105020c01000000000000000000000000000000004a0e002c0f03181a1102d0070102060400000000000000000000000600000000000000000000000000000000000000ae2e1800004401000000000000000000000000000000000000000000000000000000000000000000000000000000
1241,諸葛尚,74,109,5:1 3:2 11:3 9:1 2:4 16:1 15:4 12:2 17:1,d904000006bdd1b8afa97c00000000eeda5c9c00000000000000000000000000000000000000000000000000000000000000000000000000000000000000008000007d050103020b030901020410010f040c021101000000000000000000000000000000004a280018291f4413150194110403066d00000000000000000000001200000000000000000000000000000000000000ae4a100000bc02000000000000000000000000000000000000000000000000000000000000000000000000000000
1242,王威,74,109,5:4 13:2 7:2 4:1 17:1 11:4 6:1 1:2 10:2,da04000004a4fdabc2000000000000e4da429c00000000000000000000000000000000000000000000000000000000000000000000000000000000000000008000007d05040d020702040111010b04060101020a02000000000000000000000000000000004a28002c0f35441a110294110102066d00000000000000000000001000000000000000000000000000000000000000ae2e1800004401000000000000000000000000000000000000000000000000000000000000000000000000000000
1243,田豫,74,37,17:1 11:3 10:1 1:4 6:1 13:4 8:1 3:3 12:2,db04000004a5d0bfdd000000000000c9da4b9c00000000000000000000000000000000000000000000000000000000000000000000000000000000000000008000386311010b030a01010406010d04080103030c02000000000000000000000000000000004a22002c0f3e3a1a1102a60e0102062500000000000000000000000f00000000000000000000000000000000000000ae2e1800004401000000000000000000000000000000000000000000000000000000000000000000000000000000
1244,周朝,74,36,4:3 9:1 12:2 7:4 3:4 2:1 10:1 1:3 18:2,dc04000004a950b4c20000000000000d524a9c00000000000000000000000000000000000000000000000000000000000000000000000000000000000000008000e835040309010c020704030402010a0101031202000000000000000000000000000000004a16001b251626141802ca080201062400000000000000000000000700000000000000000000000000000000000000ae3a1100009602000000000000000000000000000000000000000000000000000000000000000000000000000000
1245,陸景,74,238,12:2 1:1 3:2 16:1 4:1 10:4 17:2 9:1 2:1,dd04000004b3b0b4ba000000000000f2da669c0000000000000000000000000000000000000000000000000000000000000000000000000000000000000000800050910c0201010302100104010a04110209010201000000000000000000000000000000004a2c0018294b4a131501ec13040306ee00000000000000000000001400000000000000000000000000000000000000ae4a100000bc02000000000000000000000000000000000000000000000000000000000000000000000000000000
1246,費耀,74,237,2:3 9:2 10:1 11:1 18:1 17:3 15:2 3:4 14:1,de04000004b64fc4a3000000000000dada559c00000000000000000000000000000000000000000000000000000000000000000000000000000000000000008000007d020309020a010b01120111030f0203040e01000000000000000000000000000000004a2800182938431315019411040306ed00000000000000000000001300000000000000000000000000000000000000ae4a100000bc02000000000000000000000000000000000000000000000000000000000000000000000000000000
1247,韓遂,75,109,11:1 12:1 15:1 1:4 8:1 5:1 7:3 10:1 13:1,df04000004c1fab9450000000000001652120000000000000000000000000000000000000000000000000000000000000000000000000000000000000000008000b4780b010c010f0101040801050107030a010d01000000000000000000000000000000004b27002d0f33421b110217110102066d00000000000000000000001100000000000000000000000000000000000000afbf1800004a01000000000000000000000000000000000000000000000000000000000000000000000000000000
1248,夏侯惠,75,109,4:2 9:2 12:3 18:4 17:3 14:1 2:1 3:1 10:1,e004000006ae4cab4ab46600000000f3da350000000000000000000000000000000000000000000000000000000000000000000000000000000000000000008000d06b040209020c03120411030e01020103010a01000000000000000000000000000000004b24002219403d161901a00f0106066d00000000000000000000001100000000000000000000000000000000000000af7c150000fe01000000000000000000000000000000000000000000000000000000000000000000000000000000
1249,公孫續,75,37,16:4 18:2 8:1 14:2 12:1 15:1 3:4 6:2 5:3,e104000006a4bdae5dc4f200000000edda529c0000000000000000000000000000000000000000000000000000000000000000000000000000000000000000800084671004120208010e020c010f01030406020503000000000000000000000000000000004b23001b263a3b151802230f0201062500000000000000000000000e00000000000000000000000000000000000000afa8110000a802000000000000000000000000000000000000000000000000000000000000000000000000000000
1250,太史享,75,38,13:1 17:3 10:1 15:2 7:1 12:4 14:1 5:1 4:4,e204000006a4d3a576a8c900000000dfda609c00000000000000000000000000000000000000000000000000000000000000000000000000000000000000008000ec5e0d0111030a010f0207010c040e0105010404000000000000000000000000000000004b21001e163238122d01290e0304062600000000000000000000000c00000000000000000000000000000000000000af691400000703000000000000000000000000000000000000000000000000000000000000000000000000000000
1251,句安,75,37,14:2 11:2 9:1 8:1 13:3 5:1 6:1 12:3 4:2,e304000004a579a677000000000000cbda469c00000000000000000000000000000000000000000000000000000000000000000000000000000000000000008000a05a0e020b02090108010d03050106010c030402000000000000000000000000000000004b20001b263036151802ac0d0201062500000000000000000000000e00000000000000000000000000000000000000afa8110000a802000000000000000000000000000000000000000000000000000000000000000000000000000000
1252,楊奉,75,37,10:1 18:1 15:1 14:2 3:1 16:4 17:1 7:3 5:1,e404000004b7a8a95e000000000000e9da529c0000000000000000000000000000000000000000000000000000000000000000000000000000000000000000800038630a0112010f010e0203011004110107030501000000000000000000000000000000004b22001b26203a151802a60e0201062500000000000000000000000b00000000000000000000000000000000000000afa8110000a802000000000000000000000000000000000000000000000000000000000000000000000000000000
1253,劉勳,75,37,10:1 11:4 17:2 2:3 12:1 18:1 1:4 9:3 15:1,e504000004bc42beb1000000000000d5da4a9c0000000000000000000000000000000000000000000000000000000000000000000000000000000000000000800054560a010b04110202030c011201010409030f01000000000000000000000000000000004b1f00291130341e0f022f0d0105062500000000000000000000000b00000000000000000000000000000000000000af621b00001301000000000000000000000000000000000000000000000000000000000000000000000000000000
1254,鮑信,75,237,2:3 9:2 11:2 4:1 8:2 14:4 13:1 6:1 5:2,e604000004c06aab48000000000000d3da4f9c000000000000000000000000000000000000000000000000000000000000000000000000000000000000000080008ca0020309020b02040108020e040d0106010502000000000000000000000000000000004b2f002911484f1e0f020c17010506ed00000000000000000000001200000000000000000000000000000000000000af621b00001301000000000000000000000000000000000000000000000000000000000000000000000000000000
1255,文聘,76,3,11:3 17:2 3:2 1:4 9:4 4:2 7:3 8:2 13:2,e704000004a4e5b875000000000000c4da140000000000000000000000000000000000000000000000000000000000000000000000000000000000000000008000a05a0b0311020302010409040402070308020d02000000000000000000000000000000004c20002e103b361b1102ac0d0102060300000000000000000000000800000000000000000000000000000000000000b0551900005001000000000000000000000000000000000000000000000000000000000000000000000000000000
1256,樂進,76,37,6:1 12:1 4:2 2:3 1:1 18:1 17:1 13:2 7:3,e804000004bcd6b6690000000000000d522e4e00000000000000000000000000000000000000000000000000000000000000000000000000000000000000008000007d06010c01040202030101120111010d020703000000000000000000000000000000004c28002e102e441b110294110b02062500000000000000000000000e00000000000000000000000000000000000000b0551900005001000000000000000000000000000000000000000000000000000000000000000000000000000000
1257,牛金,76,5,8:2 7:3 1:2 12:1 16:1 6:1 15:1 5:2 14:2,e904000004a4fbaaf7000000000000e5da4a0000000000000000000000000000000000000000000000000000000000000000000000000000000000000000008000e02e0802070301020c01100106010f0105020e02000000000000000000000000000000004c14002e1015221b1102d0070102060500000000000000000000000700000000000000000000000000000000000000b0551900005001000000000000000000000000000000000000000000000000000000000000000000000000000000
1258,吳懿,76,109,5:2 1:3 9:4 11:4 15:1 12:1 13:1 4:2 18:1,ea04000004a764c57400000000000005db7f0000000000000000000000000000000000000000000000000000000000000000000000000000000000000000008000b4780502010309040b040f010c010d0104021201000000000000000000000000000000004c27002e1043421b110217110102066d00000000000000000000001100000000000000000000000000000000000000b0551900005001000000000000000000000000000000000000000000000000000000000000000000000000000000
1259,雷銅,76,33,2:2 18:1 15:1 5:1 3:2 9:4 6:1 10:1 16:3,eb04000004b970bbc9000000000000eada810000000000000000000000000000000000000000000000000000000000000000000000000000000000000000008000e835020212010f0105010302090406010a011003000000000000000000000000000000004c16002e1019261b1102ca080102062100000000000000000000000900000000000000000000000000000000000000b0551900005001000000000000000000000000000000000000000000000000000000000000000000000000000000
1260,全琮,76,102,14:4 9:2 4:2 11:4 15:1 7:3 5:1 17:1 13:2,ec04000004a5feda7a000000000000d4dae900000000000000000000000000000000000000000000000000000000000000000000000000000000000000000080001c700e04090204020b040f010703050111010d02000000000000000000000000000000004c25002e10353f1b11021d100102066600000000000000000000001000000000000000000000000000000000000000b0551900005001000000000000000000000000000000000000000000000000000000000000000000000000000000
1261,樊稠,76,32,17:1 10:1 2:3 16:2 14:1 11:2 5:1 7:3 8:2,ed04000004bcd4b859000000000000c4da519c00000000000000000000000000000000000000000000000000000000000000000000000000000000000000008000ac0d11010a01020310020e010b02050107030802000000000000000000000000000000004c07002e10070d1b1102d0070102062000000000000000000000000300000000000000000000000000000000000000b0551900005001000000000000000000000000000000000000000000000000000000000000000000000000000000
1262,李傕,76,36,17:1 9:2 8:1 13:2 14:3 18:1 6:1 3:3 10:1,ee04000004a7f5d8520000000000001bdb729c00000000000000000000000000000000000000000000000000000000000000000000000000000000000000008000f4011101090208010d020e031201060103030a01000000000000000000000000000000004c01002e1003021b1102d0070102062400000000000000000000000800000000000000000000000000000000000000b0551900005001000000000000000000000000000000000000000000000000000000000000000000000000000000
1263,文欽,76,5,6:1 1:1 8:1 5:2 7:2 3:2 2:1 9:4 15:1,ef04000004a4e5b4dc00000000000005db3400000000000000000000000000000000000000000000000000000000000000000000000000000000000000000080006829060101010801050207020302020109040f01000000000000000000000000000000004c12002e101c1f1b1102d0070102060500000000000000000000000800000000000000000000000000000000000000b0551900005001000000000000000000000000000000000000000000000000000000000000000000000000000000
1264,越吉,76,4,10:1 12:1 7:2 11:4 13:2 8:2 9:3 16:3 6:1,f004000004b656a64e0000000000001a52510000000000000000000000000000000000000000000000000000000000000000000000000000000000000000008000ac0d0a010c0107020b040d020802090310030601000000000000000000000000000000004c07002e10040c1b1102d0070102060400000000000000000000000200000000000000000000000000000000000000b0551900005001000000000000000000000000000000000000000000000000000000000000000000000000000000
1265,張嶷,76,237,14:4 11:3 2:1 10:1 4:1 17:1 3:1 18:1 7:2,f104000004b169ecda000000000000eadaab00000000000000000000000000000000000000000000000000000000000000000000000000000000000000000080003c8c0e040b0302010a0104011101030112010702000000000000000000000000000000004c2b002e104a491b1102ec13010206ed00000000000000000000001200000000000000000000000000000000000000b0551900005001000000000000000000000000000000000000000000000000000000000000000000000000000000
1266,丁奉,76,39,17:1 4:3 2:1 14:2 8:1 10:3 12:2 13:2 15:3,f204000004a442a95e000000000000ebdaf3000000000000000000000000000000000000000000000000000000000000000000000000000000000000000000800038631101040302010e0208010a030c020d020f03000000000000000000000000000000004c2200291141391e1002a60e0105062700000000000000000000000e00000000000000000000000000000000000000b0161c00001801000000000000000000000000000000000000000000000000000000000000000000000000000000
1267,譚雄,76,4,8:1 15:1 5:1 6:1 17:2 3:3 16:2 18:1 7:1,f304000004c3d3b6af000000000000d0da4f9c00000000000000000000000000000000000000000000000000000000000000000000000000000000000000008000d00708010f010501060111020303100212010701000000000000000000000000000000004c04002e1010081b1102d0070102060400000000000000000000000200000000000000000000000000000000000000b0551900005001000000000000000000000000000000000000000000000000000000000000000000000000000000
1268,王渾,76,102,1:2 4:2 12:1 17:1 14:3 2:1 6:1 13:2 7:2,f404000004a4fdb4fd000000000000d7da4a9c00000000000000000000000000000000000000000000000000000000000000000000000000000000000000008000e835010204020c0111010e03020106010d020702000000000000000000000000000000004c16002e1044251b1102ca080102066600000000000000000000001000000000000000000000000000000000000000b0551900005001000000000000000000000000000000000000000000000000000000000000000000000000000000
1269,田楷,76,38,12:1 15:1 6:1 11:3 1:4 18:1 5:2 13:4 10:2,f504000004a5d0b7a200000000000014524e9c000000000000000000000000000000000000000000000000000000000000000000000000000000000000000080001c700c010f0106010b030104120105020d040a02000000000000000000000000000000004c25002e10383e1b11021d100102062600000000000000000000000e00000000000000000000000000000000000000b0551900005001000000000000000000000000000000000000000000000000000000000000000000000000000000
1270,全紀,76,39,15:2 1:1 2:2 6:3 16:2 5:1 11:2 18:4 3:1,f604000004a5feacf6000000000000e0da569c00000000000000000000000000000000000000000000000000000000000000000000000000000000000000008000d06b0f02010102020603100205010b0212040301000000000000000000000000000000004c24001f16313d122e01a00f0304062700000000000000000000000e00000000000000000000000000000000000000b0f01400001d03000000000000000000000000000000000000000000000000000000000000000000000000000000
1271,朱儰,76,237,4:2 10:1 8:1 13:2 1:2 14:4 7:2 11:1 6:1,f704000004a6b6e4e800000000000006db489c000000000000000000000000000000000000000000000000000000000000000000000000000000000000000080003c8c04020a0108010d0201020e0407020b010601000000000000000000000000000000004c2b0029113e481e1002ec13010506ed00000000000000000000001300000000000000000000000000000000000000b0161c00001801000000000000000000000000000000000000000000000000000000000000000000000000000000
1272,呂據,76,110,11:1 15:3 10:2 17:2 1:2 2:4 9:1 4:3 5:1,f804000004a766beda000000000000ddda649c0000000000000000000000000000000000000000000000000000000000000000000000000000000000000000800084670b010f030a02110201020204090104030501000000000000000000000000000000004c2300182a363b131601230f0403066e00000000000000000000001000000000000000000000000000000000000000b017110000e402000000000000000000000000000000000000000000000000000000000000000000000000000000
1273,胡濟,76,237,5:1 13:1 14:2 18:1 9:2 15:1 12:1 10:4 1:2,f904000004ad4ac0d90000000000000ddb589c00000000000000000000000000000000000000000000000000000000000000000000000000000000000000008000007d05010d010e02120109020f010c010a040102000000000000000000000000000000004c2800182a48441316019411040306ed00000000000000000000001300000000000000000000000000000000000000b017110000e402000000000000000000000000000000000000000000000000000000000000000000000000000000
1274,董禧,76,37,2:3 17:1 13:4 7:2 9:1 15:2 18:2 8:1 1:2,fa04000004b8b3c148000000000000c7da499c000000000000000000000000000000000000000000000000000000000000000000000000000000000000000080007440020311010d04070209010f02120208010102000000000000000000000000000000004c19002e10312a1b1102410a0102062500000000000000000000000c00000000000000000000000000000000000000b0551900005001000000000000000000000000000000000000000000000000000000000000000000000000000000
1275,臧霸,77,40,10:1 4:2 18:1 15:1 16:3 17:2 13:2 14:4 9:3,fb04000004bb4ec551000000000000fada0a0000000000000000000000000000000000000000000000000000000000000000000000000000000000000000008000d06b0a01040212010f01100311020d020e040903000000000000000000000000000000004d24002e10173c1b1102a00f0102062800000000000000000000000800000000000000000000000000000000000000b1eb1900005601000000000000000000000000000000000000000000000000000000000000000000000000000000
1276,李典,77,237,15:4 2:4 5:1 10:3 16:1 8:2 18:2 11:3 3:2,fc04000004a7f5a8e500000000000019522f4e0000000000000000000000000000000000000000000000000000000000000000000000000000000000000000800054560f04020405010a031001080212020b030302000000000000000000000000000000004d1f00192b31351416012f0d0e0306ed00000000000000000000001500000000000000000000000000000000000000b180110000f802000000000000000000000000000000000000000000000000000000000000000000000000000000
1277,陸遜,77,255,8:4 15:3 16:1 1:1 18:2 13:1 4:1 5:1 2:4,fd04000004b3b0bbb90000000000001952434e0000000000000000000000000000000000000000000000000000000000000000000000000000000000000000800080bb08040f031001010112020d01040105010204000000000000000000000000000000004d3400192b5b58141601581b020306ff00000000000000000000001800000000000000000000000000000000000000b180110000f802000000000000000000000000000000000000000000000000000000000000000000000000000000
1278,祖茂,77,38,3:2 18:1 6:1 13:2 16:2 11:4 1:2 12:1 8:2,fe04000004afaaad5a0000000000000b52f2000000000000000000000000000000000000000000000000000000000000000000000000000000000000000000800068740302120106010d0210020b0401020c010802000000000000000000000000000000004d26002e102a401b11029a100102062600000000000000000000000f00000000000000000000000000000000000000b1eb1900005601000000000000000000000000000000000000000000000000000000000000000000000000000000
1279,邢道榮,77,32,6:1 10:1 8:1 13:2 1:4 14:1 9:4 16:1 2:3,ff04000006a8b7b944ba6100000000fdda709c00000000000000000000000000000000000000000000000000000000000000000000000000000000000000008000bc1b06010a0108010d0201040e01090410010203000000000000000000000000000000004d0d002e1012171b1102d0070102062000000000000000000000000300000000000000000000000000000000000000b1eb1900005601000000000000000000000000000000000000000000000000000000000000000000000000000000
1280,曹丕,77,229,11:3 18:4 14:1 1:2 7:1 16:1 9:1 13:1 10:2,0005000004b1e4a5410000000000000952224e0000000000000000000000000000000000000000000000000000000000000000000000000000000000000000800014cd0b0312040e0101020701100109010d010a02000000000000000000000000000000004d3700241a535c171a01581b0b0606e500000000000000000000001300000000000000000000000000000000000000b1941600001a02000000000000000000000000000000000000000000000000000000000000000000000000000000
1281,左賢王,77,239,4:3 5:1 8:3 3:2 2:3 6:2 12:2 14:1 10:2,0105000006a5aabde5a4fd000000000cdb589c00000000000000000000000000000000000000000000000000000000000000000000000000000000000000008000a0a50403050108030302020306020c020e010a02000000000000000000000000000000004d3000192b3151141601d417040306ef00000000000000000000001400000000000000000000000000000000000000b180110000f802000000000000000000000000000000000000000000000000000000000000000000000000000000
1282,孫皓,77,37,3:1 10:1 7:1 5:2 2:2 18:1 14:3 17:1 11:4,0205000004ae5db5710000000000000f52609c00000000000000000000000000000000000000000000000000000000000000000000000000000000000000008000007d03010a0107010502020212010e0311010b04000000000000000000000000000000004d28002e1001441b110294110102062500000000000000000000000e00000000000000000000000000000000000000b1eb1900005601000000000000000000000000000000000000000000000000000000000000000000000000000000
1283,朱據,77,238,5:2 10:1 11:4 1:2 16:2 9:4 15:1 13:2 8:2,0305000004a6b6beda0000000000000a52499c00000000000000000000000000000000000000000000000000000000000000000000000000000000000000008000148205020a010b040102100209040f010d020802000000000000000000000000000000004d29002a113a451f10025c12010506ee00000000000000000000001400000000000000000000000000000000000000b1ca1c00001d01000000000000000000000000000000000000000000000000000000000000000000000000000000
1284,岑威,77,37,6:2 1:2 17:1 3:3 10:1 13:3 5:1 16:3 11:2,0405000004a7c2abc20000000000000adb549c00000000000000000000000000000000000000000000000000000000000000000000000000000000000000008000ec5e06020102110103030a010d03050110030b02000000000000000000000000000000004d21001c273638151902290e0201062500000000000000000000000d00000000000000000000000000000000000000b198120000cc02000000000000000000000000000000000000000000000000000000000000000000000000000000
1285,呼廚泉,77,36,15:1 7:3 18:2 12:3 14:2 16:4 3:1 10:1 2:1,0505000006a949bc70ac75000000001cdb729c000000000000000000000000000000000000000000000000000000000000000000000000000000000000000080001c700f01070312020c030e02100403010a010201000000000000000000000000000000004d25001c27143f1519021d100201062400000000000000000000000700000000000000000000000000000000000000b198120000cc02000000000000000000000000000000000000000000000000000000000000000000000000000000
1286,張特,77,239,1:3 7:3 8:1 14:4 5:2 17:2 11:4 6:1 10:1,0605000004b169af5300000000000002db489c00000000000000000000000000000000000000000000000000000000000000000000000000000000000000008000007d0103070308010e04050211020b0406010a01000000000000000000000000000000004d28002a1147441f10029411010506ef00000000000000000000001400000000000000000000000000000000000000b1ca1c00001d01000000000000000000000000000000000000000000000000000000000000000000000000000000
1287,張楊,77,109,13:1 6:3 3:4 7:1 5:1 4:1 10:4 14:2 8:2,0705000004b169b7a8000000000000f9da4e9c000000000000000000000000000000000000000000000000000000000000000000000000000000000000000080001c700d01060303040701050104010a040e020802000000000000000000000000000000004d25001c27363e1519021d100401066d00000000000000000000001100000000000000000000000000000000000000b198120000cc02000000000000000000000000000000000000000000000000000000000000000000000000000000
1288,楊欣,77,109,4:1 15:1 5:2 3:3 6:1 14:3 12:1 9:4 13:2,0805000004b7a8aa590000000000001752549c000000000000000000000000000000000000000000000000000000000000000000000000000000000000000080001c7004010f010502030306010e030c0109040d02000000000000000000000000000000004d25002a11383f1f10021d100105066d00000000000000000000001000000000000000000000000000000000000000b1ca1c00001d01000000000000000000000000000000000000000000000000000000000000000000000000000000
1289,于禁,78,101,10:1 16:1 11:1 7:2 6:1 15:1 8:2 17:2 3:1,0905000004a45fb85400000000000009522b4e00000000000000000000000000000000000000000000000000000000000000000000000000000000000000008000007d0a0110010b01070206010f01080211020301000000000000000000000000000000004e28002f1022441c120294110b02066500000000000000000000001100000000000000000000000000000000000000b2811a00005c01000000000000000000000000000000000000000000000000000000000000000000000000000000
1290,曹休,78,37,18:1 13:2 12:1 8:2 6:1 16:1 3:2 11:4 15:1,0a05000004b1e4a5f000000000000004db380000000000000000000000000000000000000000000000000000000000000000000000000000000000000000008000d06b12010d020c0108020601100103020b040f01000000000000000000000000000000004e24002f10313c1c1202a00f0102062500000000000000000000000f00000000000000000000000000000000000000b2811a00005c01000000000000000000000000000000000000000000000000000000000000000000000000000000
1291,鄒靖,78,101,16:2 7:2 15:4 8:4 12:2 3:1 10:3 11:3 9:1,0b05000004b951b974000000000000ccda469c00000000000000000000000000000000000000000000000000000000000000000000000000000000000000008000007d100207020f0408040c0203010a030b030901000000000000000000000000000000004e28001c272f4415190294110401066500000000000000000000001100000000000000000000000000000000000000b210130000de02000000000000000000000000000000000000000000000000000000000000000000000000000000
1292,孟優,78,4,9:3 2:3 1:3 8:2 12:1 15:1 5:1 14:4 6:1,0c05000004a973c07500000000000016db9a0000000000000000000000000000000000000000000000000000000000000000000000000000000000000000008000545609030203010308020c010f0105010e040601000000000000000000000000000000004e1f002f1009351c12022f0d0102060400000000000000000000000400000000000000000000000000000000000000b2811a00005c01000000000000000000000000000000000000000000000000000000000000000000000000000000
1293,羊祜,78,239,4:3 15:2 14:1 11:3 12:3 10:1 7:2 13:1 1:1,0d05000004a6cfd2e9000000000000f8da4e9c00000000000000000000000000000000000000000000000000000000000000000000000000000000000000008000a0a504030f020e010b030c030a0107020d010101000000000000000000000000000000004e3000192b4d51141701d417040306ef00000000000000000000001400000000000000000000000000000000000000b2e91100000c03000000000000000000000000000000000000000000000000000000000000000000000000000000
1294,胡烈,78,37,9:4 8:2 6:1 1:1 3:3 15:1 12:1 13:1 14:1,0e05000004ad4aaf50000000000000ffda709c00000000000000000000000000000000000000000000000000000000000000000000000000000000000000008000ec5e090408020601010103030f010c010d010e01000000000000000000000000000000004e21002f1027381c1202290e0102062500000000000000000000000b00000000000000000000000000000000000000b2811a00005c01000000000000000000000000000000000000000000000000000000000000000000000000000000
1295,公孫淵,78,45,5:2 13:2 18:1 6:1 14:1 10:1 1:3 17:2 3:1,0f05000006a4bdae5db2570000000010db679c00000000000000000000000000000000000000000000000000000000000000000000000000000000000000008000007d05020d02120106010e010a01010311020301000000000000000000000000000000004e28002f100a431c120294110102062d00000000000000000000000e00000000000000000000000000000000000000b2811a00005c01000000000000000000000000000000000000000000000000000000000000000000000000000000
1296,張承,78,39,3:1 11:1 18:2 7:1 16:1 9:1 14:3 5:4 2:1,1005000004b169a9d3000000000000f4da509c00000000000000000000000000000000000000000000000000000000000000000000000000000000000000008000545603010b0112020701100109010e0305040201000000000000000000000000000000004e1f002f1030351c12022f0d0102062700000000000000000000000c00000000000000000000000000000000000000b2811a00005c01000000000000000000000000000000000000000000000000000000000000000000000000000000
1297,眭固,78,37,3:1 9:2 4:4 1:3 17:1 16:3 8:1 7:2 6:2,1105000004d6aaa95400000000000005db4d9c00000000000000000000000000000000000000000000000000000000000000000000000000000000000000008000e02e030109020404010311011003080107020602000000000000000000000000000000004e14001c271522151902d0070201062500000000000000000000000b00000000000000000000000000000000000000b210130000de02000000000000000000000000000000000000000000000000000000000000000000000000000000
1298,薜則,78,38,9:1 11:4 7:2 8:3 13:2 5:4 12:1 10:1 15:2,1205000004c1a3ab68000000000000ceda469c00000000000000000000000000000000000000000000000000000000000000000000000000000000000000008000f84309010b04070208030d0205040c010a010f02000000000000000000000000000000004e1a002f10262c1c1202be0a0102062600000000000000000000000b00000000000000000000000000000000000000b2811a00005c01000000000000000000000000000000000000000000000000000000000000000000000000000000
1299,吳蘭,79,5,14:4 7:3 11:3 18:1 3:1 1:1 17:1 9:1 12:1,1305000004a764c4f5000000000000f5da83000000000000000000000000000000000000000000000000000000000000000000000000000000000000000000800064320e0407030b03120103010101110109010c01000000000000000000000000000000004f15002f1028241c12024d080102060500000000000000000000000800000000000000000000000000000000000000b3171b00006201000000000000000000000000000000000000000000000000000000000000000000000000000000
1300,凌操,79,34,5:1 10:1 13:2 15:1 12:1 16:3 2:2 14:4 8:1,1405000004ade2bede000000000000cfdaf60000000000000000000000000000000000000000000000000000000000000000000000000000000000000000008000f03c05010a010d020f010c01100302020e040801000000000000000000000000000000004f18002f1025281c1202c4090102062200000000000000000000000900000000000000000000000000000000000000b3171b00006201000000000000000000000000000000000000000000000000000000000000000000000000000000
1301,杜預,79,103,12:3 16:1 14:2 8:1 5:1 2:3 10:4 13:1 3:1,1505000004a7f9b977000000000000e5da7a0000000000000000000000000000000000000000000000000000000000000000000000000000000000000000008000b4780c0310010e020801050102030a040d010301000000000000000000000000000000004f27002b1245411f100217110105066700000000000000000000001300000000000000000000000000000000000000b3321e00002701000000000000000000000000000000000000000000000000000000000000000000000000000000
1302,陳式,79,36,10:1 2:2 8:1 1:4 7:3 16:1 15:1 9:2 3:1,1605000004b3afa6a1000000000000c1daa4000000000000000000000000000000000000000000000000000000000000000000000000000000000000000000800000190a01020208010104070310010f0109020301000000000000000000000000000000004f0c002f1031141c1202d0070102062400000000000000000000000e00000000000000000000000000000000000000b3171b00006201000000000000000000000000000000000000000000000000000000000000000000000000000000
1303,孫韶,79,39,5:2 1:3 8:2 4:1 15:1 12:1 2:3 13:1 6:1,1705000004ae5dbbe0000000000000c3da519c00000000000000000000000000000000000000000000000000000000000000000000000000000000000000008000b47805020103080204010f010c0102030d010601000000000000000000000000000000004f27002f103e421c120217110102062700000000000000000000000f00000000000000000000000000000000000000b3171b00006201000000000000000000000000000000000000000000000000000000000000000000000000000000
1304,王子服,79,101,8:2 16:3 12:1 1:1 10:1 17:2 11:3 15:1 6:1,1805000006a4fda46caa4100000000cada4b9c00000000000000000000000000000000000000000000000000000000000000000000000000000000000000008000789b080210030c0101010a0111020b030f010601000000000000000000000000000000004f2e002f103d4e1c120244160102066500000000000000000000001100000000000000000000000000000000000000b3171b00006201000000000000000000000000000000000000000000000000000000000000000000000000000000
1305,公孫範,79,45,14:2 9:2 7:2 16:4 17:1 5:2 3:3 2:1 10:1,1905000006a4bdae5dbd64000000000952479c00000000000000000000000000000000000000000000000000000000000000000000000000000000000000008000d06b0e0209020702100411010502030302010a01000000000000000000000000000000004f24001d28333c161902a00f0201062d00000000000000000000000f00000000000000000000000000000000000000b388130000f002000000000000000000000000000000000000000000000000000000000000000000000000000000
1306,成濟,79,128,18:2 16:1 14:2 11:3 1:4 13:2 7:2 10:2 9:1,1a05000004a6a8c0d9000000000000d9da4a9c000000000000000000000000000000000000000000000000000000000000000000000000000000000000000080008813120210010e020b0301040d0207020a020901000000000000000000000000000000004f0a002f1011111c1202d0070102068000000000000000000000000500000000000000000000000000000000000000b3171b00006201000000000000000000000000000000000000000000000000000000000000000000000000000000
1307,李歆,79,37,9:2 2:1 12:2 7:4 3:2 4:4 17:1 1:2 13:3,1b05000004a7f5ddf500000000000018db719c000000000000000000000000000000000000000000000000000000000000000000000000000000000000000080001c70090202010c02070403020404110101020d03000000000000000000000000000000004f25001d282c3e1619021d100201062500000000000000000000000d00000000000000000000000000000000000000b388130000f002000000000000000000000000000000000000000000000000000000000000000000000000000000
1308,張南,79,37,15:1 2:1 1:3 4:4 18:1 12:3 7:4 17:1 10:1,1c05000004b169ab6e00000000000007db439c000000000000000000000000000000000000000000000000000000000000000000000000000000000000000080001c700f0102010103040412010c03070411010a01000000000000000000000000000000004f25001d282a3e1619021d100201062500000000000000000000000a00000000000000000000000000000000000000b388130000f002000000000000000000000000000000000000000000000000000000000000000000000000000000
1309,劉丞,79,38,9:1 3:4 15:1 7:2 5:2 12:3 16:4 8:1 4:4,1d05000004bc42a5e0000000000000e6da429c000000000000000000000000000000000000000000000000000000000000000000000000000000000000000080003863090103040f01070205020c03100408010404000000000000000000000000000000004f22001d282f3a161902a60e0201062600000000000000000000000d00000000000000000000000000000000000000b388130000f002000000000000000000000000000000000000000000000000000000000000000000000000000000
1310,劉劭,79,39,9:2 17:3 12:2 15:2 16:2 5:2 14:1 13:1 11:3,1e05000004bc42ca6f0000000000000ddb5d9c000000000000000000000000000000000000000000000000000000000000000000000000000000000000000080008467090211030c020f02100205020e010d010b03000000000000000000000000000000004f230020173c3b132f01230f0304062700000000000000000000000e00000000000000000000000000000000000000b3851600005f03000000000000000000000000000000000000000000000000000000000000000000000000000000
1311,劉豹,79,37,3:1 15:2 4:2 14:1 6:1 10:2 2:2 18:4 16:1,1f05000004bc42b05c00000000000015db5e9c00000000000000000000000000000000000000000000000000000000000000000000000000000000000000008000545603010f0204020e0106010a02020212041001000000000000000000000000000000004f1f0020173634132f012f0d0304062500000000000000000000000b00000000000000000000000000000000000000b3851600005f03000000000000000000000000000000000000000000000000000000000000000000000000000000
1312,戴陵,79,37,12:2 1:4 16:1 15:1 14:3 17:1 18:1 4:1 2:2,2005000004c0b9b3ae00000000000008db439c00000000000000000000000000000000000000000000000000000000000000000000000000000000000000008000004b0c02010410010f010e031101120104010202000000000000000000000000000000004f1c002f1020301c1202b80b0102062500000000000000000000000b00000000000000000000000000000000000000b3171b00006201000000000000000000000000000000000000000000000000000000000000000000000000000000
1313,徐盛,80,111,7:2 8:3 4:3 11:3 13:1 6:2 9:1 14:1 2:1,2105000004ae7db2b1000000000000ecdae7000000000000000000000000000000000000000000000000000000000000000000000000000000000000000000800014820702080304030b030d01060209010e01020100000000000000000000000000000000502900301042451c12025c120402066f00000000000000000000001400000000000000000000000000000000000000b4ad1b00006801000000000000000000000000000000000000000000000000000000000000000000000000000000
1314,韓忠,80,37,10:1 4:2 16:3 8:2 1:4 12:1 7:2 9:1 6:1,2205000004c1faa9be000000000000d2da4c9c0000000000000000000000000000000000000000000000000000000000000000000000000000000000000000800068290a0104021003080201040c010702090106010000000000000000000000000000000050120030100e1f1c1202d0070102062500000000000000000000000b00000000000000000000000000000000000000b4ad1b00006801000000000000000000000000000000000000000000000000000000000000000000000000000000
1315,劉辟,80,32,3:3 11:1 5:2 6:1 1:4 8:2 4:1 15:1 14:4,2305000004bc42b940000000000000feda709c00000000000000000000000000000000000000000000000000000000000000000000000000000000000000008000342103030b01050206010104080204010f010e0400000000000000000000000000000000500f00301015191c1202d0070102062000000000000000000000000300000000000000000000000000000000000000b4ad1b00006801000000000000000000000000000000000000000000000000000000000000000000000000000000
1316,金環三結,80,4,17:1 1:4 16:2 10:1 14:4 5:2 2:2 11:1 7:3,2405000008aaf7c0f4a454b5b200001adb719c00000000000000000000000000000000000000000000000000000000000000000000000000000000000000008000dc051101010410020a010e04050202020b0107030000000000000000000000000000000050030030100b061c1202d0070102060400000000000000000000000200000000000000000000000000000000000000b4ad1b00006801000000000000000000000000000000000000000000000000000000000000000000000000000000
1317,師纂,80,33,15:1 10:1 4:1 7:2 13:2 12:1 11:4 8:1 3:1,2505000004ae76c4a1000000000000d6da4a9c0000000000000000000000000000000000000000000000000000000000000000000000000000000000000000800054560f010a01040107020d020c010b040801030100000000000000000000000000000000501f0030102d351c12022f0d0102062100000000000000000000000800000000000000000000000000000000000000b4ad1b00006801000000000000000000000000000000000000000000000000000000000000000000000000000000
1318,王真,80,33,14:1 16:3 12:1 3:1 11:1 10:1 1:2 9:4 15:1,2605000004a4fdaf75000000000000c7da4b9c00000000000000000000000000000000000000000000000000000000000000000000000000000000000000008000e8350e0110030c0103010b010a01010209040f0100000000000000000000000000000000501600301025261c1202ca080102062100000000000000000000000800000000000000000000000000000000000000b4ad1b00006801000000000000000000000000000000000000000000000000000000000000000000000000000000
1319,裴秀,80,109,17:1 6:1 13:2 15:1 2:1 3:2 12:1 11:1 14:2,2705000004bb70a871000000000000cdda449c00000000000000000000000000000000000000000000000000000000000000000000000000000000000000008000007d110106010d020f01020103020c010b010e0200000000000000000000000000000000502800301042441c120294110102066d00000000000000000000001100000000000000000000000000000000000000b4ad1b00006801000000000000000000000000000000000000000000000000000000000000000000000000000000
1320,徐質,80,32,6:1 14:3 2:1 13:2 4:2 18:1 15:1 8:2 3:3,2805000004ae7dbde80000000000001052429c00000000000000000000000000000000000000000000000000000000000000000000000000000000000000008000004b06010e0302010d02040212010f010802030300000000000000000000000000000000501c00301029301c1202b80b0102062000000000000000000000000600000000000000000000000000000000000000b4ad1b00006801000000000000000000000000000000000000000000000000000000000000000000000000000000
1321,丘力居,80,37,6:1 2:2 1:4 16:1 5:2 18:2 3:3 17:1 8:2,2905000006a543a44fa97e000000001152459c00000000000000000000000000000000000000000000000000000000000000000000000000000000000000008000085206010202010410010502120203031101080200000000000000000000000000000000501e0030102b331c1202b20c0102062500000000000000000000000c00000000000000000000000000000000000000b4ad1b00006801000000000000000000000000000000000000000000000000000000000000000000000000000000
1322,石苞,80,38,16:1 14:3 15:2 17:1 1:4 2:2 5:3 18:1 13:3,2a05000004a5dbad63000000000000d1da4f9c00000000000000000000000000000000000000000000000000000000000000000000000000000000000000008000846710010e030f02110101040202050312010d03000000000000000000000000000000005023003010303b1c1202230f0102062600000000000000000000000f00000000000000000000000000000000000000b4ad1b00006801000000000000000000000000000000000000000000000000000000000000000000000000000000
1323,曹遵,80,37,10:1 5:3 18:2 7:2 13:3 2:3 15:2 12:2 4:1,2b05000004b1e4bfed0000000000001edb729c00000000000000000000000000000000000000000000000000000000000000000000000000000000000000008000844e0a010503120207020d0302030f020c02040100000000000000000000000000000000501d00301027311c1202350c0102062500000000000000000000000b00000000000000000000000000000000000000b4ad1b00006801000000000000000000000000000000000000000000000000000000000000000000000000000000
1324,陳蘭,80,36,8:3 1:3 3:3 14:3 5:4 18:2 16:1 7:2 13:1,2c05000004b3afc4f50000000000000e525f9c00000000000000000000000000000000000000000000000000000000000000000000000000000000000000008000e8350803010303030e0305041202100107020d0100000000000000000000000000000000501600301020261c1202ca080102062400000000000000000000000900000000000000000000000000000000000000b4ad1b00006801000000000000000000000000000000000000000000000000000000000000000000000000000000
1325,賀齊,80,110,7:1 18:2 5:3 8:1 14:2 4:1 12:1 16:1 1:4,2d05000004b650bbf400000000000003db489c000000000000000000000000000000000000000000000000000000000000000000000000000000000000000080001c7007011202050308010e0204010c01100101040000000000000000000000000000000050250030103c3e1c12021d100102066e00000000000000000000001100000000000000000000000000000000000000b4ad1b00006801000000000000000000000000000000000000000000000000000000000000000000000000000000
1326,邊章,80,109,14:2 12:2 10:1 5:3 9:2 4:3 6:1 8:1 3:4,2e05000004c3e4b3b9000000000000c8da499c00000000000000000000000000000000000000000000000000000000000000000000000000000000000000008000d06b0e020c020a01050309020403060108010304000000000000000000000000000000005024001d282f3c161a02a00f0201066d00000000000000000000000f00000000000000000000000000000000000000b4001400000203000000000000000000000000000000000000000000000000000000000000000000000000000000
1327,孫權,81,239,2:3 17:4 8:2 4:1 7:1 1:2 3:4 15:2 5:1,2f05000004ae5dc5760000000000002752384e0000000000000000000000000000000000000000000000000000000000000000000000000000000000000000800014cd02031104080204010701010203040f020501000000000000000000000000000000005137002c124e5d201102581b0b0506ef00000000000000000000001500000000000000000000000000000000000000b5a41f00003201000000000000000000000000000000000000000000000000000000000000000000000000000000
1328,張任,81,47,11:2 9:4 5:2 4:1 10:1 13:2 7:1 17:1 3:1,3005000004b169a5f400000000000004db4d9c0000000000000000000000000000000000000000000000000000000000000000000000000000000000000000800068740b020904050204010a010d0207011101030100000000000000000000000000000000512600311130401d12029a100102062f00000000000000000000001000000000000000000000000000000000000000b54d1c00006f01000000000000000000000000000000000000000000000000000000000000000000000000000000
1329,高順,81,44,16:2 9:2 2:3 14:1 1:3 6:1 8:2 4:2 13:2,3105000004b0aab6b6000000000000fada4e9c0000000000000000000000000000000000000000000000000000000000000000000000000000000000000000800084671002090202030e0101030601080204020d02000000000000000000000000000000005123003111213b1d1202230f0102062c00000000000000000000000e00000000000000000000000000000000000000b54d1c00006f01000000000000000000000000000000000000000000000000000000000000000000000000000000
1330,董衡,81,37,18:1 3:2 16:2 5:2 9:1 7:3 10:1 1:4 8:1,3205000004b8b3bfc50000000000000a524b9c0000000000000000000000000000000000000000000000000000000000000000000000000000000000000000800028871201030210020502090107030a010104080100000000000000000000000000000000512a00311124461d120224130102062500000000000000000000000b00000000000000000000000000000000000000b54d1c00006f01000000000000000000000000000000000000000000000000000000000000000000000000000000
1331,孫冀,81,37,15:1 14:1 4:2 1:2 5:1 9:2 12:1 6:1 7:3,3305000004ae5dbeac000000000000ccda449c0000000000000000000000000000000000000000000000000000000000000000000000000000000000000000800054560f010e0104020102050109020c010601070300000000000000000000000000000000511f0031111c341d12022f0d0102062500000000000000000000000d00000000000000000000000000000000000000b54d1c00006f01000000000000000000000000000000000000000000000000000000000000000000000000000000
1332,李鵬,81,37,8:2 14:1 12:1 10:1 13:1 4:1 5:2 16:2 1:1,3405000004a7f5c450000000000000c6da4b9c00000000000000000000000000000000000000000000000000000000000000000000000000000000000000008000744008020e010c010a010d010401050210020101000000000000000000000000000000005119003111282b1d1202410a0102062500000000000000000000000a00000000000000000000000000000000000000b54d1c00006f01000000000000000000000000000000000000000000000000000000000000000000000000000000
1333,周旬,81,37,3:3 14:1 13:2 9:3 18:1 16:2 2:2 1:2 8:2,3505000004a950a6af000000000000c8da4b9c00000000000000000000000000000000000000000000000000000000000000000000000000000000000000008000f02303030e010d020903120110020202010208020000000000000000000000000000000051100031111c1b1d1202d0070102062500000000000000000000000b00000000000000000000000000000000000000b54d1c00006f01000000000000000000000000000000000000000000000000000000000000000000000000000000
1334,丁封,81,39,15:1 14:3 17:1 4:1 16:1 5:2 11:4 8:3 10:2,3605000004a442abca00000000000004db4d9c00000000000000000000000000000000000000000000000000000000000000000000000000000000000000008000ec5e0f010e0311010401100105020b0408030a020000000000000000000000000000000051210031112b381d1202290e0102062700000000000000000000000e00000000000000000000000000000000000000b54d1c00006f01000000000000000000000000000000000000000000000000000000000000000000000000000000
1335,王惇,81,38,16:1 12:2 11:3 5:3 14:2 13:3 8:2 4:1 10:1,3705000004a4fdb1ac000000000000fada539c000000000000000000000000000000000000000000000000000000000000000000000000000000000000000080003c8c10010c020b0305030e020d03080204010a0100000000000000000000000000000000512b00311130481d1202ec130102062600000000000000000000000c00000000000000000000000000000000000000b54d1c00006f01000000000000000000000000000000000000000000000000000000000000000000000000000000
1336,朱褒,81,128,12:3 6:2 18:2 16:2 3:3 15:1 11:2 10:1 1:3,3805000004a6b6bdc700000000000009db549c000000000000000000000000000000000000000000000000000000000000000000000000000000000000000080007c470c0306021202100203030f010b020a01010300000000000000000000000000000000511b001e29142d161a02be0a0201068000000000000000000000000600000000000000000000000000000000000000b57d1400001803000000000000000000000000000000000000000000000000000000000000000000000000000000
1337,宋揚,81,37,8:3 6:1 13:3 10:1 7:2 1:3 15:1 11:2 17:1,3905000004a7bab4ad000000000000cada4b9c000000000000000000000000000000000000000000000000000000000000000000000000000000000000000080006c39080306010d030a01070201030f010b02110100000000000000000000000000000000511700311120271d120247090102062500000000000000000000000c00000000000000000000000000000000000000b54d1c00006f01000000000000000000000000000000000000000000000000000000000000000000000000000000
1338,於夫羅,81,4,1:2 6:1 10:2 2:3 16:1 17:1 9:1 4:1 11:4,3a05000006a9f3a4d2c3b90000000019db719c00000000000000000000000000000000000000000000000000000000000000000000000000000000000000008000d06b010206010a02020310011101090104010b04000000000000000000000000000000005124003111223c1d1202a00f0102060400000000000000000000000600000000000000000000000000000000000000b54d1c00006f01000000000000000000000000000000000000000000000000000000000000000000000000000000
1339,施朔,81,39,15:2 2:2 5:4 7:1 11:3 18:1 17:1 14:3 13:2,3b05000004ac49aed2000000000000fcda539c0000000000000000000000000000000000000000000000000000000000000000000000000000000000000000800008520f020202050407010b03120111010e030d0200000000000000000000000000000000511e00311126331d1202b20c0102062700000000000000000000000d00000000000000000000000000000000000000b54d1c00006f01000000000000000000000000000000000000000000000000000000000000000000000000000000
1340,胡姬,81,238,1:2 4:2 2:1 17:3 14:1 18:4 13:1 11:2 12:4,3c05000004ad4aae5600000000000023db7a9c0000000000000000000000000000000000000000000000000000000000000000000000000000000000000000800060ea01020402020111030e0112040d010b020c0400000000000000000000000000000000513c0021185064133101581b030406ee00000000000000000000001200000000000000000000000000000000000000b5981700009003000000000000000000000000000000000000000000000000000000000000000000000000000000
1341,唐彬,81,109,5:4 16:1 11:2 10:2 12:2 2:3 1:4 15:1 6:1,3d05000004adf0b16c000000000000c4da519c00000000000000000000000000000000000000000000000000000000000000000000000000000000000000008000d06b050410010b020a020c02020301040f010601000000000000000000000000000000005124003111353c1d1202a00f0102066d00000000000000000000001000000000000000000000000000000000000000b54d1c00006f01000000000000000000000000000000000000000000000000000000000000000000000000000000
1342,留平,81,238,3:2 10:4 17:2 13:2 8:1 12:3 16:1 18:1 5:1,3e05000004af64a5ad000000000000e0da5b9c000000000000000000000000000000000000000000000000000000000000000000000000000000000000000080001c7003020a0411020d0208010c03100112010501000000000000000000000000000000005125001a2d393e1417011d10040306ee00000000000000000000001300000000000000000000000000000000000000b5291300004d03000000000000000000000000000000000000000000000000000000000000000000000000000000
1343,張遵,81,39,10:1 18:1 11:2 8:1 3:4 17:1 12:2 7:3 2:1,3f05000004b169bfed000000000000e5da429c00000000000000000000000000000000000000000000000000000000000000000000000000000000000000008000b4780a0112010b020801030411010c0207030201000000000000000000000000000000005127001e293042161a0217110201062700000000000000000000000e00000000000000000000000000000000000000b57d1400001803000000000000000000000000000000000000000000000000000000000000000000000000000000
1344,陳應,81,37,5:3 12:2 17:1 8:1 6:2 4:4 2:1 1:2 18:2,4005000004b3afc0b30000000000001adb719c00000000000000000000000000000000000000000000000000000000000000000000000000000000000000008000781e05030c02110108010602040402010102120200000000000000000000000000000000510e001e292018161a02d0070201062500000000000000000000000b00000000000000000000000000000000000000b57d1400001803000000000000000000000000000000000000000000000000000000000000000000000000000000
1345,楊昂,81,38,7:1 18:1 2:3 11:4 3:1 16:1 5:4 13:4 1:4,4105000004b7a8a9f900000000000006db4d9c0000000000000000000000000000000000000000000000000000000000000000000000000000000000000000800074400701120102030b040301100105040d040104000000000000000000000000000000005119003111242a1d1202410a0102062600000000000000000000000a00000000000000000000000000000000000000b54d1c00006f01000000000000000000000000000000000000000000000000000000000000000000000000000000
1346,賈華,81,38,5:3 2:1 13:2 16:1 14:3 6:1 7:2 18:2 11:4,4205000004b8ebb5d80000000000000a524b9c00000000000000000000000000000000000000000000000000000000000000000000000000000000000000008000a05a050302010d0210010e030601070212020b040000000000000000000000000000000051200031112e361d1202ac0d0102062600000000000000000000000a00000000000000000000000000000000000000b54d1c00006f01000000000000000000000000000000000000000000000000000000000000000000000000000000
1347,橋蕤,81,36,1:4 17:1 14:3 6:1 9:1 18:2 12:2 10:2 3:2,4305000004bef4eb42000000000000e7da429c00000000000000000000000000000000000000000000000000000000000000000000000000000000000000008000e835010411010e030601090112020c020a02030200000000000000000000000000000000511600311124261d1202ca080102062400000000000000000000000900000000000000000000000000000000000000b54d1c00006f01000000000000000000000000000000000000000000000000000000000000000000000000000000
1348,麴義,81,109,11:3 17:1 4:1 6:1 5:3 13:4 16:1 9:1 15:2,4405000004c454b871000000000000d2da4c9c00000000000000000000000000000000000000000000000000000000000000000000000000000000000000008000f03c0b0311010401060105030d04100109010f0200000000000000000000000000000000511800311123281d1202c4090102066d00000000000000000000001000000000000000000000000000000000000000b54d1c00006f01000000000000000000000000000000000000000000000000000000000000000000000000000000
1349,孫翊,82,37,3:3 11:4 9:4 18:1 5:1 17:1 4:1 15:1 14:4,4505000004ae5dd6f60000000000000c524c9c00000000000000000000000000000000000000000000000000000000000000000000000000000000000000008000846703030b04090412010501110104010f010e04000000000000000000000000000000005223003111173b1d1302230f0102062500000000000000000000000e00000000000000000000000000000000000000b6ed1c00007601000000000000000000000000000000000000000000000000000000000000000000000000000000
1350,趙弘,82,37,10:1 4:2 2:3 16:3 15:1 12:1 11:3 8:1 5:1,4605000004bbafa5b0000000000000e4da419c00000000000000000000000000000000000000000000000000000000000000000000000000000000000000008000ac260a010402020310030f010c010b0308010501000000000000000000000000000000005211003111101d1d1302d0070102062500000000000000000000000b00000000000000000000000000000000000000b6ed1c00007601000000000000000000000000000000000000000000000000000000000000000000000000000000
1351,關平,82,109,15:1 4:1 9:1 8:2 10:1 13:1 1:1 5:2 3:1,4705000004c3f6a5ad0000000000000952514e000000000000000000000000000000000000000000000000000000000000000000000000000000000000000080001c700f010401090108020a010d010101050203010000000000000000000000000000000052250031112e3e1d13021d100b02066d00000000000000000000001000000000000000000000000000000000000000b6ed1c00007601000000000000000000000000000000000000000000000000000000000000000000000000000000
1352,凌統,82,38,13:1 14:2 9:3 8:1 1:4 2:2 16:3 11:1 7:2,4805000004ade2b2ce000000000000d4daee000000000000000000000000000000000000000000000000000000000000000000000000000000000000000000800008520d010e02090308010104020210030b01070200000000000000000000000000000000521e0031112b331d1302b20c0102062600000000000000000000000d00000000000000000000000000000000000000b6ed1c00007601000000000000000000000000000000000000000000000000000000000000000000000000000000
1353,朱讚,82,38,11:4 6:1 3:2 8:1 5:3 14:2 2:1 18:1 17:1,4905000004a6b6c667000000000000e7da419c00000000000000000000000000000000000000000000000000000000000000000000000000000000000000008000004b0b0406010302080105030e0202011201110100000000000000000000000000000000521c003111242f1d1302b80b0102062600000000000000000000000a00000000000000000000000000000000000000b6ed1c00007601000000000000000000000000000000000000000000000000000000000000000000000000000000
1354,呂岱,82,110,8:1 2:2 7:3 9:4 5:1 16:3 1:2 14:4 18:1,4a05000004a766a9a7000000000000f8da4e9c00000000000000000000000000000000000000000000000000000000000000000000000000000000000000008000d06b08010202070309040501100301020e041201000000000000000000000000000000005224002c13493c201102a00f0105066e00000000000000000000001100000000000000000000000000000000000000b6622000003801000000000000000000000000000000000000000000000000000000000000000000000000000000
1355,曹仁,83,37,17:1 2:1 10:1 18:1 13:2 14:3 8:1 9:3 16:2,4b05000004b1e4a4af0000000000000c522c4e000000000000000000000000000000000000000000000000000000000000000000000000000000000000000080001c70110102010a0112010d020e03080109031002000000000000000000000000000000005325003211303f1d13021d100b02062500000000000000000000000e00000000000000000000000000000000000000b78d1d00007d01000000000000000000000000000000000000000000000000000000000000000000000000000000
1356,周倉,83,36,11:4 13:1 17:1 9:2 7:3 5:2 4:2 12:1 3:3,4c05000004a950addc0000000000003452524e00000000000000000000000000000000000000000000000000000000000000000000000000000000000000008000004b0b040d01110109020703050204020c01030300000000000000000000000000000000531c003211172f1d1302b80b0b02062400000000000000000000000600000000000000000000000000000000000000b78d1d00007d01000000000000000000000000000000000000000000000000000000000000000000000000000000
1357,周瑜,83,255,15:3 2:4 18:1 10:1 3:4 17:4 6:1 12:3 9:2,4d05000004a950b7ec0000000000002d52444e00000000000000000000000000000000000000000000000000000000000000000000000000000000000000008000a8de0f03020412010a010304110406010c03090200000000000000000000000000000000533a002d135561211102581b0d0506ff00000000000000000000001900000000000000000000000000000000000000b7202100003e01000000000000000000000000000000000000000000000000000000000000000000000000000000
1358,關興,83,109,14:4 3:3 2:1 4:2 6:1 9:1 12:1 7:3 10:1,4e05000004c3f6bfb300000000000011524f4e00000000000000000000000000000000000000000000000000000000000000000000000000000000000000008000d06b0e04030302010402060109010c0107030a01000000000000000000000000000000005324003211203d1d1302a00f0b02066d00000000000000000000001000000000000000000000000000000000000000b78d1d00007d01000000000000000000000000000000000000000000000000000000000000000000000000000000
1359,北宮玉,83,38,7:1 9:1 10:2 1:4 5:1 16:1 3:3 2:1 14:3,4f05000006a55fae63a5c900000000d8da4a9c000000000000000000000000000000000000000000000000000000000000000000000000000000000000000080000852070109010a02010405011001030302010e0300000000000000000000000000000000531e00321128331d1302b20c0102062600000000000000000000000d00000000000000000000000000000000000000b78d1d00007d01000000000000000000000000000000000000000000000000000000000000000000000000000000
1360,伍延,83,38,10:2 3:3 4:1 11:4 14:2 9:1 17:1 18:1 13:4,5005000004a5eea9b50000000000001152529c00000000000000000000000000000000000000000000000000000000000000000000000000000000000000008000b4780a02030304010b040e020901110112010d0400000000000000000000000000000000532700321132421d130217110102062600000000000000000000000e00000000000000000000000000000000000000b78d1d00007d01000000000000000000000000000000000000000000000000000000000000000000000000000000
1361,胡淵,83,39,13:4 14:3 2:3 8:2 17:1 10:2 11:4 15:2 6:1,5105000004ad4ab257000000000000d0da4c9c0000000000000000000000000000000000000000000000000000000000000000000000000000000000000000800028870d040e030203080211010a020b040f02060100000000000000000000000000000000532a0032112e461d130224130102062700000000000000000000000f00000000000000000000000000000000000000b78d1d00007d01000000000000000000000000000000000000000000000000000000000000000000000000000000
1362,秦朗,83,37,11:2 5:1 9:2 1:1 4:4 15:1 7:3 2:1 10:1,5205000004afb3aed4000000000000c5da519c00000000000000000000000000000000000000000000000000000000000000000000000000000000000000008000e02e0b0205010902010104040f01070302010a01000000000000000000000000000000005314001e2a1a22171b02d0070201062500000000000000000000000b00000000000000000000000000000000000000b7771500004403000000000000000000000000000000000000000000000000000000000000000000000000000000
1363,張球,83,39,15:2 12:1 17:1 8:3 2:2 11:2 4:1 3:3 1:1,5305000004b169b2790000000000001ddb729c00000000000000000000000000000000000000000000000000000000000000000000000000000000000000008000844e0f020c011101080302020b0204010303010100000000000000000000000000000000531d00321120311d1302350c0102062700000000000000000000000c00000000000000000000000000000000000000b78d1d00007d01000000000000000000000000000000000000000000000000000000000000000000000000000000
1364,龐會,83,39,17:1 3:2 15:1 14:2 10:2 16:1 8:3 6:1 7:2,5405000004c365b77c000000000000c3da479c000000000000000000000000000000000000000000000000000000000000000000000000000000000000000080006874110103020f010e020a02100108030601070200000000000000000000000000000000532600321131401d13021d100102062700000000000000000000000e00000000000000000000000000000000000000b78d1d00007d01000000000000000000000000000000000000000000000000000000000000000000000000000000
1365,劉備,84,109,11:2 10:1 15:1 5:3 6:1 3:4 12:2 16:4 7:4,5505000004bc42b3c60000000000002e52464e0000000000000000000000000000000000000000000000000000000000000000000000000000000000000000800060ea0b020a010f010503060103040c021004070400000000000000000000000000000000543c0022184c64143201581b0c04066d00000000000000000000001200000000000000000000000000000000000000b83c190000e103000000000000000000000000000000000000000000000000000000000000000000000000000000
1366,沙摩柯,84,4,7:3 2:1 4:1 12:1 6:1 1:3 13:2 17:2 11:1,5605000006a846bcafac5f0000000017dbbc0000000000000000000000000000000000000000000000000000000000000000000000000000000000000000008000f0230703020104010c01060101030d0211020b01000000000000000000000000000000005410003211061c1e1302d0070102060400000000000000000000000200000000000000000000000000000000000000b82d1e00008401000000000000000000000000000000000000000000000000000000000000000000000000000000
1367,嚴政,84,45,6:1 1:3 4:2 14:3 17:2 12:1 9:4 15:1 13:2,5705000004c459ac46000000000000e8da429c0000000000000000000000000000000000000000000000000000000000000000000000000000000000000000800094110601010304020e0311020c0109040f010d020000000000000000000000000000000054090032110b101e1302d0070102062d00000000000000000000000d00000000000000000000000000000000000000b82d1e00008401000000000000000000000000000000000000000000000000000000000000000000000000000000
1368,關索,84,37,6:1 11:1 2:3 9:2 8:2 12:1 15:1 13:1 1:1,5805000004c3f6afc100000000000009524d4e000000000000000000000000000000000000000000000000000000000000000000000000000000000000000080001c7006010b010203090208020c010f010d010101000000000000000000000000000000005425003211113e1e13021d100b02062500000000000000000000000e00000000000000000000000000000000000000b82d1e00008401000000000000000000000000000000000000000000000000000000000000000000000000000000
1369,張苞,84,37,11:2 5:1 1:2 18:1 13:2 9:3 4:1 15:1 14:1,5905000004b169ad630000000000000c524e4e00000000000000000000000000000000000000000000000000000000000000000000000000000000000000008000f03c0b020501010212010d02090304010f010e010000000000000000000000000000000054180032111f291e1302c4090b02062500000000000000000000000a00000000000000000000000000000000000000b82d1e00008401000000000000000000000000000000000000000000000000000000000000000000000000000000
1370,俄何燒戈,84,4,17:1 14:3 7:2 12:1 18:1 11:4 15:1 6:1 5:1,5a05000008ab58a6f3bf4ea4e0000053cb6b9c00000000000000000000000000000000000000000000000000000000000000000000000000000000000000008000c40911010e0307020c0112010b040f01060105010000000000000000000000000000000054050032110f091e1302d0070102060400000000000000000000000200000000000000000000000000000000000000b82d1e00008401000000000000000000000000000000000000000000000000000000000000000000000000000000
1371,典滿,84,33,8:3 12:1 7:1 5:3 17:1 10:1 13:4 1:3 14:1,5b05000004a8e5baa1000000000000fbda539c00000000000000000000000000000000000000000000000000000000000000000000000000000000000000008000085208030c010701050311010a010d0401030e0100000000000000000000000000000000541e00321126321e1302b20c0102062100000000000000000000000b00000000000000000000000000000000000000b82d1e00008401000000000000000000000000000000000000000000000000000000000000000000000000000000
1372,張純,84,109,14:2 7:4 11:2 18:2 10:1 12:1 17:1 1:2 4:2,5c05000004b169afc2000000000000ccda449c0000000000000000000000000000000000000000000000000000000000000000000000000000000000000000800074400e0207040b0212020a010c01110101020402000000000000000000000000000000005419001f2a242b171b02410a0201066d00000000000000000000001100000000000000000000000000000000000000b8f41500005a03000000000000000000000000000000000000000000000000000000000000000000000000000000
1373,陳到,84,39,7:4 18:2 16:3 10:1 6:2 9:2 11:1 14:2 3:3,5d05000004b3afa8ec0000000000000952519c00000000000000000000000000000000000000000000000000000000000000000000000000000000000000008000b4780704120210030a01060209020b010e020303000000000000000000000000000000005427001f2a3042171b0217110201062700000000000000000000000e00000000000000000000000000000000000000b8f41500005a03000000000000000000000000000000000000000000000000000000000000000000000000000000
1374,胡車兒,85,37,13:2 2:1 9:4 1:1 7:2 10:1 5:2 15:1 11:4,5e05000006ad4aa8aea8e000000000f8da6c000000000000000000000000000000000000000000000000000000000000000000000000000000000000000000800068290d0202010904010107020a0105020f010b04000000000000000000000000000000005512003311091f1e1302d0070102062500000000000000000000000d00000000000000000000000000000000000000b9cd1e00008b01000000000000000000000000000000000000000000000000000000000000000000000000000000
1375,朱桓,85,103,8:2 12:1 16:2 2:1 4:2 9:1 7:2 17:2 15:1,5f05000004a6b6aed90000000000000a52e50000000000000000000000000000000000000000000000000000000000000000000000000000000000000000008000b47808020c011002020104020901070211020f010000000000000000000000000000000055270033113c411e130217110102066700000000000000000000001000000000000000000000000000000000000000b9cd1e00008b01000000000000000000000000000000000000000000000000000000000000000000000000000000
1376,高昇,85,5,4:1 17:1 6:1 14:3 2:3 18:1 11:4 5:2 3:3,6005000004b0aaaa400000000000001452539c00000000000000000000000000000000000000000000000000000000000000000000000000000000000000008000242c0401110106010e03020312010b04050203030000000000000000000000000000000055130033110c211e1302d0070102060500000000000000000000000800000000000000000000000000000000000000b9cd1e00008b01000000000000000000000000000000000000000000000000000000000000000000000000000000
1377,陳泰,85,237,18:3 13:1 14:1 11:1 6:3 5:2 12:4 8:1 9:2,6105000004b3afaef50000000000000c522100000000000000000000000000000000000000000000000000000000000000000000000000000000000000000080001c7012030d010e010b01060305020c040801090200000000000000000000000000000000552500271d463e191d011d10010606ed00000000000000000000001300000000000000000000000000000000000000b90d1b00009e02000000000000000000000000000000000000000000000000000000000000000000000000000000
1378,王平,85,45,1:4 17:2 8:1 9:4 4:1 7:3 14:3 13:2 5:1,6205000004a4fda5ad000000000000ccda31000000000000000000000000000000000000000000000000000000000000000000000000000000000000000000800084670104110208010904040107030e030d020501000000000000000000000000000000005523003311313b1e1302230f0102062d00000000000000000000000f00000000000000000000000000000000000000b9cd1e00008b01000000000000000000000000000000000000000000000000000000000000000000000000000000
1379,夏侯威,85,101,11:2 8:1 9:4 2:3 1:2 6:1 5:2 12:1 15:1,6305000006ae4cab4aabc20000000010523c0000000000000000000000000000000000000000000000000000000000000000000000000000000000000000008000d06b0b020801090402030102060105020c010f01000000000000000000000000000000005524003311363d1e1302a00f0102066500000000000000000000000f00000000000000000000000000000000000000b9cd1e00008b01000000000000000000000000000000000000000000000000000000000000000000000000000000
1380,司馬炎,85,101,17:1 18:1 12:1 13:2 15:3 6:2 14:1 2:4 7:1,6405000006a571b0a8aaa20000000001db709c0000000000000000000000000000000000000000000000000000000000000000000000000000000000000000800080bb110112010c010d020f0306020e01020407010000000000000000000000000000000055340022192657143301581b0104066500000000000000000000001200000000000000000000000000000000000000b9c8190000fc03000000000000000000000000000000000000000000000000000000000000000000000000000000
1381,文虎,85,37,13:4 12:1 6:1 1:1 14:1 7:2 11:3 16:1 2:2,6505000004a4e5aaea0000000000001352509c00000000000000000000000000000000000000000000000000000000000000000000000000000000000000008000ec5e0d040c01060101010e0107020b03100102020000000000000000000000000000000055210033112b371e1302290e0102062500000000000000000000000c00000000000000000000000000000000000000b9cd1e00008b01000000000000000000000000000000000000000000000000000000000000000000000000000000
1382,王淩,85,237,2:3 3:3 8:1 9:4 7:3 6:1 13:2 4:1 15:1,6605000004a4fdd5e60000000000000bdb439c000000000000000000000000000000000000000000000000000000000000000000000000000000000000000080008ca00203030308010904070306010d0204010f0100000000000000000000000000000000552f002e13534f2211020c17010506ed00000000000000000000001300000000000000000000000000000000000000b99c2200004a01000000000000000000000000000000000000000000000000000000000000000000000000000000
1383,荀愷,85,109,8:3 14:3 6:1 16:1 3:3 12:2 9:1 1:2 13:1,6705000004affbb75f000000000000c6da499c00000000000000000000000000000000000000000000000000000000000000000000000000000000000000008000a05a08030e030601100103030c02090101020d0100000000000000000000000000000000552000331119361e1302ac0d0102066d00000000000000000000000f00000000000000000000000000000000000000b9cd1e00008b01000000000000000000000000000000000000000000000000000000000000000000000000000000
1384,鄂煥,85,37,5:4 14:2 6:1 15:1 13:1 11:3 3:1 18:2 7:2,6805000004b66bb7d8000000000000c1da479c00000000000000000000000000000000000000000000000000000000000000000000000000000000000000008000004b05040e0206010f010d010b0303011202070200000000000000000000000000000000551c00331117301e1302b80b0102062500000000000000000000000b00000000000000000000000000000000000000b9cd1e00008b01000000000000000000000000000000000000000000000000000000000000000000000000000000
1385,鮑忠,85,37,15:2 4:1 6:1 5:3 17:1 1:4 11:1 7:1 2:3,6905000004c06aa9be000000000000cdda449c00000000000000000000000000000000000000000000000000000000000000000000000000000000000000008000ec5e0f02040106010503110101040b01070102030000000000000000000000000000000055210033112f381e1302290e0102062500000000000000000000000c00000000000000000000000000000000000000b9cd1e00008b01000000000000000000000000000000000000000000000000000000000000000000000000000000
1386,呂蒙,86,255,2:2 18:1 10:4 8:2 12:3 16:1 3:2 7:1 6:1,6a05000004a766bb5800000000000013523f4e000000000000000000000000000000000000000000000000000000000000000000000000000000000000000080008ca0020212010a0408020c03100103020701060100000000000000000000000000000000562f002f134e4f2212020c17010506ff00000000000000000000001700000000000000000000000000000000000000ba642300005001000000000000000000000000000000000000000000000000000000000000000000000000000000
1387,馬騰,86,44,10:1 14:3 1:4 13:2 5:1 11:3 12:1 2:3 17:1,6b05000004b0a8c4cb0000000000001152584e000000000000000000000000000000000000000000000000000000000000000000000000000000000000000080003c8c0a010e0301040d0205010b030c010203110100000000000000000000000000000000562b0034122b481e1302ec130b02062c00000000000000000000000c00000000000000000000000000000000000000ba771f00009201000000000000000000000000000000000000000000000000000000000000000000000000000000
1388,公孫瓚,86,37,8:1 14:4 16:1 1:3 5:1 3:3 11:4 18:1 10:1,6c05000006a4bdae5dc5d00000000008db549c00000000000000000000000000000000000000000000000000000000000000000000000000000000000000008000b47808010e0410010103050103030b0412010a010000000000000000000000000000000056270034122a411e130217110102062500000000000000000000000e00000000000000000000000000000000000000ba771f00009201000000000000000000000000000000000000000000000000000000000000000000000000000000
1389,張舉,86,109,12:3 5:3 7:2 3:2 2:1 15:1 16:4 4:1 10:1,6d05000004b169c17c000000000000eada459c000000000000000000000000000000000000000000000000000000000000000000000000000000000000000080001c700c0305030702030202010f01100404010a01000000000000000000000000000000005625001f2b303e171b021d100201066d00000000000000000000000f00000000000000000000000000000000000000baf81600008603000000000000000000000000000000000000000000000000000000000000000000000000000000
1390,鄧茂,87,1,4:1 11:3 10:1 14:4 16:2 7:2 1:3 12:1 3:3,6e05000004be48ad5a00000000000014524e9c00000000000000000000000000000000000000000000000000000000000000000000000000000000000000008000744004010b030a010e041002070201030c010303000000000000000000000000000000005719003412132a1f1402410a0102060100000000000000000000000600000000000000000000000000000000000000bb212000009901000000000000000000000000000000000000000000000000000000000000000000000000000000
1391,嚴輿,87,37,13:2 11:1 7:1 6:1 1:4 8:2 17:2 4:2 18:1,6f05000004c459c1d6000000000000f5da509c000000000000000000000000000000000000000000000000000000000000000000000000000000000000000080006c390d020b01070106010104080211020402120100000000000000000000000000000000571700341217271f14022e090102062500000000000000000000000a00000000000000000000000000000000000000bb212000009901000000000000000000000000000000000000000000000000000000000000000000000000000000
1392,軻比能,87,1,13:1 5:2 12:4 1:3 7:1 18:3 10:1 14:1 3:1,7005000006b661a4f1afe00000000017db719c00000000000000000000000000000000000000000000000000000000000000000000000000000000000000008000bc1b0d0105020c040103070112030a010e01030100000000000000000000000000000000570d00281d0d171a1d01d0070106060100000000000000000000000600000000000000000000000000000000000000bb431c0000c202000000000000000000000000000000000000000000000000000000000000000000000000000000
1393,諸葛誕,87,237,4:1 16:2 12:1 18:1 6:1 1:2 8:1 14:4 9:2,7105000006bdd1b8afbdcf00000000cbda220000000000000000000000000000000000000000000000000000000000000000000000000000000000000000008000789b040110020c0112010601010208010e04090200000000000000000000000000000000572e003412454e1f14024416010206ed00000000000000000000001200000000000000000000000000000000000000bb212000009901000000000000000000000000000000000000000000000000000000000000000000000000000000
1394,區星,87,37,7:2 11:4 12:1 2:2 4:1 1:2 9:1 5:4 8:1,7205000004b0cfac50000000000000f3da509c000000000000000000000000000000000000000000000000000000000000000000000000000000000000000080001c7007020b040c01020204010102090105040801000000000000000000000000000000005725003412233f1f14021d100102062500000000000000000000000b00000000000000000000000000000000000000bb212000009901000000000000000000000000000000000000000000000000000000000000000000000000000000
1395,穆順,87,36,5:1 11:2 18:2 2:1 13:3 3:2 1:3 7:2 14:2,7305000004bf70b6b6000000000000eada529c00000000000000000000000000000000000000000000000000000000000000000000000000000000000000008000682905010b02120202010d030302010307020e0200000000000000000000000000000000571200202c261e181c02d0070201062400000000000000000000000800000000000000000000000000000000000000bb7f1700009c03000000000000000000000000000000000000000000000000000000000000000000000000000000
1396,曹操,88,255,1:2 4:3 10:3 6:3 17:4 0:1 13:1 3:3 9:2,7405000004b1e4bede0000000000001d52214e00000000000000000000000000000000000000000000000000000000000000000000000000000000000000008000ccd8010204030a030603110400010d01030309020000000000000000000000000000000058390030146160231202581b0b0506ff00000000000000000000001800000000000000000000000000000000000000bcf42400005c01000000000000000000000000000000000000000000000000000000000000000000000000000000
1397,何進,88,37,8:2 14:1 9:1 15:1 11:3 2:2 1:3 7:1 13:2,7505000004a6f3b669000000000000fada539c0000000000000000000000000000000000000000000000000000000000000000000000000000000000000000800038c708020e0109010f010b030202010307010d02000000000000000000000000000000005836003512435b1f1402581b0102062500000000000000000000000b00000000000000000000000000000000000000bccb200000a001000000000000000000000000000000000000000000000000000000000000000000000000000000
1398,馬岱,88,37,14:3 13:2 5:1 15:1 8:2 6:1 9:1 18:1 4:2,7605000004b0a8a9a70000000000000c525c4e0000000000000000000000000000000000000000000000000000000000000000000000000000000000000000800014820e030d0205010f01080206010901120104020000000000000000000000000000000058290035122b451f14025c120b02062500000000000000000000000c00000000000000000000000000000000000000bccb200000a001000000000000000000000000000000000000000000000000000000000000000000000000000000
1399,郝昭,88,237,12:3 10:4 11:1 8:1 13:1 4:3 17:3 1:1 7:1,7705000004b071ac4c00000000000011522d4e00000000000000000000000000000000000000000000000000000000000000000000000000000000000000008000007d0c030a040b0108010d0104031103010107010000000000000000000000000000000058280030144e442312029411010506ed00000000000000000000001500000000000000000000000000000000000000bcf42400005c01000000000000000000000000000000000000000000000000000000000000000000000000000000
1400,宋謙,88,39,8:1 5:4 18:2 12:2 16:1 1:2 3:3 2:3 7:1,7805000004a7bac1be000000000000cbda449c000000000000000000000000000000000000000000000000000000000000000000000000000000000000000080001c700801050412020c0210010102030302030701000000000000000000000000000000005825003512303e1f14021d100102062700000000000000000000000e00000000000000000000000000000000000000bccb200000a001000000000000000000000000000000000000000000000000000000000000000000000000000000
1401,劉貴,88,39,9:1 4:1 10:2 5:3 17:1 1:2 18:2 3:3 2:2,7905000004bc42b651000000000000ebda459c00000000000000000000000000000000000000000000000000000000000000000000000000000000000000008000007d090104010a0205031101010212020303020200000000000000000000000000000000582800351232431f140294110102062700000000000000000000000e00000000000000000000000000000000000000bccb200000a001000000000000000000000000000000000000000000000000000000000000000000000000000000
1402,黃蓋,89,103,8:2 11:4 5:2 12:1 15:1 13:2 14:4 2:2 6:1,7a05000004b6c0bb5c0000000000002a523e4e000000000000000000000000000000000000000000000000000000000000000000000000000000000000000080003c8c08020b0405020c010f010d020e040202060100000000000000000000000000000000592b00351249481f1402ec130b02066700000000000000000000001000000000000000000000000000000000000000bd75210000a701000000000000000000000000000000000000000000000000000000000000000000000000000000
1403,程遠志,89,37,11:4 8:2 14:3 15:1 13:2 2:1 3:3 9:2 18:1,7b05000006b57bbbb7a7d3000000001052419c0000000000000000000000000000000000000000000000000000000000000000000000000000000000000000800074400b0408020e030f010d020201030309021201000000000000000000000000000000005919003512102b1f1402410a0102062500000000000000000000000b00000000000000000000000000000000000000bd75210000a701000000000000000000000000000000000000000000000000000000000000000000000000000000
1404,嚴白虎,89,37,8:2 13:1 16:1 3:1 4:2 9:2 18:1 17:2 1:2,7c05000006c459a5d5aaea00000000c3da479c00000000000000000000000000000000000000000000000000000000000000000000000000000000000000008000844e08020d01100103010402090212011102010200000000000000000000000000000000591d0035122c311f1402350c0102062500000000000000000000000c00000000000000000000000000000000000000bd75210000a701000000000000000000000000000000000000000000000000000000000000000000000000000000
1405,土安,89,32,7:3 4:2 15:1 13:2 5:1 6:1 18:1 16:3 3:2,7d05000004a467a6770000000000000952519c000000000000000000000000000000000000000000000000000000000000000000000000000000000000000080004416070304020f010d020501060112011003030200000000000000000000000000000000590b00351214131f1402d0070102062000000000000000000000000400000000000000000000000000000000000000bd75210000a701000000000000000000000000000000000000000000000000000000000000000000000000000000
1406,全懌,89,102,1:4 7:3 16:2 5:2 9:2 4:2 10:1 17:1 2:1,7e05000004a5fee97d000000000000f8da539c00000000000000000000000000000000000000000000000000000000000000000000000000000000000000008000d06b0104070310020502090204020a0111010201000000000000000000000000000000005924003512283d1f1402a00f0102066600000000000000000000001000000000000000000000000000000000000000bd75210000a701000000000000000000000000000000000000000000000000000000000000000000000000000000
1407,韓德,89,37,1:4 2:3 14:2 17:1 16:1 4:1 12:2 18:2 10:1,7f05000004c1fabc7700000000000016524d9c00000000000000000000000000000000000000000000000000000000000000000000000000000000000000008000844e010402030e021101100104010c0212020a0100000000000000000000000000000000591d00351224311f1402350c0102062500000000000000000000000a00000000000000000000000000000000000000bd75210000a701000000000000000000000000000000000000000000000000000000000000000000000000000000
1408,李嚴,90,111,16:1 7:2 5:2 8:1 9:2 6:1 1:2 13:2 14:4,8005000004a7f5c459000000000000d6da9000000000000000000000000000000000000000000000000000000000000000000000000000000000000000000080003c8c10010702050208010902060101020d020e04000000000000000000000000000000005a2b0036122b49201402ec130102066f00000000000000000000001400000000000000000000000000000000000000be1f220000ae01000000000000000000000000000000000000000000000000000000000000000000000000000000
1409,丁原,90,39,2:3 3:1 14:4 15:1 16:3 5:1 8:1 17:1 7:2,8105000004a442adec000000000000fbda4e9c000000000000000000000000000000000000000000000000000000000000000000000000000000000000000080001482020303010e040f0110030501080111010702000000000000000000000000000000005a2900361230452014025c120102062700000000000000000000000e00000000000000000000000000000000000000be1f220000ae01000000000000000000000000000000000000000000000000000000000000000000000000000000
1410,鄧忠,90,45,18:1 12:1 16:1 17:1 15:1 1:1 9:2 11:4 3:1,8205000004be48a9be000000000000d3da4c9c00000000000000000000000000000000000000000000000000000000000000000000000000000000000000008000687412010c01100111010f01010109020b040301000000000000000000000000000000005a2600361231402014029a100102062d00000000000000000000000f00000000000000000000000000000000000000be1f220000ae01000000000000000000000000000000000000000000000000000000000000000000000000000000
1411,文鴦,90,37,8:1 5:2 9:3 12:1 13:1 7:3 15:1 1:2 2:1,8305000004a4e5c06d000000000000e6da419c000000000000000000000000000000000000000000000000000000000000000000000000000000000000000080007c470801050209030c010d0107030f0101020201000000000000000000000000000000005a1b003612202d2014023b0b0102062500000000000000000000000900000000000000000000000000000000000000be1f220000ae01000000000000000000000000000000000000000000000000000000000000000000000000000000
1412,方悅,90,38,17:1 9:1 3:3 5:4 12:2 11:1 2:3 1:2 8:3,8405000004a4e8aeae000000000000f9da539c00000000000000000000000000000000000000000000000000000000000000000000000000000000000000008000d06b11010901030305040c020b01020301020803000000000000000000000000000000005a24003612383d201402a00f0102062600000000000000000000000d00000000000000000000000000000000000000be1f220000ae01000000000000000000000000000000000000000000000000000000000000000000000000000000
1413,俞涉,90,36,6:1 12:2 5:3 1:2 2:3 11:1 14:2 10:2 9:1,8505000004ab5caf41000000000000c3da519c00000000000000000000000000000000000000000000000000000000000000000000000000000000000000008000744006010c020503010202030b010e020a020901000000000000000000000000000000005a19003612232b201402410a0102062400000000000000000000000900000000000000000000000000000000000000be1f220000ae01000000000000000000000000000000000000000000000000000000000000000000000000000000
1414,嚴顏,91,109,8:1 15:1 11:2 3:1 14:3 4:1 2:3 10:1 18:1,8605000004c459c34300000000000017527e00000000000000000000000000000000000000000000000000000000000000000000000000000000000000000080003c8c08010f010b0203010e03040102030a011201000000000000000000000000000000005b2b0037133c49201502ec130102066d00000000000000000000001000000000000000000000000000000000000000bfd3220000b501000000000000000000000000000000000000000000000000000000000000000000000000000000
1415,孟獲,91,44,9:1 2:3 17:2 14:3 13:2 16:1 11:1 6:1 7:2,8705000004a973c0f2000000000000f9da99000000000000000000000000000000000000000000000000000000000000000000000000000000000000000000800014820901020311020e030d0210010b0106010702000000000000000000000000000000005b2900371309452015025c120102062c00000000000000000000000a00000000000000000000000000000000000000bfd3220000b501000000000000000000000000000000000000000000000000000000000000000000000000000000
1416,兀突骨,91,4,12:1 6:1 3:3 5:2 4:2 1:3 11:2 15:1 2:2,8805000006a461acf0b0a900000000fcda539c00000000000000000000000000000000000000000000000000000000000000000000000000000000000000008000781e0c01060103030502040201030b020f010202000000000000000000000000000000005b0e0037130318201502d0070102060400000000000000000000000200000000000000000000000000000000000000bfd3220000b501000000000000000000000000000000000000000000000000000000000000000000000000000000
1417,奚泥,91,32,8:2 12:1 15:1 10:1 7:3 9:4 5:2 11:4 18:1,8905000004ae4faa64000000000000ebda459c00000000000000000000000000000000000000000000000000000000000000000000000000000000000000008000881308020c010f010a010703090405020b041201000000000000000000000000000000005b0a0037131911201502d0070102062000000000000000000000000300000000000000000000000000000000000000bfd3220000b501000000000000000000000000000000000000000000000000000000000000000000000000000000
1418,祝融夫人,91,8,14:1 15:1 2:2 18:1 10:1 7:3 13:2 12:1 17:2,8a05000008afacbfc4a4d2a448000020db8f9c0000000000000000000000000000000000000000000000000000000000000000000000000000000000000000800054560e010f01020212010a0107030d020c011102000000000000000000000000000000005b1f00371306352015022f0d0102060800000000000000000000000400000000000000000000000000000000000000bfd3220000b501000000000000000000000000000000000000000000000000000000000000000000000000000000
1419,徐堅,91,109,14:1 1:1 9:2 15:2 18:4 8:1 11:3 3:1 13:1,8b05000004ae7db0ed000000000000deda649c0000000000000000000000000000000000000000000000000000000000000000000000000000000000000000800028870e01010109020f02120408010b0303010d01000000000000000000000000000000005b2a00251a414615370124130304066d00000000000000000000001100000000000000000000000000000000000000bf511d0000a404000000000000000000000000000000000000000000000000000000000000000000000000000000
1420,楊任,91,39,11:4 3:2 4:1 1:3 7:1 13:2 10:1 17:1 6:1,8c05000004b7a8a5f40000000000000bdb549c00000000000000000000000000000000000000000000000000000000000000000000000000000000000000008000ec5e0b0403020401010307010d020a0111010601000000000000000000000000000000005b210037132d38201502290e0102062700000000000000000000000d00000000000000000000000000000000000000bfd3220000b501000000000000000000000000000000000000000000000000000000000000000000000000000000
1421,蔡陽,91,37,13:1 7:2 15:2 12:1 5:3 17:1 10:2 6:1 8:3,8d05000004bdb2b6a70000000000000ddb679c0000000000000000000000000000000000000000000000000000000000000000000000000000000000000000800008520d0107020f020c01050311010a0206010803000000000000000000000000000000005b1e0037132832201502b20c0102062500000000000000000000000b00000000000000000000000000000000000000bfd3220000b501000000000000000000000000000000000000000000000000000000000000000000000000000000
1422,華雄,92,4,7:2 13:1 12:1 4:2 18:1 3:1 5:2 11:3 1:4,8e05000004b5d8b6af0000000000003c526a4e00000000000000000000000000000000000000000000000000000000000000000000000000000000000000008000342107020d010c0104021201030105020b030104000000000000000000000000000000005c0f0037130e19201502d0070b02060400000000000000000000000500000000000000000000000000000000000000c087230000bc01000000000000000000000000000000000000000000000000000000000000000000000000000000
1423,紀靈,92,33,16:2 9:4 2:2 17:2 4:2 8:2 18:1 5:1 6:1,8f05000004acf6c6460000000000000d525f4e00000000000000000000000000000000000000000000000000000000000000000000000000000000000000008000f023100209040202110204020802120105010601000000000000000000000000000000005c10003713221c201502d0070b02062100000000000000000000000700000000000000000000000000000000000000c087230000bc01000000000000000000000000000000000000000000000000000000000000000000000000000000
1424,王濬,92,110,18:1 17:2 10:1 14:1 15:1 7:2 2:1 1:4 4:2,9005000004a4fdc0e0000000000000edda2900000000000000000000000000000000000000000000000000000000000000000000000000000000000000000080006496120111020a010e010f010702020101040402000000000000000000000000000000005c2d003713394b2015027c150102066e00000000000000000000001300000000000000000000000000000000000000c087230000bc01000000000000000000000000000000000000000000000000000000000000000000000000000000
1425,曹彰,92,33,6:1 4:2 9:4 15:1 2:3 16:2 10:1 1:3 7:3,9105000004b1e4b9fc0000000000000952234e0000000000000000000000000000000000000000000000000000000000000000000000000000000000000000800064960601040209040f01020310020a0101030703000000000000000000000000000000005c2d003713124c2015027c150b02062100000000000000000000000800000000000000000000000000000000000000c087230000bc01000000000000000000000000000000000000000000000000000000000000000000000000000000
1426,周泰,92,37,18:1 12:1 17:2 4:1 14:2 13:1 8:1 15:1 2:3,9205000004a950aef50000000000001a523b4e00000000000000000000000000000000000000000000000000000000000000000000000000000000000000008000d06b12010c01110204010e020d0108010f010203000000000000000000000000000000005c24003713323c201502a00f0b02062500000000000000000000000e00000000000000000000000000000000000000c087230000bc01000000000000000000000000000000000000000000000000000000000000000000000000000000
1427,周旨,92,37,10:2 6:1 11:1 5:4 17:1 18:2 1:1 2:3 3:1,9305000004a950a6ae000000000000e9da459c0000000000000000000000000000000000000000000000000000000000000000000000000000000000000000800054560a0206010b01050411011202010102030301000000000000000000000000000000005c1f0037132b342015022f0d0102062500000000000000000000000b00000000000000000000000000000000000000c087230000bc01000000000000000000000000000000000000000000000000000000000000000000000000000000
1428,張寶,93,245,11:3 3:3 15:1 2:1 4:1 7:2 8:1 14:1 17:2,9405000004b169c45f0000000000001a52719c0000000000000000000000000000000000000000000000000000000000000000000000000000000000000000800038c70b0303030f0102010401070208010e011102000000000000000000000000000000005d360038132a5b211502581b010206f500000000000000000000001300000000000000000000000000000000000000c13b240000c301000000000000000000000000000000000000000000000000000000000000000000000000000000
1429,管亥,93,36,13:1 5:2 16:3 2:3 7:2 10:1 15:1 8:2 1:3,9505000004badea5e800000000000011db6e9c00000000000000000000000000000000000000000000000000000000000000000000000000000000000000008000f0230d0105021003020307020a010f0108020103000000000000000000000000000000005d100038130b1b211502d0070102062400000000000000000000000600000000000000000000000000000000000000c13b240000c301000000000000000000000000000000000000000000000000000000000000000000000000000000
1430,鄧艾,93,255,16:2 12:4 14:1 11:1 17:1 15:2 18:1 10:2 8:1,9605000004be48a6e3000000000000f2da1c0000000000000000000000000000000000000000000000000000000000000000000000000000000000000000008000509110020c040e010b0111010f0212010a020801000000000000000000000000000000005d2c001e34554a171b01b414040306ff00000000000000000000001800000000000000000000000000000000000000c1b01800008804000000000000000000000000000000000000000000000000000000000000000000000000000000
1431,夏侯霸,93,45,7:2 17:1 8:2 16:2 15:1 6:1 18:1 5:2 11:2,9705000006ae4cab4ac5510000000002db3000000000000000000000000000000000000000000000000000000000000000000000000000000000000000000080001c7007021101080210020f010601120105020b02000000000000000000000000000000005d25003813433e2115021d100102062d00000000000000000000000f00000000000000000000000000000000000000c13b240000c301000000000000000000000000000000000000000000000000000000000000000000000000000000
1432,冷苞,93,37,18:1 5:4 15:2 1:3 17:1 14:1 12:2 4:1 3:3,9805000004a74ead630000000000001652489c00000000000000000000000000000000000000000000000000000000000000000000000000000000000000008000e835120105040f02010311010e010c0204010303000000000000000000000000000000005d160038132a26211502ca080102062500000000000000000000000f00000000000000000000000000000000000000c13b240000c301000000000000000000000000000000000000000000000000000000000000000000000000000000
1433,王雙,94,4,11:1 16:2 7:1 6:1 3:2 14:1 10:1 1:3 2:1,9905000004a4fdc2f9000000000000fcda54000000000000000000000000000000000000000000000000000000000000000000000000000000000000000000800044160b0110020701060103020e010a0101030201000000000000000000000000000000005e0b0038130e13211502d0070102060400000000000000000000000200000000000000000000000000000000000000c2ef240000ca01000000000000000000000000000000000000000000000000000000000000000000000000000000
1434,姜維,94,255,5:1 6:3 12:2 1:2 14:1 7:1 13:2 2:3 17:3,9a05000004abb8bafb0000000000001352504e000000000000000000000000000000000000000000000000000000000000000000000000000000000000000080003c8c050106030c0201020e0107010d0202031103000000000000000000000000000000005e2b0033154849251302ec13010506ff00000000000000000000001700000000000000000000000000000000000000c2cc2900008001000000000000000000000000000000000000000000000000000000000000000000000000000000
1435,董卓,95,37,18:1 3:2 12:1 6:1 4:1 2:3 13:2 16:3 1:2,9b05000004b8b3a8f40000000000003f520e4f000000000000000000000000000000000000000000000000000000000000000000000000000000000000000080003863120103020c010601040102030d0210030102000000000000000000000000000000005f220039130b39211502a60e0102062500000000000000000000000c00000000000000000000000000000000000000c3a3250000d101000000000000000000000000000000000000000000000000000000000000000000000000000000
1436,張梁,95,117,11:2 6:1 10:1 12:1 9:3 4:2 8:1 18:1 2:3,9c05000004b169b1e70000000000001fdb729c000000000000000000000000000000000000000000000000000000000000000000000000000000000000000080005cc10b0206010a010c0109030402080112010203000000000000000000000000000000005f350039132e59211502581b0102067500000000000000000000001000000000000000000000000000000000000000c3a3250000d101000000000000000000000000000000000000000000000000000000000000000000000000000000
1437,徐晃,96,45,9:4 8:2 15:1 2:3 12:1 10:1 11:2 13:2 14:4,9d05000004ae7daecc0000000000002152284e00000000000000000000000000000000000000000000000000000000000000000000000000000000000000008000ec5e090408020f0102030c010a010b020d020e04000000000000000000000000000000006021003a142f37221602290e0b02062d00000000000000000000000f00000000000000000000000000000000000000c461260000d801000000000000000000000000000000000000000000000000000000000000000000000000000000
1438,張遼,97,229,3:2 7:2 4:1 17:1 16:3 12:1 6:1 13:1 5:1,9e05000004b169bff10000000000003a52684e000000000000000000000000000000000000000000000000000000000000000000000000000000000000000080005091030207020401110110030c0106010d01050100000000000000000000000000000000612c003a14444a221602b4140b0206e500000000000000000000001400000000000000000000000000000000000000c51f270000df01000000000000000000000000000000000000000000000000000000000000000000000000000000
1439,夏侯淵,97,45,8:2 16:3 9:3 15:1 5:2 7:2 4:1 11:4 17:2,9f05000006ae4cab4ab257000000002252294e0000000000000000000000000000000000000000000000000000000000000000000000000000000000000000800028870802100309030f010502070204010b04110200000000000000000000000000000000612a003a142c4622160224130b02062d00000000000000000000000f00000000000000000000000000000000000000c51f270000df01000000000000000000000000000000000000000000000000000000000000000000000000000000
1440,孫堅,97,110,5:1 11:4 13:1 8:2 14:4 7:3 2:1 4:2 10:1,a005000004ae5db0ed0000000000002552364e00000000000000000000000000000000000000000000000000000000000000000000000000000000000000008000a4b505010b040d0108020e040703020104020a01000000000000000000000000000000006133003a143256221602581b0b02066e00000000000000000000001100000000000000000000000000000000000000c51f270000df01000000000000000000000000000000000000000000000000000000000000000000000000000000
1441,顏良,97,36,2:1 12:1 13:1 11:3 6:1 1:3 9:3 18:1 14:4,a105000004c343a87d0000000000001352644e00000000000000000000000000000000000000000000000000000000000000000000000000000000000000008000844e02010c010d010b0306010103090312010e0400000000000000000000000000000000611d003a141031221602350c0b02062400000000000000000000000800000000000000000000000000000000000000c51f270000df01000000000000000000000000000000000000000000000000000000000000000000000000000000
1442,張郃,98,37,7:1 14:1 16:3 13:2 11:3 1:2 6:1 8:2 3:3,a205000004b169ada80000000000000952664e00000000000000000000000000000000000000000000000000000000000000000000000000000000000000008000b47807010e0110030d020b030102060108020303000000000000000000000000000000006227003b14354122160217110b02062500000000000000000000000f00000000000000000000000000000000000000c6dd270000e601000000000000000000000000000000000000000000000000000000000000000000000000000000
1443,龐德,98,44,7:2 1:1 4:2 16:1 5:1 14:1 18:1 2:3 13:1,a305000004c365bc7700000000000009525b4e000000000000000000000000000000000000000000000000000000000000000000000000000000000000000080003863070201010402100105010e01120102030d01000000000000000000000000000000006222003b142e3a221602a60e0b02062c00000000000000000000000e00000000000000000000000000000000000000c6dd270000e601000000000000000000000000000000000000000000000000000000000000000000000000000000
1444,魏延,98,37,3:1 2:2 10:1 4:1 5:2 16:2 18:1 7:2 1:4,a405000004c351a9b50000000000000d524b4e000000000000000000000000000000000000000000000000000000000000000000000000000000000000000080000852030102020a0104010502100212010702010400000000000000000000000000000000621e003b141f32221602b20c0b02062500000000000000000000000e00000000000000000000000000000000000000c6dd270000e601000000000000000000000000000000000000000000000000000000000000000000000000000000
1445,孫策,98,111,2:3 4:2 7:1 3:1 1:4 11:3 13:2 10:1 15:1,a505000004ae5db5a60000000000002652374e00000000000000000000000000000000000000000000000000000000000000000000000000000000000000008000f0d2020304020701030101040b030d020a010f01000000000000000000000000000000006238003b143e5e221602581b0b02066f00000000000000000000001200000000000000000000000000000000000000c6dd270000e601000000000000000000000000000000000000000000000000000000000000000000000000000000
1446,文醜,98,4,5:2 9:1 3:2 12:1 13:1 11:3 8:1 14:3 17:2,a605000004a4e5c1e00000000000001a52654e0000000000000000000000000000000000000000000000000000000000000000000000000000000000000000800054560502090103020c010d010b0308010e03110200000000000000000000000000000000621f003b1408352216022f0d0b02060400000000000000000000000400000000000000000000000000000000000000c6dd270000e601000000000000000000000000000000000000000000000000000000000000000000000000000000
1447,夏侯惇,99,45,1:3 18:1 14:4 17:2 8:2 15:1 11:1 7:3 3:2,a705000006ae4cab4ab1ac000000001f52264e000000000000000000000000000000000000000000000000000000000000000000000000000000000000000080002887010312010e04110208020f010b010703030200000000000000000000000000000000632a003b14484623160224130b02062d00000000000000000000000f00000000000000000000000000000000000000c79b280000ed01000000000000000000000000000000000000000000000000000000000000000000000000000000
1448,黃忠,99,101,3:3 12:1 1:4 9:1 11:3 15:1 18:1 10:1 2:2,a805000004b6c0a9be00000000000011524c4e000000000000000000000000000000000000000000000000000000000000000000000000000000000000000080003c8c03030c01010409010b030f0112010a01020200000000000000000000000000000000632b003b144249231602ec130d02066500000000000000000000001000000000000000000000000000000000000000c79b280000ed01000000000000000000000000000000000000000000000000000000000000000000000000000000
1449,甘寧,100,102,18:1 11:3 15:1 16:2 8:1 3:1 12:1 6:1 4:1,a905000004a5ccb9e7000000000000394e394e00000000000000000000000000000000000000000000000000000000000000000000000000000000000000008000d06b12010b030f011002080103010c0106010401000000000000000000000000000000006424003c141b3d231702a00f0102066600000000000000000000001100000000000000000000000000000000000000c859290000f401000000000000000000000000000000000000000000000000000000000000000000000000000000
1450,雲玲,100,110,4:1 8:2 9:1 2:2 10:1 5:3 13:4 17:1 14:3,aa05000004b6b3acc200000000000024db799c00000000000000000000000000000000000000000000000000000000000000000000000000000000000000008000288704010802090102020a0105030d0411010e0300000000000000000000000000000000642a003c143c4623170224130102066e00000000000000000000001000000000000000000000000000000000000000c859290000f401000000000000000000000000000000000000000000000000000000000000000000000000000000
1451,太史慈,100,102,11:4 2:2 9:3 6:1 1:2 18:1 7:3 5:2 17:2,ab05000006a4d3a576b74f0000000028523a4e000000000000000000000000000000000000000000000000000000000000000000000000000000000000000080001c700b0402020903060101021201070305021102000000000000000000000000000000006425003c14333f2317021d100b02066600000000000000000000000f00000000000000000000000000000000000000c859290000f401000000000000000000000000000000000000000000000000000000000000000000000000000000
1452,典韋,100,36,1:2 16:2 9:4 3:3 15:1 14:1 7:2 2:2 12:1,ac05000004a8e5adb30000000000002052274e00000000000000000000000000000000000000000000000000000000000000000000000000000000000000008000004b01021002090403030f010e01070202020c0100000000000000000000000000000000641c003c141030231702b80b0b02062400000000000000000000000800000000000000000000000000000000000000c859290000f401000000000000000000000000000000000000000000000000000000000000000000000000000000
1453,許褚,100,4,14:3 3:3 15:1 2:2 1:4 7:2 8:2 16:1 6:1,ad05000004b35cbb750000000000001e52254e00000000000000000000000000000000000000000000000000000000000000000000000000000000000000008000d06b0e0303030f01020201040702080210010601000000000000000000000000000000006424003c140e3c231702a00f0b02060400000000000000000000000600000000000000000000000000000000000000c859290000f401000000000000000000000000000000000000000000000000000000000000000000000000000000
1454,馬超,100,33,18:1 8:2 1:1 14:3 15:1 2:3 4:1 7:2 5:1,ae05000004b0a8b65700000000000036525a4e00000000000000000000000000000000000000000000000000000000000000000000000000000000000000008000789b1201080201010e030f01020304010702050100000000000000000000000000000000642e003c141d4e23170244160b02062100000000000000000000000900000000000000000000000000000000000000c859290000f401000000000000000000000000000000000000000000000000000000000000000000000000000000
1455,趙雲,100,239,3:1 9:4 4:1 5:1 13:2 16:1 15:1 17:2 18:1,af05000004bbafb6b300000000000032524a4e0000000000000000000000000000000000000000000000000000000000000000000000000000000000000000800080bb03010904040105010d0210010f0111021201000000000000000000000000000000006434003c144858231702581b0b0206ef00000000000000000000001600000000000000000000000000000000000000c859290000f401000000000000000000000000000000000000000000000000000000000000000000000000000000
1456,關羽,100,231,9:4 6:1 13:2 16:3 10:1 8:2 15:1 14:3 7:1,b005000004c3f6a6d00000000000003052484e0000000000000000000000000000000000000000000000000000000000000000000000000000000000000000800014cd090406010d0210030a0108020f010e030701000000000000000000000000000000006437003c14445c231702581b0b0206e700000000000000000000001400000000000000000000000000000000000000c859290000f401000000000000000000000000000000000000000000000000000000000000000000000000000000
1457,張飛,100,164,9:3 1:4 11:3 17:2 6:1 18:1 16:1 12:1 2:2,b105000004b169adb80000000000003152494e000000000000000000000000000000000000000000000000000000000000000000000000000000000000000080006c39090301040b0311020601120110010c010202000000000000000000000000000000006417003c1414272317022e090b0206a400000000000000000000000c00000000000000000000000000000000000000c859290000f401000000000000000000000000000000000000000000000000000000000000000000000000000000
1458,呂布,100,64,5:2 14:2 8:1 7:1 9:3 2:3 12:1 15:1 11:1,b205000004a766a5ac0000000000003952674e00000000000000000000000000000000000000000000000000000000000000000000000000000000000000008000148205020e0208010701090302030c010f010b01000000000000000000000000000000006429003c1405452317025c120b02064000000000000000000000000500000000000000000000000000000000000000c859290000f401000000000000000000000000000000000000000000000000000000000000000000000000000000
1459,董卓,10,37,18:1 3:2 12:1 6:1 4:1 2:3 13:2 16:3 1:2,b305000004b8b3a8f400000000000040520e4f000000000000000000000000000000000000000000000000000000000000000000000000000000000000000080003863120103020c010601040102030d0210030102000000000000000000000000000000000a220006020b39050303a60e0102012500000000000000000000000c000000000000000000000000000000000000006eb90000001e00000000000000000000000000000000000000000000000000000000000000000000000000000000
1460,孫權,20,239,2:3 17:4 8:2 4:1 7:1 1:2 3:4 15:2 5:1,b405000004ae5dc5760000000000004752384e0000000000000000000000000000000000000000000000000000000000000000000000000000000000000000800014cd02031104080204010701010203040f020501000000000000000000000000000000001437000b054e5d090403581b0b0501ef00000000000000000000001500000000000000000000000000000000000000787b0200003200000000000000000000000000000000000000000000000000000000000000000000000000000000
1461,劉備,30,109,11:2 10:1 15:1 5:3 6:1 3:4 12:2 16:4 7:4,b505000004bc42b3c60000000000004252464e0000000000000000000000000000000000000000000000000000000000000000000000000000000000000000800060ea0b020a010f010503060103040c0210040704000000000000000000000000000000001e3c000c094c64081203581b0c04016d0000000000000000000000120000000000000000000000000000000000000082b6030000b900000000000000000000000000000000000000000000000000000000000000000000000000000000
1462,曹操,40,255,1:2 4:3 10:3 6:3 17:4 0:1 13:1 3:3 9:2,b605000004b1e4bede0000000000004152214e00000000000000000000000000000000000000000000000000000000000000000000000000000000000000008000ccd8010204030a030603110400010d01030309020000000000000000000000000000000028390016096160110803581b0b0501ff000000000000000000000018000000000000000000000000000000000000008c0c0800007800000000000000000000000000000000000000000000000000000000000000000000000000000000
1463,張遼,50,229,3:2 7:2 4:1 17:1 16:3 12:1 6:1 13:1 5:1,b705000004b169bff10000000000004d52684e000000000000000000000000000000000000000000000000000000000000000000000000000000000000000080005091030207020401110110030c0106010d01050100000000000000000000000000000000322c001e0a444a120b03b4140b0202e50000000000000000000000140000000000000000000000000000000000000096900b0000be00000000000000000000000000000000000000000000000000000000000000000000000000000000
1464,太史慈,60,102,11:4 2:2 9:3 6:1 1:2 18:1 7:3 5:2 17:2,b805000006a4d3a576b74f0000000049523a4e000000000000000000000000000000000000000000000000000000000000000000000000000000000000000080001c700b0402020903060101021201070305021102000000000000000000000000000000003c2500240c333f160e031d100b02026600000000000000000000000f00000000000000000000000000000000000000a08b100000f000000000000000000000000000000000000000000000000000000000000000000000000000000000
1465,趙雲,70,239,3:1 9:4 4:1 5:1 13:2 16:1 15:1 17:2 18:1,b905000004bbafb6b300000000000048524a4e0000000000000000000000000000000000000000000000000000000000000000000000000000000000000000800080bb03010904040105010d0210010f0111021201000000000000000000000000000000004634002a0e4858191003581b0b0202ef00000000000000000000001600000000000000000000000000000000000000aaea1500002c01000000000000000000000000000000000000000000000000000000000000000000000000000000
1466,關羽,80,231,9:4 6:1 13:2 16:3 10:1 8:2 15:1 14:3 7:1,ba05000004c3f6a6d00000000000004452484e0000000000000000000000000000000000000000000000000000000000000000000000000000000000000000800014cd090406010d0210030a0108020f010e030701000000000000000000000000000000005037003010445c1c1203581b0b0202e700000000000000000000001400000000000000000000000000000000000000b4ad1b00006801000000000000000000000000000000000000000000000000000000000000000000000000000000
1467,張飛,90,164,9:3 1:4 11:3 17:2 6:1 18:1 16:1 12:1 2:2,bb05000004b169adb80000000000004352494e000000000000000000000000000000000000000000000000000000000000000000000000000000000000000080006c39090301040b0311020601120110010c010202000000000000000000000000000000005a1700361214272014032e090b0202a400000000000000000000000c00000000000000000000000000000000000000be1f220000ae01000000000000000000000000000000000000000000000000000000000000000000000000000000
1468,呂布,100,64,5:2 14:2 8:1 7:1 9:3 2:3 12:1 15:1 11:1,bc05000004a766a5ac0000000000004552674e00000000000000000000000000000000000000000000000000000000000000000000000000000000000000008000148205020e0208010701090302030c010f010b01000000000000000000000000000000006429003c1405452317035c120b02024000000000000000000000000500000000000000000000000000000000000000c859290000f401000000000000000000000000000000000000000000000000000000000000000000000000000000
1469,論壇聯盟軍,10,37,18:1 3:2 12:1 6:1 4:1 2:3 13:2 16:3 1:2,bd0500000abdd7bec2c170b7f9ad784c525a4e000000000000000000000000000000000000000000000000000000000000000000000000000000000000000080003863120103020c010601040102030d0210030102000000000000000000000000000000000a220006020b39050303a60e0102012500000000000000000000000c000000000000000000000000000000000000006eb90000001e00000000000000000000000000000000000000000000000000000000000000000000000000000000
